book_name,page_number,line_number,line_data,x_min,y_min,x_max,y_max,angle
bhuvanabhanu,1,1,Jain Education,0.014,0.9725,0.1055,0.9845,0.0191
bhuvanabhanu,1,2,IMDAHNASA'S,0.1026,0.1576,0.3671,0.1885,0.0088
bhuvanabhanu,1,3,BHUVANABHANUKEVALICARIYA,0.1061,0.2018,0.8048,0.2374,0.0058
bhuvanabhanu,1,4,L. D. SERIES 54,0.0967,0.7441,0.2943,0.7578,0.0029
bhuvanabhanu,1,5,GENERAL EDITORS,0.0944,0.766,0.2535,0.7789,0.0073
bhuvanabhanu,1,6,DALSUKH MALVANIA,0.0956,0.7879,0.3572,0.8025,0.0045
bhuvanabhanu,1,7,NAGIN J. SHAH,0.0962,0.8119,0.2984,0.8252,0.0029
bhuvanabhanu,1,8,EDITED BY,0.5589,0.7699,0.6498,0.7806,0.0128
bhuvanabhanu,1,9,MUNI SHRI RAMNIKVIJAYAJI,0.5571,0.7905,0.9021,0.8064,0.0118
bhuvanabhanu,1,10,दलपत भाई,0.1037,0.9116,0.1451,0.9502,-0.9889
bhuvanabhanu,1,11,कालभा,0.1055,0.9545,0.1352,0.9811,-2.1401
bhuvanabhanu,1,12,भारतीय,0.1422,0.9107,0.1783,0.9227,0.0164
bhuvanabhanu,1,13,विद्यामंदिर,0.1836,0.9429,0.215,0.9807,1.8773
bhuvanabhanu,1,14,L. D. INSTITUTE OF INDOLOGY AHMEDABAD 9,0.2354,0.942,0.9138,0.9644,0.0112
bhuvanabhanu,1,15,For Private & Personal Use Only,0.4184,0.9742,0.6206,0.9854,0.0029
bhuvanabhanu,1,16,www.jainelibrary.org,0.8566,0.9755,0.986,0.985,0.0
bhuvanabhanu,2,1,IMDAHAMSA'S,0.204,0.1529,0.3934,0.179,0.0
bhuvanabhanu,2,2,BHUVANABHĀNUKEVALICARIYA,0.201,0.1941,0.7104,0.2331,0.0011
bhuvanabhanu,2,3,L. D. SERIES 54,0.1923,0.6174,0.3823,0.6325,0.0
bhuvanabhanu,2,4,GENERAL EDITORS,0.1888,0.6535,0.3601,0.6647,0.0
bhuvanabhanu,2,5,DALSUKH MALVANIA,0.1888,0.675,0.4545,0.6913,0.0
bhuvanabhanu,2,6,NAGIN J. SHAH,0.1888,0.699,0.3811,0.7166,0.0
bhuvanabhanu,2,7,EDITED BY,0.5373,0.617,0.6323,0.6282,0.0
bhuvanabhanu,2,8,MUNI SHRI RAMNIKVIJAYAJI,0.5373,0.638,0.9073,0.6578,0.0
bhuvanabhanu,2,9,L. D. INSTITUTE OF INDOLOGY AHMEDABAD-9,0.1859,0.8351,0.7855,0.8523,0.0
bhuvanabhanu,2,10,Jain Education International,0.0146,0.9747,0.1841,0.9828,0.0
bhuvanabhanu,2,11,For Private & Personal Use Only,0.4196,0.9751,0.62,0.9845,0.0
bhuvanabhanu,2,12,www.jainelibrary.org,0.8584,0.9755,0.9848,0.985,0.0
bhuvanabhanu,3,1,FIRST EDITION,0.116,0.5942,0.2471,0.6054,0.0
bhuvanabhanu,3,2,"May, 1976",0.1113,0.611,0.1964,0.6252,0.0
bhuvanabhanu,3,3,Text Printed by,0.6171,0.2864,0.7587,0.3053,0.0207
bhuvanabhanu,3,4,Vedhashala Mudranalaya,0.6166,0.3061,0.8374,0.325,0.0159
bhuvanabhanu,3,5,Ahmedabad-13,0.6171,0.3267,0.7488,0.3426,0.0133
bhuvanabhanu,3,6,"Introduction, ete. Printed by",0.623,0.3607,0.8776,0.38,0.0092
bhuvanabhanu,3,7,Swami Tribuvandas Shastri,0.6206,0.3804,0.8561,0.3972,0.0124
bhuvanabhanu,3,8,Shree Ramanand Printing Press,0.6206,0.4015,0.9021,0.4199,0.0083
bhuvanabhanu,3,9,Kankaria Road,0.62,0.4208,0.7564,0.4362,0.0085
bhuvanabhanu,3,10,Ahmedabad-22,0.6142,0.441,0.7488,0.4564,0.0087
bhuvanabhanu,3,11,and Published by,0.6189,0.4616,0.7739,0.4792,0.0038
bhuvanabhanu,3,12,Nagin J. Shah,0.6142,0.4809,0.743,0.4976,0.009
bhuvanabhanu,3,13,Director,0.6119,0.5049,0.6882,0.5187,0.0153
bhuvanabhanu,3,14,L. D. Institute of Indology,0.6148,0.5247,0.8561,0.5449,0.0121
bhuvanabhanu,3,15,Ahmedabad-9,0.6131,0.5449,0.7366,0.5595,0.0094
bhuvanabhanu,3,16,Jain Education International,0.0146,0.9751,0.1847,0.9828,0.0
bhuvanabhanu,3,17,For Private & Personal Use Only,0.4196,0.9747,0.62,0.985,0.0
bhuvanabhanu,3,18,www.jainelibrary.org,0.8584,0.9755,0.9848,0.985,0.0
bhuvanabhanu,4,1,सिरिइंदइंसगणिविरइयं,0.2529,0.1451,0.4417,0.17,0.0
bhuvanabhanu,4,2,भुवणभाणुकेवलिचरियं,0.2529,0.1739,0.6387,0.228,0.0015
bhuvanabhanu,4,3,संपादक,0.5286,0.6848,0.5816,0.7007,0.0
bhuvanabhanu,4,4,मुनि श्री रमणीकषिजयजी,0.5315,0.7063,0.7273,0.7269,0.0
bhuvanabhanu,4,5,प्रकाशक,0.2383,0.7982,0.2978,0.8115,0.0
bhuvanabhanu,4,6,काळभाई दलपतभाई भारतीय संस्कृति विद्यामंदिर,0.2383,0.8222,0.6562,0.8493,0.0
bhuvanabhanu,4,7,अहमदाबाद-९,0.2348,0.8587,0.3596,0.8763,0.0
bhuvanabhanu,4,8,Jain Education International,0.0146,0.9751,0.1841,0.9828,0.0
bhuvanabhanu,4,9,For Private & Personal Use Only,0.4196,0.9747,0.62,0.985,0.0
bhuvanabhanu,4,10,www.jainelibrary.org,0.8584,0.9755,0.9848,0.985,0.0
bhuvanabhanu,5,1,Jain Education International,0.0146,0.9751,0.1847,0.9828,0.0
bhuvanabhanu,5,2,For Private & Personal Use Only,0.4196,0.9747,0.62,0.985,0.0
bhuvanabhanu,5,3,www.jainelibrary.org,0.8584,0.9755,0.9848,0.985,0.0
bhuvanabhanu,6,1,PREFACE,0.4394,0.1297,0.5571,0.1426,0.0
bhuvanabhanu,6,2,The L. D. Institute of Indology has great pleasure in offering to the world of,0.1463,0.1662,0.9044,0.1846,0.0
bhuvanabhanu,6,3,Prakrit scholars the hitherto unpublished literary work entitled 'Bhuvanabhanukevalica-,0.1055,0.1863,0.9003,0.2048,0.0007
bhuvanabhanu,6,4,riya' composed in V. S. 1554 by Indrahamsagani belonging to Kutubapura branch of,0.1084,0.207,0.9044,0.225,0.0022
bhuvanabhanu,6,5,"Tapagaccha. The work contains 2100 verses. Late Muni Shri Ramanikvijayaji, a collea-",0.1055,0.2258,0.9003,0.2452,0.0029
bhuvanabhanu,6,6,"gue of Late Muni Shri Punyavijayaji, has edited the text on the basis of two mss., one",0.1049,0.2447,0.9009,0.2645,0.0037
bhuvanabhanu,6,7,"belonging to the Pt. Kirtimuni Jñānakoşa, Godhavi and the other belonging to Samvegi",0.1049,0.2636,0.9021,0.2834,0.0044
bhuvanabhanu,6,8,"Upāśraya, Ahmedabad. The latter bears the No. 2481. Both these mss. can well be",0.1061,0.2834,0.9003,0.3031,0.0044
bhuvanabhanu,6,9,assigned to the 17th century V.S.,0.1072,0.3044,0.4079,0.3203,0.0
bhuvanabhanu,6,10,The spiritual lineage of the author Indrahamsagani is as follows: Yugapradhana,0.1457,0.3328,0.8992,0.3551,0.0077
bhuvanabhanu,6,11,Somasundarasuri>Munisundarasuri who had brought peace by composing 'Santikara-,0.1066,0.3504,0.8998,0.374,0.0088
bhuvanabhanu,6,12,"stava'>Jayacandrasuri who had earned the title 'syaina-śārada'>Ratnaśekharasūri, the",0.1061,0.3714,0.9009,0.3954,0.0073
bhuvanabhanu,6,13,author of 'Vicārasāra'>Udayanandisüri alias Yogindra>Surasundarasūri>Lakşmısāgara-,0.1078,0.3916,0.8998,0.4139,0.0081
bhuvanabhanu,6,14,sūri>Somadevasūri>Ratnamandanasūri>Indranandisüri>Dharmahamsagani > Vacaka,0.1084,0.4113,0.8998,0.4328,0.0103
bhuvanabhanu,6,15,Indrahamsa.¹,0.1084,0.4319,0.2238,0.447,0.0
bhuvanabhanu,6,16,Shri M. D. Desai in his Gujarati work 'Jaina Sahityano Saṁkşipta Iuhāsa' (Brief,0.1469,0.4603,0.9027,0.4848,0.0085
bhuvanabhanu,6,17,History of Jaina Literature pp. 757-58) informs us that Indrahamsagani composed,0.102,0.48,0.9009,0.5032,0.0088
bhuvanabhanu,6,18,"Upadeśakalpavalli in V.S. 1555, Balinarendrakatha in V.S. 1557 and Vimalacaritra in",0.1014,0.4985,0.9021,0.5234,0.0117
bhuvanabhanu,6,19,V.S. 1578. But Balinarendrakatha is not extant. It might have been either the Sanskrit,0.1061,0.5182,0.8998,0.5427,0.0117
bhuvanabhanu,6,20,rendering of his Bhuvanabhanukevalicariya or Bhuvanabhanuke valicariya itself called by,0.1078,0.538,0.9003,0.5629,0.011
bhuvanabhanu,6,21,the title Balinarendrakatha. The authorship of Vimalacaritra is doubtful. Not a single,0.1084,0.5569,0.9009,0.5814,0.0125
bhuvanabhanu,6,22,"ms. of this work is available at present, nor is it mentioned anywhere else. Upadeśa-",0.1078,0.5775,0.9021,0.6011,0.0095
bhuvanabhanu,6,23,"kalpavalli is a Sanskrit commentary on the Sajjhāya 'Manha jiņānam āņam..."" To illustrate",0.1084,0.5968,0.9015,0.6204,0.011
bhuvanabhanu,6,24,good acts of a Jaina lay disciple the stories are given in the commentary. It is note-,0.1078,0.6161,0.9044,0.6402,0.0102
bhuvanabhanu,6,25,worthy that the last story which is extensively told relates to Vimalamantri.,0.1072,0.6363,0.799,0.6578,0.0101
bhuvanabhanu,6,26,Bhuvanabhānu is neither a historical character nor a mythical character. It is a,0.1469,0.6702,0.9015,0.6939,0.0124
bhuvanabhanu,6,27,creation of pure imagination. The work relates the story of this character in his various,0.1066,0.6891,0.8969,0.7136,0.0133
bhuvanabhanu,6,28,births. It depicts the allegorical progress of Jiva. It abounds in personifications of abstr-,0.1061,0.7093,0.8992,0.7338,0.011
bhuvanabhanu,6,29,act qualities. The author has considerably succeeded in clothing the abstract qualities,0.1061,0.7295,0.8998,0.7531,0.0103
bhuvanabhanu,6,30,with vivid personality.,0.1061,0.7505,0.3059,0.7664,0.0
bhuvanabhanu,6,31,It was Ac. Hemacandrasūri Maladhārı (12th century A. D.) who for the first time,0.1469,0.7827,0.8986,0.8072,0.0109
bhuvanabhanu,6,32,composed Bhuvanabhānukevalicarita in Sanskrit prose. It occurs in his Sanskrit com-,0.1055,0.8016,0.9003,0.8274,0.0139
bhuvanabhanu,6,33,mentary on Bhavabhāvana which he himself composed in 1123 A.D. This Bhuvanabha-,0.1049,0.8205,0.9003,0.8454,0.0132
bhuvanabhanu,6,34,nukevalicarita by Ac. Hemacandrasuri evinces the influence of the Upamitibhavaprapaň-,0.1066,0.839,0.8992,0.866,0.0125
bhuvanabhanu,6,35,"cakatha, a wellknown Sanskrit allegory written by Ac. Siddharși in 905 A. D.",0.1061,0.8592,0.8386,0.8832,0.0119
bhuvanabhanu,6,36,1. Bhuvanabhāņukevalicariyapraśasti pp. 149-50.,0.1154,0.8948,0.5006,0.9128,0.0076
bhuvanabhanu,6,37,Jain Education International,0.0146,0.9747,0.1841,0.9828,0.0
bhuvanabhanu,6,38,For Private & Personal Use Only,0.4196,0.9747,0.62,0.985,0.0
bhuvanabhanu,6,39,www.jainelibrary.org,0.8584,0.9755,0.9848,0.985,0.0
bhuvanabhanu,7,1,6,0.5,0.0717,0.5181,0.0816,0.0
bhuvanabhanu,7,2,Indrahamsagaņi seems to have versified in Prakrit Ac. Hemacandra's Bhuvanabha-,0.1474,0.1013,0.9009,0.1207,0.0
bhuvanabhanu,7,3,nukevalicarita. The works on the same theme written after Indrahamsagani are also found.,0.1084,0.1219,0.9033,0.1391,-0.0007
bhuvanabhanu,7,4,Lakımılābhaganl of Kharataragaccha composed in V. S. 1603 Bhuvanabhanukevall-,0.109,0.1417,0.9027,0.1597,-0.0007
bhuvanabhanu,7,5,carita in Parkrit prose. This seems to be the Prakrit Chaya of Ac. Hemacandra's San-,0.1072,0.1597,0.9038,0.1786,-0.0015
bhuvanabhanu,7,6,skrit work in point. The work is unpublished. In V. S. 1769 Udayaratnasūri of Tapa-,0.1101,0.1803,0.9033,0.1979,-0.0015
bhuvanabhanu,7,7,gaccha composed Bhuvanabhanukevali-rasa in old Gujarati. Ac. Hemacandra's concerned,0.1066,0.1992,0.9044,0.2177,-0.0022
bhuvanabhanu,7,8,work constitutes the basis of this rasa. This rasa is already published. In V.S. 1801,0.1096,0.219,0.9003,0.237,-0.0015
bhuvanabhanu,7,9,Tattvahamsagaņi wrote a Balavabodha (commentary in old Gujarati) on Ac. Hemacandra's,0.1096,0.2383,0.9027,0.2568,-0.0015
bhuvanabhanu,7,10,"Sanskrit Bhuvanabhanukevalicarita, Harikalaśa too has written a Balavabodha on the",0.1096,0.2581,0.9033,0.2748,-0.0015
bhuvanabhanu,7,11,same work.,0.109,0.2804,0.2133,0.2945,-0.0056
bhuvanabhanu,7,12,We are grateful to Late Muni Shri Ramanikvijayaji for editing this interesting Pra-,0.1486,0.3087,0.9021,0.3259,-0.0008
bhuvanabhanu,7,13,"krit work. Our thanks are due to Pt. Babubhai Savchand Shah for correcting the proofs,",0.1072,0.3276,0.9009,0.3444,-0.0007
bhuvanabhanu,7,14,We express our thanks to Dr. R. M. Shah who has kindly written Gujarati Introduc-,0.1066,0.3474,0.9021,0.3658,-0.0015
bhuvanabhanu,7,15,tion to the Prakrit text.,0.109,0.3671,0.3252,0.3817,-0.0027
bhuvanabhanu,7,16,We are very much thankful to the Trustees of the Kikabhat's Pole Jaina Upashraya,0.1474,0.3946,0.9021,0.4131,-0.0015
bhuvanabhanu,7,17,"who at an instance of Muni Shri Ramanikvijayaji, gave us papers at gratis to print",0.1072,0.4148,0.9015,0.4328,-0.0022
bhuvanabhanu,7,18,the present work and donated Rs. 355/- for the puplication of the same.,0.109,0.4341,0.7861,0.4534,-0.0026
bhuvanabhanu,7,19,We hope the present work will be useful to the students of Prakit language and,0.148,0.465,0.9027,0.4826,0.0
bhuvanabhanu,7,20,literature.,0.1084,0.4873,0.1946,0.5015,0.0
bhuvanabhanu,7,21,L. D. Institute of Indology,0.109,0.5376,0.3543,0.5539,0.0
bhuvanabhanu,7,22,Ahmedabad-380009.,0.1072,0.5556,0.2896,0.5702,-0.0032
bhuvanabhanu,7,23,15th April 1976,0.109,0.5762,0.2517,0.5921,0.0
bhuvanabhanu,7,24,Nagin J. Shah,0.6725,0.5359,0.8019,0.5513,0.0
bhuvanabhanu,7,25,Director.,0.6865,0.5565,0.7669,0.5685,0.0
bhuvanabhanu,7,26,Jain Education International,0.0146,0.9751,0.1847,0.9828,0.0
bhuvanabhanu,7,27,For Private & Personal Use Only,0.4196,0.9747,0.62,0.985,0.0
bhuvanabhanu,7,28,www.jainelibrary.org,0.8584,0.9755,0.9848,0.985,0.0
bhuvanabhanu,8,1,संपादन पद्धति अने प्रति-परिचय-,0.1329,0.1159,0.4085,0.1353,0.0
bhuvanabhanu,8,2,प्रस्तावना,0.4371,0.0812,0.56,0.1035,0.0
bhuvanabhanu,8,3,वि. सं. १५५४ मां तपगच्छनी कुतुबपुरा शाखाना इन्द्रहंस गणिप रचेल प्राकृत पद्य-,0.1719,0.146,0.8939,0.1683,0.0
bhuvanabhanu,8,4,बद्ध 'भुवनभानुकेवलि-चरित' अहीं प्रथम बार संशोधित थई प्रकाशित थाय छे.',0.1259,0.1687,0.8619,0.1911,-0.0008
bhuvanabhanu,8,5,२,0.5262,0.243,0.5355,0.249,0.0
bhuvanabhanu,8,6,पू. स्व. आगम प्रभाकर मुनि पुण्यविजयजीना सहवासो स्व. मुनि रमणीकविजय,0.1731,0.1949,0.8817,0.219,-0.0008
bhuvanabhanu,8,7,जोप प्रस्तुत कृतिनी प्रेसकोपी नोचे नोंघेलो प्रति नं. १ ऊपरथी करेली अने तेमां जरूरी,0.1235,0.2181,0.891,0.2404,-0.0008
bhuvanabhanu,8,8,संशोधन माटे प्रति नं.२ नो आधार लीघेलो. बन्ने हस्तप्रतोमां कोई महत्त्वपूर्ण पाठा-,0.1247,0.24,0.8963,0.2641,0.0
bhuvanabhanu,8,9,न्तर न होवाथी पाठान्तरोनी अलग नोंध लीधी नथी. कठिन स्थळोना संस्कृत पर्याय,0.1247,0.2641,0.8864,0.2838,0.0
bhuvanabhanu,8,10,अने टिप्पण संपादकश्रीप ज आपेल छे.,0.1235,0.2872,0.4755,0.307,0.0
bhuvanabhanu,8,11,"प्रति १ : पं. कीर्तिमुनि ज्ञानकोश, गोधावी (कागळनो प्रति, नंबर नथी)",0.127,0.31,0.7622,0.3323,0.0
bhuvanabhanu,8,12,परिमाण- १०४४॥” (२५.३०११से. मी.),0.197,0.3328,0.5455,0.3542,0.0
bhuvanabhanu,8,13,"पत्र- ७२, प्रतिपृष्ठ पंक्ति- १४, प्रतिपंक्ति अक्षर- ४० लगभग",0.197,0.3555,0.7517,0.3778,-0.0011
bhuvanabhanu,8,14,"स्थिति-सारी, अक्षरो सुवाच्य.",0.1987,0.3791,0.465,0.401,0.0
bhuvanabhanu,8,15,आरंभ - ॥ ६०॥ सिरि वद्धमाण सामी जिणेलरो......,0.1958,0.4002,0.6503,0.4221,-0.0013
bhuvanabhanu,8,16,अत- इति श्रीमत्तपागण-नभो-नभोमणि-महोपाध्याय-श्री,0.1946,0.4238,0.6923,0.4444,0.0
bhuvanabhanu,8,17,लखेल छे.,0.123,0.5161,0.2133,0.5337,0.0
bhuvanabhanu,8,18,धर्महंस-गणि-शिष्य-वाचकेन्द्र-श्री इन्द्रहंस गणि-विरचितं,0.2407,0.4444,0.75,0.4667,-0.0011
bhuvanabhanu,8,19,श्री बलिनरेन्द्र चरित्रं संपूर्णम् ॥,0.243,0.4693,0.5286,0.4925,0.0
bhuvanabhanu,8,20,आ प्रतिना प्रत्येक पृष्ठ पर होसियामां 'भुवनभानु०' पम कृतितुं नाम,0.2436,0.4912,0.8986,0.5152,0.0009
bhuvanabhanu,8,21,"प्रति-२ः संवेगी उपाश्रय, अमदावाद",0.1247,0.5384,0.4341,0.5578,0.0
bhuvanabhanu,8,22,"(डाबडा नं. ६५ प्रति नं. २४८१, कागळनी प्रति)",0.2436,0.5646,0.6696,0.5861,0.0
bhuvanabhanu,8,23,परिमाण- १०॥ ४४॥” (२६०११ से.मो.),0.243,0.5878,0.5903,0.6084,0.0
bhuvanabhanu,8,24,"पत्र-१८, प्रतिपृष्ठ पंक्ति १५, प्रतिपंक्ति अक्षर ५० लगभग.",0.2424,0.6106,0.7675,0.632,0.0
bhuvanabhanu,8,25,"स्थिति-सारी, अक्षरो सुवाच्य",0.243,0.6333,0.4866,0.6544,0.0
bhuvanabhanu,8,26,आरंभ-अंतः-प्रथम प्रति प्रमाणे.,0.2436,0.6561,0.5175,0.6741,0.0
bhuvanabhanu,8,27,१. सन १९३७मां विठलजी हिरालाल हंसराज जामनगरवाळाए एक 'भुवनभानु केवलि-चरित',0.1748,0.6836,0.8939,0.7046,-0.0024
bhuvanabhanu,8,28,"(संस्कृत) प्रकाशित करेल छे, तेमां तेना कर्तानु नाम इन्द्रहंस गणि छापेल छे, परंतु ते आ. हेमचंद्रसूरि",0.1253,0.7059,0.8957,0.7299,-0.0015
bhuvanabhanu,8,29,मलभारीना 'भव-भावना' ग्रंथमांथी उद्धृत संस्कृत गद्यबद्ध 'भुवनभानु-चरित्र' छे. ते ज रीते जैन धर्म,0.1259,0.7282,0.8916,0.7518,-0.0023
bhuvanabhanu,8,30,"प्रसारक सभा, भावनगर तरफथी वि.सं. १९८१मां आ. हेमचंद्रसूरि-रचित 'भुवनभानु-चरित्र' नो ज",0.1241,0.7501,0.8904,0.7737,-0.003
bhuvanabhanu,8,31,गुजराती अनुवाद प्रसिद्ध थयेल. तेमां पण कर्त्तानु नाम इन्द्रहंस गणि ज दर्शविल छे. आ भूल प्रस्तुत,0.1253,0.7737,0.8916,0.7965,-0.0023
bhuvanabhanu,8,32,कृति जोतां ज स्पष्ट जणाई आवे छे.,0.127,0.7991,0.391,0.8184,-0.0022
bhuvanabhanu,8,33,२. स्व. संपादकश्रीए आनी कोई नोंध प्रेसकोपीमां के अन्यत्र करेलो मळो नथी परंतु तेओश्रीए,0.1754,0.8278,0.8957,0.8497,-0.0032
bhuvanabhanu,8,34,"उपयोगमां लोधेली हस्तप्रतोनी भाईश्री लक्ष्मणदास भोजकने जाण हती, अने तेमणे ते प्रतिओ अमने लाबी",0.1247,0.8502,0.8928,0.8725,-0.0023
bhuvanabhanu,8,35,आपी. बन्ने प्रतिओ साथे प्रेस कोपी मेळवी जोतां आ हकीकत स्पष्ट थई.,0.1259,0.8733,0.6463,0.8939,-0.0022
bhuvanabhanu,8,36,Jain Education International,0.0146,0.9751,0.1841,0.9828,0.0
bhuvanabhanu,8,37,For Private & Personal Use Only,0.4196,0.9747,0.62,0.985,0.0
bhuvanabhanu,8,38,www.jainelibrary.org,0.8584,0.9755,0.9848,0.985,0.0
bhuvanabhanu,9,1,८,0.1282,0.07,0.1474,0.0812,0.0
bhuvanabhanu,9,2,भुवणभाणु कैवलि-चरियं,0.4295,0.0661,0.5903,0.0859,0.0
bhuvanabhanu,9,3,बन्ने प्रतिओनो लेखन समय अनुमाने विक्रमनी सत्तरमी सदीनो जगाय छे. पाठा-,0.1725,0.1013,0.8893,0.1245,0.0008
bhuvanabhanu,9,4,न्तर ज्ज मळतां होई बन्ने एकज अदर्शनी प्रतिकृतिओ होवानु संभवित छे. बन्ने,0.1218,0.1237,0.8852,0.1464,0.0008
bhuvanabhanu,9,5,"प्रायः शुद्ध छे. बन्ने प्रतिओमां अंतिम गाथानो अंक २०८५ लखेल छे, पण बन्नेनी खरेखर",0.1224,0.1468,0.8904,0.1687,0.0
bhuvanabhanu,9,6,कुल गाथा २१०० थाय छे.,0.123,0.1709,0.3531,0.1898,0.0
bhuvanabhanu,9,7,ग्रंथवार-परिचय --,0.1311,0.2031,0.2838,0.2228,0.0
bhuvanabhanu,9,8,ग्रंथकार इन्द्रहंतणि जैन श्वेताम्बर आम्नायना प्रसिद्ध तप-गच्छनी एक पेटाशाखा,0.1702,0.2323,0.8893,0.255,0.0016
bhuvanabhanu,9,9,"कुतुबपुरा गच्छनां, विक्रमी सोळमो शताब्दीना मध्य भागमां थई गया",0.1218,0.2572,0.7418,0.2795,0.0009
bhuvanabhanu,9,10,कर्त्ताप 'भुवनभानुकेवलि-चरित्र' ने अंते आपेल प्रशस्तिमां पोतानी गुरु-परंपरा,0.1684,0.2834,0.8875,0.3083,0.0024
bhuvanabhanu,9,11,आ प्रमाणे नोंधी छे'-,0.12,0.3074,0.3228,0.3267,0.0
bhuvanabhanu,9,12,तपगच्छ-नायक युगप्रधान सोमसुंदरसूरि > 'शांतिभरस्तव' थो शांति स्थापनार मुनि-,0.1684,0.3306,0.8887,0.3555,0.0008
bhuvanabhanu,9,13,सुंदरसूरि > बादी समस्था पूरवाथी दक्षिण-देशमां जेमने 'श्याम-श रदा' बिरुद मळेलं ते,0.1212,0.3534,0.8875,0.3761,0.0008
bhuvanabhanu,9,14,जयचंद्रसूरि > 'विचारसार' ग्रंथना रचयिता रत्नशेखरसूरि> 'योगीन्द्र' उपनामधारी उदय-,0.1224,0.3753,0.8875,0.3993,0.0015
bhuvanabhanu,9,15,नंदिसूरि > सूर्यसमान तेजस्वी सूरसु दरसूरि > व्याख्यान कुशळ लक्ष्मीसागरसूरि सौभाग्य-,0.1206,0.3993,0.8881,0.4216,0.0
bhuvanabhanu,9,16,वान सोमदेवसूरि > विद्या-शिरोमणि रत्नमंडनसूरि > सुवर्णवर्णदेहधारी सोमजयसूरि >,0.1183,0.4216,0.8811,0.4457,0.0008
bhuvanabhanu,9,17,युगप्रधानसम इन्द्रनन्दिसूरि > निगमागमना प्रखर ज्ञाता धर्महंस गणि वाचक इन्द्रहंस.,0.1212,0.4444,0.8869,0.4667,0.0008
bhuvanabhanu,9,18,तपागच्छनी अधिकृत पट्टावली गणातो 'वीर वंशावली' मां सुधर्मास्वामिथी ५३ मी पाटे,0.169,0.4672,0.8893,0.4908,0.0
bhuvanabhanu,9,19,उपरोक्त ७ मा लक्ष्मीसागरसूरि नुं नाम मळे छे. तेमना के मुख्य शिष्यो [१] सोमदेव-,0.1195,0.4891,0.8939,0.5131,0.0008
bhuvanabhanu,9,20,सूरि अने [२] सोमजयसूरि. सोमजयसूरिना [१] हेमविमलसूरि [२] कमलकलशसूरि,0.123,0.5122,0.8934,0.535,0.0008
bhuvanabhanu,9,21,अने [३] इन्द्रनंदिसूरि एम अण मुख्य शिष्यो हता. प्रथम हेमविमलसूरि तपागच्छना,0.1189,0.5346,0.8875,0.5573,0.0
bhuvanabhanu,9,22,"५५मा पट्टधर बन्या, अने बाकीना वे आचार्योंप गच्छमेद करी पोताना स्वतंत्र गच्छोनी",0.1195,0.5578,0.891,0.5801,0.0008
bhuvanabhanu,9,23,स्थापना करी वि. सं. १५५५ मां कमलकलशसूरिए स्थापेल गच्छ 'कमलकलश-गच्छ',0.1218,0.5814,0.8858,0.6024,0.0
bhuvanabhanu,9,24,कहेवायो इन्द्रनन्दिसूरिप अणहिलवाड पाटण नजीकना कुतपुर के कुतुबपुरमां वि. सं.,0.1189,0.6033,0.8834,0.6269,0.0
bhuvanabhanu,9,25,१५५८मां पोतानो गच्छ स्थाप्यो ते 'कुतुबपुरा-गच्छ' के 'कुत्तप्रभ-गच्छ' तरीके प्रसिद्ध थयो,0.1218,0.626,0.873,0.6492,0.0
bhuvanabhanu,9,26,आ कुतुबपरा शाखानी पण एक पट्टावली मळे छे. ते तपगच्छनी ५६ मी पाटे सोमः,0.1672,0.6496,0.8893,0.6711,0.0
bhuvanabhanu,9,27,जयसूरि अने तेमनी पाटे [५७ मी पाटे] इन्श्नन्दिसूरिनुं नाम आपे छे.,0.1206,0.6715,0.7465,0.6939,0.0009
bhuvanabhanu,9,28,आ कुतुबपरा गच्छ एमांथो प्रवर्तला निगममत माटे जाणोतो छे.,0.1678,0.6943,0.7261,0.7149,0.0
bhuvanabhanu,9,29,आम कुतुबपुरा शाखाना प्रवत्तक इन्द्रनन्दिसूरिना शिष्य धर्महंसगणि अने सेमना,0.1684,0.7162,0.8852,0.7385,0.0
bhuvanabhanu,9,30,शिष्य ते 'भुवणभाणुकेवलि-चरियं' ना कर्त्ता इन्द्रहंस गणि.,0.1189,0.7394,0.6364,0.7608,0.0
bhuvanabhanu,9,31,पाछळथी धर्महंसर्गाण तथा इन्द्रहंसगणि बन्नेए सूरिपद मेळव्यु होय तेम एक,0.1661,0.7621,0.8858,0.7845,0.0
bhuvanabhanu,9,32,"'कुतुबपरा गच्छ-निगमगच्छ पट्टावली' परथी त्रिपुटि मुनिओए अनुमान कयु छे.""",0.1171,0.7832,0.8421,0.8085,-0.0008
bhuvanabhanu,9,33,"१. भुवणभाणुकेवलि-चरियं-प्रशस्ति, पृ.१४९-५०",0.1696,0.8124,0.5216,0.836,-0.005
bhuvanabhanu,9,34,"२. वीर वंशावली, जैन साहित्य संशोधक, खं. १, अं. ३, परिशिष्ट, पृ. ५१.",0.1672,0.8351,0.7512,0.857,-0.002
bhuvanabhanu,9,35,"३. श्री तपगच्छ पट्टावली-कुतुबपरा शाखा, जैन सत्य प्रकाश, वर्ष-१४, अं. २ [१९४८] पृ. ३८.",0.1684,0.8583,0.8846,0.8815,-0.0008
bhuvanabhanu,9,36,४. जुओ- जैन परंपरा नो इतिहास [त्रिपुटि] भा. ३ पृ. ५७२-५७४.,0.1684,0.8806,0.6917,0.9021,-0.0011
bhuvanabhanu,9,37,"५. जुओ-पट्टावली-समुच्चय, भा. २, पृ. २४३.",0.1702,0.9055,0.5286,0.9249,0.0
bhuvanabhanu,9,38,Jain Education International,0.0146,0.9747,0.1841,0.9828,0.0
bhuvanabhanu,9,39,For Private & Personal Use Only,0.4196,0.9751,0.62,0.9854,0.0
bhuvanabhanu,9,40,www.jainelibrary.org,0.8584,0.9755,0.9848,0.985,0.0
bhuvanabhanu,10,1,प्रस्तावना,0.4697,0.073,0.5344,0.0846,0.0
bhuvanabhanu,10,2,"पण उपरोक्त प्रथम पट्टावलीथी आ पट्टावली भिन्न जणाय छे, कारण के उप-",0.1661,0.0988,0.8869,0.1211,-0.0016
bhuvanabhanu,10,3,रोक्त प्रथम पट्टावलीमां बन्नेना सूरिपदनो कोई उल्लेख नधी,0.1206,0.1215,0.6527,0.1443,-0.0044
bhuvanabhanu,10,4,इन्द्रहंसगणिनी कृतिओ-,0.1288,0.1546,0.3223,0.1748,-0.006
bhuvanabhanu,10,5,श्री. मो. द. देशाईप इन्द्रहंसगणिनी चार रचनाओ होवानु जणाव्युं छे'-,0.1661,0.1778,0.8182,0.2027,-0.0018
bhuvanabhanu,10,6,(१) भुवनभानुकेवलि-चरित,0.1667,0.2018,0.4062,0.2254,-0.0049
bhuvanabhanu,10,7,(२) उपदेशकल्पवल्ली,0.1678,0.2263,0.3462,0.2469,0.0
bhuvanabhanu,10,8,(३) बलिनरेन्द्रकथा,0.1684,0.2477,0.3357,0.2696,-0.0035
bhuvanabhanu,10,9,(४) विमलचरित्र,0.1667,0.2705,0.3071,0.292,-0.0041
bhuvanabhanu,10,10,रचना सं. १५५४,0.4656,0.2031,0.6241,0.2194,0.0
bhuvanabhanu,10,11,१५५५,0.567,0.2289,0.6218,0.2422,0.0
bhuvanabhanu,10,12,"""",0.539,0.2379,0.5507,0.2452,0.0
bhuvanabhanu,10,13,9:,0.4767,0.2611,0.4901,0.2666,0.0
bhuvanabhanu,10,14,१५५७,0.5728,0.2512,0.6235,0.2653,0.0
bhuvanabhanu,10,15,"""",0.4767,0.2834,0.4889,0.2907,0.0
bhuvanabhanu,10,16,"""",0.5361,0.283,0.549,0.2885,0.0
bhuvanabhanu,10,17,१५७८,0.5688,0.2735,0.6177,0.289,0.0
bhuvanabhanu,10,18,رو,0.5385,0.2598,0.5513,0.2653,0.0
bhuvanabhanu,10,19,(१) भुवनभानुकेवलि-चरित्र विशे आगळ विस्तारपूर्वक लखेल छे.,0.1672,0.2911,0.7395,0.3152,-0.002
bhuvanabhanu,10,20,९,0.8782,0.0713,0.8963,0.0829,0.0
bhuvanabhanu,10,21,(२) उपदेशकल्पवल्ली-श्रावकना ३६ कृत्यरूप 'मन्ह जिणाणं आणं...' सज्झाय उपर,0.1655,0.3152,0.891,0.3371,0.0008
bhuvanabhanu,10,22,नी आ संस्कृत टीका छे. दरेक कृत्य संबंधी एक एक ने केटलीक-चार वे बे कथाओ,0.1183,0.3379,0.891,0.3594,0.0008
bhuvanabhanu,10,23,दृष्टांतरूपे आपेल के एमांनी केटलीक संक्षिप्त अने केटलीक विस्तृत छे. हेल्ली कथा,0.1183,0.3598,0.891,0.383,0.003
bhuvanabhanu,10,24,"विमल मंत्रीनी छे, ते अति विस्तारपूर्वक आलेखायेलो छे.",0.1189,0.3826,0.6265,0.4062,-0.0011
bhuvanabhanu,10,25,केटलीक कथाओनु वस्तु परंपराथी भिन्न छे ते आ कर्त्तानी विशिष्टता है. उदा०,0.1672,0.4053,0.8881,0.4298,0.0032
bhuvanabhanu,10,26,२६ मा अधिकारमांनी कुरगड मुनिनी कथा अने २८ मा अधिकारमांनी बृहद्रथनी कथा.,0.1183,0.4285,0.8765,0.4513,0.0015
bhuvanabhanu,10,27,कर्त्ताप आमां केटलीक जग्याए निगममतनु समर्थन करता मुद्दाओ मूक्या हे. आने,0.1661,0.4513,0.8887,0.4753,0.0008
bhuvanabhanu,10,28,कारणे रसिक शैली अने सुन्दर कथाओ होवा छतां ग्रंथनो प्रचार जैनोमां ओछो जणाय हे.,0.1177,0.474,0.8899,0.4968,0.0008
bhuvanabhanu,10,29,(३) त्रीजी रचना 'बलिनरेन्द्रकथा' उपलब्ध नथी. नाम परथी लागे छे के ते प्रथम,0.1655,0.4968,0.8916,0.5191,0.0016
bhuvanabhanu,10,30,रचनानु ज संस्कृत रूपान्तर हशे. कदाच 'भुवणभाणुकेर्वाल-चरियं' नु' अपरनाम 'बलि-,0.1183,0.5208,0.8922,0.5423,0.0
bhuvanabhanu,10,31,नरेन्द्र-कथानक' रूपे फरी नोंधायुं होय तेम पण बनवा संभव छे. कर्त्ताप पोते ज 'भु.भा.,0.1189,0.5423,0.8893,0.5676,0.0015
bhuvanabhanu,10,32,च.' नी प्रशस्तिमां बीजु नाम 'बलिनरेन्द्र-चरित्र' एवं आप्यु छे.,0.1189,0.5655,0.6859,0.5874,0.0
bhuvanabhanu,10,33,(४) चोथी रचना 'विमलचरित्र'नु' कर्तृत्व पण शंकास्पद छे. तेनी कोई प्रति हाल,0.1649,0.5865,0.8893,0.611,0.0024
bhuvanabhanu,10,34,उपलब्ध नथी. तेम ज अन्य कोई स्थळे उल्लेख मळतो नथी. परन्तु एक संभावना करी,0.1177,0.611,0.8887,0.6337,0.0015
bhuvanabhanu,10,35,शकाय के उपदेशकल्पवल्लीना अंतमां आवेल बिमल मंत्रीनु कथानक ज आ होय ।,0.1166,0.6337,0.8409,0.6561,0.0024
bhuvanabhanu,10,36,कथासारे -,0.1235,0.6634,0.2069,0.6784,0.0
bhuvanabhanu,10,37,"'भुवनभानु केवलि-चरित्र' एक रूपकात्मक उपदेशकथा छे. तेना नायक, भुवनभानु-",0.1643,0.684,0.8887,0.7097,0.004
bhuvanabhanu,10,38,"केवलो, पूर्वावस्थामां बलि नामे राजा होय छे. जंबुद्वीपना गंधिलावती विजयमां चंद्रपुरी",0.1183,0.7072,0.8887,0.7325,0.0023
bhuvanabhanu,10,39,नगरीना राजा अकलंक अने राणी सुदर्शनाना ते पुत्र छे. अनेक वर्ष सुधी राजवैभव,0.1195,0.7282,0.8893,0.7548,0.0023
bhuvanabhanu,10,40,"भोगवी, एकदा पोताना नगरोद्यानमां पधारेला कुवलयचंद्र केवली पासे मधु राजानु",0.1166,0.7527,0.8869,0.7767,0.0023
bhuvanabhanu,10,41,"दृष्टांत सांभळी, संवेग उत्पन्न थतां तेमणे संसार त्याग करी प्रवज्या ग्रहण करी. कुवलय-",0.1166,0.7763,0.8893,0.7982,0.0008
bhuvanabhanu,10,42,चन्द्र केवलीए आ बलि नरेन्द्रने तेमना भवभवान्तरनी कथा कही प्रतिबोध पमाडेल.,0.1142,0.7986,0.8875,0.8192,0.0008
bhuvanabhanu,10,43,मुनि अवस्थामां अपूर्व वीर्यशक्तिथी टूक समयमां ज तेओ केवळज्ञानी बने छे अने पछी,0.1171,0.8205,0.8945,0.845,0.0015
bhuvanabhanu,10,44,अनेक देशोमां विहार करी अनेक भव्य जीवोने धर्मबोध आपे छे. अनेक जीवोना आधि-,0.1154,0.8429,0.8904,0.8635,0.0008
bhuvanabhanu,10,45,व्याधि उपाधिने शमावनार होवाथी लोकोमां 'भुवनभानु' पवा नामे तेओ प्रसिद्ध थया.,0.1154,0.866,0.8817,0.8901,0.0015
bhuvanabhanu,10,46,१. जे. सा. सं. इति. पृ. ७५७-५८,0.1643,0.8957,0.4464,0.9137,0.0
bhuvanabhanu,10,47,"२. उपदेशकल्पवल्ली-भाषांतर, प्रका. जैन धर्म प्रसारक सभा, भावनगर, १९२२",0.1585,0.9171,0.7401,0.9399,0.0
bhuvanabhanu,10,48,Jain Education International,0.0146,0.9747,0.1841,0.9828,0.0
bhuvanabhanu,10,49,For Private & Personal Use Only,0.4196,0.9747,0.62,0.9854,0.0
bhuvanabhanu,10,50,www.jainelibrary.org,0.8584,0.9755,0.9848,0.985,0.0
bhuvanabhanu,11,1,१०,0.1235,0.0584,0.1509,0.0751,0.0
bhuvanabhanu,11,2,भुवणभाणुकेवलि-चरियं,0.4336,0.055,0.5927,0.0756,-0.0037
bhuvanabhanu,11,3,"एक वखत विजयपुर नामे नगरना राजा चंद्रमौलिने उपदेश करतां, तेणे पूछेला प्रश्न",0.1737,0.0906,0.8974,0.1142,-0.0008
bhuvanabhanu,11,4,परथी भुवनभानु केवली पोताना समग्र जन्म-जन्मान्तरनी कथा कहे छे. समग्र संसार केवो,0.1241,0.1142,0.8963,0.1374,-0.0008
bhuvanabhanu,11,5,"रीते चाली रह्यो छे अने तेमां एक जोव केवी रीते विध विध योनिओमां फरी, पोताना",0.1241,0.1365,0.8969,0.1589,-0.0008
bhuvanabhanu,11,6,कर्मनां परिणाम भोगवे छे ते भुवनभानु पोतानी कथाना व्यपदेशथी कहे छे. भुवनभानुना,0.1253,0.1597,0.8945,0.1825,0.0
bhuvanabhanu,11,7,प्रथम भवथी मांडी अंतिम भव सुधीनी आ कथा 'भु. भा. के. च.' नी अंदर ज संक्षेपमां,0.1247,0.1821,0.8951,0.2044,0.0
bhuvanabhanu,11,8,गा. १९५९ थी गा. २०५० सुधीमां रजू थई छे. नीचे तेनो ज भावानुवाद आव्यो छे.,0.127,0.204,0.8642,0.228,-0.0008
bhuvanabhanu,11,9,वर्तमानकाळथी अनंतकाळ पूर्व चारित्रधर्म राजाना सहायक थई मोह शत्रुना सैन्यनो,0.1719,0.2353,0.8963,0.2589,0.0008
bhuvanabhanu,11,10,"नाश करवा माटे, कर्म-परिणाम राजा बलि नरेन्द्रना जोवने असंव्यवहार निगोद नामना नगरमांथी",0.1247,0.2589,0.8957,0.2787,-0.0008
bhuvanabhanu,11,11,बहार काढी व्यवहार निगोदमां लाग्यो. ते व्यतिकर जाणवामां आवतां कोपायमान थयेला,0.1265,0.2808,0.8957,0.3018,-0.0008
bhuvanabhanu,11,12,"मोह वगैरेप ते जीवने त्यां अ अनंतकाळ सुधी बांधी राख्यो, पछी कर्म-परिणाम तेने पृथ्वी-",0.123,0.3044,0.8945,0.3267,-0.0008
bhuvanabhanu,11,13,"काय, अप्काय, तेजस्काय, वायुकाय, वनस्पतिकाय, बेइंद्रिय, तेइंद्रिय, चतुरिद्रिय, पंचेंद्रिय,",0.123,0.3267,0.8928,0.3508,-0.0008
bhuvanabhanu,11,14,"तिथेच, नरक अने अनार्य मनुष्य जन्मोमां लई गयो. त्यांथी पण वारंवार वच्चे वच्चे",0.1212,0.3495,0.8922,0.3718,-0.0008
bhuvanabhanu,11,15,मोहादि कुपित थई तेने पाछो निगोद आदिमां लई गया. ए प्रमाणे ते बधाप तेने अनंत,0.1224,0.3723,0.8939,0.395,-0.0008
bhuvanabhanu,11,16,पुद्गल परावर्त सुधी अति दुःखितपणे भमाव्यो. पछी ते आर्यक्षेत्रमां अनंत वार मनुष्यत्व,0.1235,0.3954,0.8916,0.4199,-0.0008
bhuvanabhanu,11,17,"पाम्योः परंतु क्यांक कुजातिभावथी, क्यांक कुळदोषथी, क्यांक जात्यंधता, बधिरता अने",0.1212,0.4186,0.8922,0.4418,-0.0008
bhuvanabhanu,11,18,"खंजत्य ब. दोषधी, क्यांक कुष्टादि रोगथी, क्यांक अल्प आयुष्यना दोषथी, धर्मना नामने",0.1224,0.4401,0.8928,0.4641,-0.0008
bhuvanabhanu,11,19,पण जाण्या सिधाय पूर्ववत् मोहादिक शत्रुओप तेने पकेंद्रियादिमां लई जई अनेक पुद्गल,0.1218,0.4641,0.8916,0.4891,-0.0008
bhuvanabhanu,11,20,परावर्त्त सुधी भमाव्यो.,0.12,0.4869,0.3228,0.5101,-0.0029
bhuvanabhanu,11,21,"एकदा श्रीनिलय नगरमां धनतिलक श्रेष्ठीनो ते वैश्रमण नामे पुत्र थयो. त्यां “धन, कनक",0.1684,0.5148,0.8945,0.5376,0.0
bhuvanabhanu,11,22,आदि भायो अनित्य हे अने आपत्तिनु हरण करवा मात्र धर्म ज समर्थ हे. माटे हे जनो !,0.123,0.5371,0.891,0.5603,-0.0008
bhuvanabhanu,11,23,"तेनु शरण स्वीकारो."" आ प्रमाणेनी गाथा सांभळता तेने धर्म करवानी बुद्धि थई. परंतु",0.1206,0.5612,0.8916,0.5839,-0.0008
bhuvanabhanu,11,24,ते मात्र कुदृष्टिना कारणे थयेल होवाथी पापबुद्धि ज हती. तेथी ते स्वयंभू नामना त्रिदंडी-,0.12,0.5827,0.8922,0.6058,-0.0008
bhuvanabhanu,11,25,नो शिष्य बन्यो. पटले त्यां पण मनुष्य-जन्म हारीने पाछो संसारमां अनंतकाळ सुधी,0.1189,0.6067,0.8928,0.629,-0.0008
bhuvanabhanu,11,26,"भम्यो. बळी अनंतकाळ पछी फरी मानवरूपे जन्म्यो, पण शुद्ध धर्मश्रवणना अभावे कु-",0.1189,0.6286,0.8916,0.6514,0.0
bhuvanabhanu,11,27,धर्मबुद्धिनी निवृत्ति न थई कोई वखत सद्धर्मनु श्रवण थयु छतां पण सद्गुरु-समागमना,0.1235,0.6496,0.8922,0.6754,-0.0008
bhuvanabhanu,11,28,"अभाषे, कोईवार आळस अने मोहना कारणे, कोई वार जडताथी, कोई वार अश्रद्धाथी",0.1189,0.6737,0.8934,0.6973,-0.0015
bhuvanabhanu,11,29,कुधर्मबुद्धि न छूटी. पटले कुधर्मबुद्धिनी प्रेरणाथी धर्मना बहाने पशुवधादि महापाप आचरी,0.1177,0.6951,0.8881,0.7209,-0.0008
bhuvanabhanu,11,30,ने ते पूर्ववत् अनंत पुद्गल परावत्त सुधी फरी भटक्यो.,0.1177,0.7179,0.609,0.7437,-0.0012
bhuvanabhanu,11,31,पछी विजयवर्धनपुरमां सुलस श्रेष्ठोनो नंदन नामे पुत्र थयो. त्यारे यथाप्रवृत्तिकरणथी कु-,0.1661,0.7471,0.8916,0.7703,-0.0008
bhuvanabhanu,11,32,दृष्टिने छेदीने आयु सिवायना बीजा मोहादि सात कर्मोनी कंईक न्यून कोटाकोटी साग-,0.1195,0.769,0.8922,0.7939,0.0
bhuvanabhanu,11,33,"रोपम जेटली स्थिति करी अने ग्रंथिप्रदेश सुधो पहोंच्यो, परंतु तेने छेदवा समर्थ न थयो.",0.116,0.7926,0.8899,0.8141,0.0
bhuvanabhanu,11,34,"त्यांथी अश्रद्धान, राग-द्वेषादिके तेने पाछो वाळ्यो. आम अनंतवार पाछो फरीने दरेक",0.1154,0.8149,0.8852,0.8381,-0.0008
bhuvanabhanu,11,35,वखते अनंतकाळ सुधी पकेन्द्रियादिकमां फर्यो.,0.1171,0.8364,0.5239,0.8609,-0.0029
bhuvanabhanu,11,36,एक बखत ते मलयपुरमां इन्द्र राजानो विश्वसेन नामे पुत्र थयो. ते भवमां अपूर्वकरणरूप,0.1655,0.86,0.8887,0.8841,-0.0016
bhuvanabhanu,11,37,कुठारथी तेणे ग्रंथिनो छेद कयों. पछी अनिवृत्तिकरणप्रवेशादि क्रमथी पटलो समय सम्य-,0.1166,0.8824,0.8864,0.906,-0.0015
bhuvanabhanu,11,38,क्त्व पाम्यो. मोक्षतरुना मूळरूप अने अति दुर्लभ पवा ते सम्यक्त्व रत्नने पण पामीने,0.1107,0.9034,0.8852,0.9292,-0.0008
bhuvanabhanu,11,39,Jain Education International,0.0146,0.9747,0.1841,0.9828,0.0
bhuvanabhanu,11,40,For Private & Personal Use Only,0.4196,0.9747,0.62,0.985,0.0
bhuvanabhanu,11,41,www.jainelibrary.org,0.8584,0.9755,0.9848,0.985,0.0
bhuvanabhanu,12,1,प्रस्तावना,0.4697,0.0575,0.5379,0.0713,0.0
bhuvanabhanu,12,2,कुहष्टि-रागना कारणे हारी गयो. पुनः धन श्रेष्ठिना सुभग नामे पुत्र रूपे अन्य भवमां,0.1247,0.0872,0.8957,0.1142,-0.0053
bhuvanabhanu,12,3,स्नेहरागथी तेनो नाश कर्यों. गृहपतिना पुत्र सिंहना भबमां विषयरागथी तेनो ध्वंस कर्षों.,0.1241,0.1095,0.8957,0.1374,-0.0083
bhuvanabhanu,12,4,अने निनदत्तनी पुत्री जिनश्रीना भवमां द्वेषथी तेणे प्राप्त सम्यक्त्व गुमायुं. पछी ब्राह्मणना,0.1241,0.134,0.8945,0.1606,-0.0068
bhuvanabhanu,12,5,"पुत्र ज्वलन शिखना, धनंजय-पुत्र कुबेरमा, धनाढ्यना पुत्र पद्मना अने श्रेष्ठिपुत्र सोमदत्तमा जन्मोमां",0.1247,0.155,0.8945,0.1846,-0.0091
bhuvanabhanu,12,6,"क्रमे क्रोध, मान, माया अने लोभथी ते सम्यक्त्व-रत्न हारी गयो.",0.1253,0.1799,0.7075,0.2065,-0.009
bhuvanabhanu,12,7,प प्रमाणे मोहादि शत्रुने वश थई असंख्यात भबोमां सम्यक्त्व गुमाषी दीधु. धर्म,0.1713,0.2104,0.8969,0.2366,-0.0088
bhuvanabhanu,12,8,"श्रेष्ठीना पुत्र सुंदरना भवमां हिंसाथी, देशविरत एवा मणिभद्रना भवमां मृषावाद्धी, सोमदत्तना",0.1235,0.2327,0.8939,0.2628,-0.0098
bhuvanabhanu,12,9,"भवमां अदतादानथी, दत्तना भवमां मैथुनथी, धनबहुल श्रेष्ठीना भवमां परिग्रहथी अने रोहिणी",0.1247,0.2538,0.8945,0.2834,-0.0098
bhuvanabhanu,12,10,श्राविकाना भवमां विकथारूप अनर्थदंडथी-प प्रमाणे अपरापर मोहादिकना दोषथी समग्र,0.1247,0.2787,0.8916,0.3053,-0.0099
bhuvanabhanu,12,11,सुखनी हेतुभूत पवी देशविरतिने पण ते असंख्य भवोमां हारी गयो. पछी अरविंदकुमारना,0.1253,0.3014,0.8928,0.3319,-0.0091
bhuvanabhanu,12,12,भवमां महाकष्टे सर्वगुणोनी अधिकारिणी पवी सर्वविति प्राप्त करीने क्रोध अने मानथी,0.123,0.3233,0.8951,0.3521,-0.0091
bhuvanabhanu,12,13,"तेने हारी गयो. पछी अमात्यपुत्र चित्रना जन्ममां विषयनी सुखशीलताथो हारी गयो, राज-",0.123,0.3478,0.8904,0.3766,-0.0106
bhuvanabhanu,12,14,"पुत्र विजयसेनना भवमां तो ते सर्वविरति पामीने अगियारमे गुणस्थाने आरूढ थयो, पण",0.1241,0.3688,0.8922,0.4006,-0.0129
bhuvanabhanu,12,15,त्यांथी देह अने उपकरणनी मूर्खाना कारणे पाछो पडयो. पछी श्रेष्ठीपुत्र पुंडरीकना भवमां,0.1212,0.3924,0.8922,0.4221,-0.0098
bhuvanabhanu,12,16,"ते पुनः सर्वविरति पाम्यो, अने त्यां चौदपूर्व भण्यो. पण आवी उच्च पदवी निद्राने वश",0.123,0.4139,0.8893,0.4461,-0.0091
bhuvanabhanu,12,17,थई हारी गयो.,0.1195,0.4457,0.2488,0.4672,-0.0181
bhuvanabhanu,12,18,आ प्रमाणे अनंतानंत पुद्गलपरावर्तोमां पूर्वोक्त रीते मोहादिक शत्रुओने वश थवाथी,0.169,0.4697,0.8922,0.4998,-0.0097
bhuvanabhanu,12,19,ते अनंत वार मनुष्यजन्म निरर्थक ज हारी गयो.,0.1212,0.4946,0.5361,0.5225,-0.0169
bhuvanabhanu,12,20,पछी पद्मस्थल नगरमां सिंहविक्रम नामे ते राजकुमार थयो. त्यां फरी सर्वविरति पाम्यो.,0.169,0.5238,0.8893,0.5539,-0.0121
bhuvanabhanu,12,21,ते भवमां तेणे सम्यक्रीते सर्वविरतितुं आराधन कर्यु अने मोहादिने अत्यंत क्षीण,0.1206,0.5453,0.8881,0.5784,-0.0122
bhuvanabhanu,12,22,"करी दीधा, तथा पुण्योदयने पुष्ट कर्यो. त्यांथी महाशुक्र नामना देवलोकमां नई आबी",0.1218,0.5698,0.8899,0.602,-0.0129
bhuvanabhanu,12,23,कमलाकर नगरमां श्रीचन्द्र राजानो भानु नामे पुत्र थयो. त्यां पण पहेलांनी जेम सर्वविरतिनु,0.1218,0.5917,0.8765,0.6247,-0.0139
bhuvanabhanu,12,24,"आराधन कर्यु, मोहादिकने अधिकतर क्षीण कर्या अने पुण्योदय विशेष पुष्ट कयों. त्यांथी",0.1247,0.6153,0.8893,0.6466,-0.0137
bhuvanabhanu,12,25,नवमा मैवेयकमां जईने पछी पद्मखंडनगरमां इंद्रदत्त नामे राजा थयो. त्यां पण सम्यक्रीते,0.1206,0.6385,0.8875,0.669,-0.0122
bhuvanabhanu,12,26,"सर्वविरतिने आराधीने, मोहादिकने वधारे क्षीण करी, परम प्रकर्षथी पुण्योदयने पुष्ट",0.1212,0.6608,0.8887,0.693,-0.0114
bhuvanabhanu,12,27,बनावीने ते सर्वार्थसिद्ध विमानमां उत्पन्न थयो. त्यांथी व्यवीने ए जीघ अंसे बर्बाल नरेन्द्र,0.12,0.684,0.8864,0.7136,-0.0114
bhuvanabhanu,12,28,रूपे जन्म्यो.,0.1206,0.7162,0.2261,0.7377,-0.0222
bhuvanabhanu,12,29,एकदा पोतानु आ समग्र बरित्र कुवलयचंद्र केवली पासे सांभळीने बलि नरेन्द संभ्रा-,0.1655,0.7347,0.8869,0.7651,-0.0137
bhuvanabhanu,12,30,"न्त बनी, केवलीने पगे लागी बोल्या- ""हे भगवन् ! मोहादि शत्रुओ अति दुष्ट छे, माटे",0.1206,0.7565,0.8869,0.7888,-0.0129
bhuvanabhanu,12,31,आ भवमां पण पूर्व प्रमाणे ज्यां सुधी तेओ मने छेतरे नहीं तेटलामां कृपा करीने मने,0.1206,0.7784,0.884,0.8119,-0.0145
bhuvanabhanu,12,32,"चारित्रधर्म राजाना सैन्य साथे मेळवी द्यो, अने पवो उपाय बतावो के जेथी तेओ",0.1189,0.8021,0.8852,0.8321,-0.0129
bhuvanabhanu,12,33,"मारो पराभव ज करी न शके, अने हुं ते बधानो विनाश करी शकुं.""",0.1206,0.8257,0.736,0.857,-0.018
bhuvanabhanu,12,34,"त्यारे कुवलयचन्द्र केवलीए कह्यु- ""हे राजन् ! तमारा जेवा माटे तेम करबु योग्य",0.1655,0.848,0.8852,0.8785,-0.0138
bhuvanabhanu,12,35,म छे. माटे तमे चारित्र अंगीकार करो पटले हुं तमने चारित्रधर्मना सैन्य साथे मेळवी दंछं,0.1183,0.869,0.884,0.9004,-0.0122
bhuvanabhanu,12,36,के जेथी मोहादि शत्रुओनो तमे क्षय करी शको. ते रिपुओना क्षयनो उपाय आ प्रमाणे छे-,0.1195,0.8939,0.8823,0.9244,-0.0122
bhuvanabhanu,12,37,Jain Education International,0.0146,0.9747,0.1841,0.9824,0.0
bhuvanabhanu,12,38,For Private & Personal Use Only,0.4196,0.9751,0.62,0.9854,0.0
bhuvanabhanu,12,39,www.jainelibrary.org,0.8584,0.9755,0.9848,0.985,0.0
bhuvanabhanu,13,1,१२,0.1247,0.0571,0.1544,0.0717,0.0
bhuvanabhanu,13,2,भुवणभाणुकेवलि-चरिंयं,0.3945,0.055,0.5554,0.0747,0.0
bhuvanabhanu,13,3,सर्व संगनो त्याग करी चारित्रधर्मतु ज शरण लेवु. एक क्षणवार पण सर्वविरतिना,0.1725,0.0889,0.8939,0.1134,0.0024
bhuvanabhanu,13,4,"संगनो त्याग न करवो. सद्बोध, सम्यग्दर्शन अने सदागमने अति संनिहित करी राखवा.",0.1276,0.1129,0.8939,0.1383,0.003
bhuvanabhanu,13,5,"बीजा प्रशम, मार्दव, आर्जव, संतोष, तप, संयम, सत्य, शौच, अकिंचनता अने ब्रह्मचर्य",0.1265,0.1348,0.8957,0.1614,0.003
bhuvanabhanu,13,6,वगेरे सुभटोथी अने शीलांगादिथी सैन्यमां वधारो करवो. पछी सद्बोध अने सदागमे,0.1282,0.1571,0.8922,0.1846,0.0046
bhuvanabhanu,13,7,बतावेल विधि प्रमाणे अत्यंत सत्त्वशाळी बनीने पूर्वोक्त अनंत सैन्य सहित सज्ज थई,0.1276,0.1816,0.8928,0.2065,0.0046
bhuvanabhanu,13,8,तमारे मोहादि शत्रुओ साथे निरंतर युद्ध करबु आ प्रमाणे करवाथी चारित्र-धर्मना,0.1259,0.204,0.8939,0.2297,0.0046
bhuvanabhanu,13,9,सैनिको तमारा सहायक थशे अने तमे पण एमनी सहाय करी मोहारिसैन्यनो सर्वथा क्षय,0.1241,0.225,0.8922,0.2512,0.0053
bhuvanabhanu,13,10,"करी निवृत्तिपुरीना स्वामी थशो"".",0.127,0.2499,0.4266,0.2714,0.0019
bhuvanabhanu,13,11,"आ प्रमाणे भगवान कुवलयचंद्र केवलीना वचनो सांभळी चित्तमां अति प्रसन्न थई,",0.176,0.2812,0.8951,0.3074,0.0073
bhuvanabhanu,13,12,""" आवो संयोग फरी प्राप्त थवो मुश्केल छे"" पम विचारी तत्वज्ञ एवा बलि नरेन्द्रे रतिसुंदर",0.1276,0.3049,0.8951,0.331,0.0068
bhuvanabhanu,13,13,पटराणीना नयसार नामे ज्येष्ठ पुत्रने राज्यासन पर स्थापवानी सामंतोने आज्ञा करी. तेनो,0.1241,0.3276,0.8928,0.3534,0.0068
bhuvanabhanu,13,14,"राज्याभिषेक करी पछी जिनमंदिमां पूजा, महादान अने अमारि-घोषणा करावी, महो-",0.1265,0.3499,0.8904,0.3766,0.0069
bhuvanabhanu,13,15,"त्सवपूर्वक राजाओ, मांडलिको, मंत्रोओ, सामंतो अने नगरजनो व. पांचसो मनुष्यो साये",0.1253,0.3718,0.8928,0.3997,0.0061
bhuvanabhanu,13,16,तथा पोतानी केटलीक राणीओ साथे ते केवळो भगवंत पासे आव्या अने विधिपूर्वक,0.1265,0.395,0.8922,0.4238,0.0068
bhuvanabhanu,13,17,दीक्षा ग्रहण करी.,0.123,0.4191,0.2826,0.4388,0.0
bhuvanabhanu,13,18,पछी गुरुमहाराजे आपेली प्रथमनी सर्व शिक्षाने तेमणे तरत ज अमलमां मूकी दोधी.,0.1719,0.4538,0.8928,0.483,0.0097
bhuvanabhanu,13,19,सद्बोध अने पुण्योदयना प्रभावे थोडा ज दिवसोमां ते बारे अंग भणी रह्या अने अनेक,0.1241,0.4762,0.8939,0.5054,0.0098
bhuvanabhanu,13,20,अतिशयसंपन्न बन्या. पछी अवसर जाणीने कुवलयचंद्र भगवंते तेमने पोताना पदे-आचार्य,0.1259,0.4998,0.8916,0.526,0.0084
bhuvanabhanu,13,21,स्थाने स्थापित करीने पोते शैलेशीकरणथी भवोपग्राही कर्ममी निर्जरा करी मोक्षे गया.,0.1206,0.52,0.8881,0.5492,0.0114
bhuvanabhanu,13,22,त्यारबाद सद्बोध अने सदागमे कहेल विधि प्रमाणे समरांगणमां मोहराजना सैभ्यनु,0.1702,0.5543,0.8846,0.5831,0.009
bhuvanabhanu,13,23,निकंदन करता अने घणा भव्य जोत्रोने मोहरोजनी विडंबनाथी बबावता बलि सूरिए विहार,0.1235,0.5775,0.8869,0.6041,0.0069
bhuvanabhanu,13,24,"करी अनेक गाम, नगर, प्रदेशोने पावन कर्या.",0.123,0.6015,0.5233,0.6234,0.0015
bhuvanabhanu,13,25,एकदा अप्रमत्त गुणस्थाने पहोंचेला पवा तेमणे अकस्मात् विशुद्ध अध्यवसाय लक्षण-,0.1707,0.6316,0.8881,0.6608,0.0098
bhuvanabhanu,13,26,वाळी क्षपकश्रेणिरूप खड्गयष्टि मेळवी अने तेना वडे प्रथम अनंतानुबंधो बारे क्रोधादिक,0.123,0.6544,0.8875,0.684,0.0092
bhuvanabhanu,13,27,"कषायोने मूळथी हणी नाख्या. पछी अविशुद्ध, मिश्र अने विशुद्ध पवा त्रण रूपधारी",0.1235,0.6771,0.8881,0.7076,0.0107
bhuvanabhanu,13,28,"मिथ्यादर्शनने पण निर्मूळ करी, अपूर्वकरण गुणस्थानकनो स्पर्श करी, अनिवृत्तिबादर",0.1241,0.6994,0.8864,0.7299,0.0084
bhuvanabhanu,13,29,गुणस्थाने पहोंच्या. त्यां अप्रत्याख्यानावरण तथा प्रत्याख्यानावरणरूप आठ कषायोने मूळथी,0.1247,0.7243,0.8893,0.7544,0.0114
bhuvanabhanu,13,30,"ज ऊच्छेदवा मांड्या. ते अर्धा हणाया तेटलामां नरकगति, नरकानुपूर्वी, तिर्यबगति,",0.1235,0.7454,0.8858,0.7767,0.0076
bhuvanabhanu,13,31,"तियंगानुपूर्वी, पकेन्द्रिय, बेइंद्रिय, तेइंद्रिय अने चउरिंद्रियरूप चार जाति, आतप, उद्योत,",0.1276,0.766,0.8858,0.8003,0.0115
bhuvanabhanu,13,32,"स्थावर, सूक्ष्म अने साधारण-ए नामकर्मनी तेर प्रकृतिश्रो अने निद्रानिद्रा, प्रचलाप्रचला",0.1247,0.7913,0.891,0.8197,0.0091
bhuvanabhanu,13,33,अने थीर्णाद्ध-प त्रण निद्राओ-प प्रमाणे सोळ प्रकृतिओनो तेमणे नाश कर्यों. पछी,0.1241,0.8119,0.8916,0.8429,0.0106
bhuvanabhanu,13,34,"अर्धक्षपित आठ कषायो, नपुंसक वेद, स्त्री वेद, हास्य, रत्ति, अरति, शोक, भथ, जुगुप्सा,",0.1247,0.8364,0.8858,0.8673,0.01
bhuvanabhanu,13,35,"पुरुषवेद, संज्वलन क्रोध, मान, माया, अने लोभनो क्षय कर्यो. संज्वलन लोभनो",0.1235,0.8605,0.8893,0.8918,0.0084
bhuvanabhanu,13,36,क्षय करतां ते सूक्ष्म थई ने सूक्ष्म-संपराय नामना दशमा पगथीयामां जईने छुपाई,0.1218,0.8824,0.8846,0.9137,0.0061
bhuvanabhanu,13,37,रह्यो; पण त्यां जईने छेवटे क्षपक श्रेणिरूप खड्गथी तेमो घात कों.,0.1218,0.906,0.722,0.93,0.0049
bhuvanabhanu,13,38,Jain Education International,0.0146,0.9747,0.1841,0.9824,0.0
bhuvanabhanu,13,39,For Private & Personal Use Only,0.4196,0.9742,0.62,0.9858,0.0029
bhuvanabhanu,13,40,www.jainelibrary.org,0.8584,0.9755,0.9848,0.985,0.0
bhuvanabhanu,14,1,प्रस्तावना,0.4627,0.0537,0.5286,0.0678,0.0
bhuvanabhanu,14,2,१३,0.8636,0.0524,0.891,0.0678,0.0
bhuvanabhanu,14,3,प प्रमाणे अट्ठावीश सौदर्यमनुष्यरूप मोहराज पतित थतां बलि राजर्षि अस्खलितपणे,0.1684,0.0794,0.8846,0.1043,-0.0016
bhuvanabhanu,14,4,आगळ वधी सिद्धिसौधना क्षीणमोह गुणस्थान नामना बारमा पगथिया पर पहोंचो गया.,0.1212,0.1035,0.8869,0.1267,-0.0023
bhuvanabhanu,14,5,"त्यां मतिज्ञानावरण, श्रुतज्ञानावरण, अवधिज्ञानावरण, मनःपर्यायज्ञानावरण अने केवल-",0.123,0.1267,0.8934,0.1511,-0.0023
bhuvanabhanu,14,6,"ज्ञानावरण ए पांच रूपने धारण करनार एवा ज्ञानावरणने हण्यो. दानांतराय, लाभांतराय,",0.1265,0.1498,0.8893,0.1739,-0.0038
bhuvanabhanu,14,7,"भोगांतराय, उपभोगांतराय अने बीयांतराय प पांच अंतरायने हण्या. निद्रा, प्रचला,",0.1253,0.1722,0.8922,0.1936,-0.0015
bhuvanabhanu,14,8,"चक्षुदर्शनावरण, अचक्षुदर्शनावरण, अवधिदर्शनावरण अने केवलदर्शनावरण- प छ दर्शना-",0.1224,0.1945,0.8939,0.2198,-0.0015
bhuvanabhanu,14,9,वरण ना भेदोने हण्या. आ प्रमाणे धातिकर्म चतुष्टय रूप चार महानायक पतित थतां,0.12,0.2155,0.8893,0.2413,-0.0023
bhuvanabhanu,14,10,रिपु-सैन्य प्रायः अनाथ अने अशक्त थई गयुं. पटले पूर्वे ज्ञानावरण अने दर्शनावरणे,0.1224,0.2413,0.891,0.2662,-0.0015
bhuvanabhanu,14,11,"आवृत्त करी दीघेलं, सकल पदार्थना समूह ने प्रकाशनाएं एवं केवलज्ञान अने केवल-",0.1218,0.2645,0.8893,0.2881,-0.0008
bhuvanabhanu,14,12,दर्शन तेमने प्रगट थयु. पछी ते सयोगीकेलि गुण स्थान नामना तेरमा पगथीया पर,0.1247,0.2877,0.8951,0.3104,0.0
bhuvanabhanu,14,13,आरूढ थया. आ जाणी चारित्र धर्म वगेरे परम हर्ष पाम्या. तेना सैन्यमां बधा हर्षावेषथी,0.1241,0.3079,0.8928,0.3298,-0.0008
bhuvanabhanu,14,14,पुष्ट बनी गया.,0.123,0.3315,0.2494,0.3538,0.0
bhuvanabhanu,14,15,"त्यार पछो बलि केवलोए अनेक देशोमां विहार करी, मोहादिना रहस्यो प्रगट करी",0.1661,0.3499,0.8922,0.3723,-0.0008
bhuvanabhanu,14,16,तेनो विडंबनाओमांथी अनेक भव्य जीवोने छोडाव्या. अनेक दुःखोथी मुक्त थवाथी संतुष्ट,0.1212,0.3736,0.8945,0.3963,-0.0008
bhuvanabhanu,14,17,थयेला जनोप तेमने 'भुवनभानु' पबु नाम आप्यु.,0.1218,0.3976,0.5402,0.4195,-0.0014
bhuvanabhanu,14,18,आ प्रमाणेनी भुवनभानु केवलीनी कथा जाणीने चंद्रमौलि राजाने पण संवेग उत्पन्न,0.1707,0.4182,0.8945,0.4401,-0.0008
bhuvanabhanu,14,19,"थाय छे. ते पण पोताना पुत्र चंद्रवदनने राजगादी सौंपी, महोत्सवपूर्वक भुवनभानु केवली",0.1224,0.441,0.8963,0.4654,-0.0015
bhuvanabhanu,14,20,"पासे दीक्षा ग्रहण करे छे. अल्प दिवसोमां ज ते बधी शिक्षा ग्रहण करी, चौद पूर्वनो",0.12,0.4646,0.8939,0.4882,-0.0015
bhuvanabhanu,14,21,अभ्यास करी महाप्रभावक अने गुणवंत बन्या. योग्य अवसरे भुवनभानुप तेमने आचार्यपदे,0.12,0.4869,0.8934,0.5097,-0.0008
bhuvanabhanu,14,22,"स्थाप्या. पछी पोते शैलेशीकरणरूपी करवालथी कर्म शत्रुना बाकी रहेला वेदनीय, आयु,",0.1206,0.5084,0.891,0.5346,-0.0008
bhuvanabhanu,14,23,"नाम अने गोत्र नामना भयोपग्राही कर्म-चतुष्टयनो क्षय करी, चारित्रधर्मना समस्त सैन्यनी",0.1212,0.532,0.891,0.5552,-0.003
bhuvanabhanu,14,24,"अति उन्नति करी, सर्व शरीर अने कर्मनो संबंध छोडी दई, समग्र संसारना दुःखप्रपंचथी",0.1224,0.5547,0.8951,0.5801,-0.0023
bhuvanabhanu,14,25,"मुक्त थई, निवृत्तिपुरीना स्वामी बन्या.",0.1212,0.5775,0.4505,0.6037,-0.0088
bhuvanabhanu,14,26,कथानक परंपरा -,0.1259,0.6054,0.2698,0.6256,-0.0163
bhuvanabhanu,14,27,भुवनभानु केवळीना जीवननो विषय जैन लेखकोमां घणो प्रसिद्ध अने प्रिय रह्यो,0.1678,0.6269,0.8928,0.6531,-0.0024
bhuvanabhanu,14,28,"जणाय छे. संस्कृत, प्राकृत अने गुजराती भाषामां आ ज विषय उपर रचायेली कृतिओनी",0.1212,0.6514,0.8916,0.6741,-0.0023
bhuvanabhanu,14,29,अनेक हस्तप्रतो भंडारोमां उपलब्ध थाय छे ते इकीकत आ वातनी साक्षी पूरे छे.,0.1212,0.6737,0.8345,0.6969,-0.0016
bhuvanabhanu,14,30,आ कथानकवाळी सौ प्रथम रचना आचार्य हेमचंद्रसूरि मलधारी (ई. स. १२ मी,0.1684,0.6943,0.8951,0.7188,-0.0016
bhuvanabhanu,14,31,सदो) नी 'भुवनभानुकेवलि-चरित' छे. तेमना 'भवभावना' (रवना ई.स. ११२३) नामक,0.1206,0.7196,0.8934,0.7428,0.0
bhuvanabhanu,14,32,ग्रंथनी स्वोपन संस्कृत वृत्तिमां पांवमी अनित्य भावनाना विवेचनमां आ बरित्रनी गुंथणीो,0.1212,0.7419,0.8922,0.766,-0.0015
bhuvanabhanu,14,33,करायेल छे.' आ. सिद्धर्षिनी प्रसिद्ध रूपककथा 'उमितिभवप्रपंचकथा' (रचना ई.स. ९०५),0.1177,0.7647,0.8922,0.787,-0.0015
bhuvanabhanu,14,34,ना अनुकरणमां आ कथा लखाई होय तेम बे बच्चेनुं वस्तुगत साम्थ जोतां प्रथम नजरे,0.1189,0.7827,0.8899,0.8072,-0.0023
bhuvanabhanu,14,35,ज जणाय छे.,0.1166,0.8085,0.2267,0.827,-0.016
bhuvanabhanu,14,36,इन्द्रहंस गणिए आ. हेमचन्द्रनी रचनाना आधारे ज पोतानी रचना करी छे. प्रश-,0.1661,0.8283,0.891,0.8506,-0.0008
bhuvanabhanu,14,37,स्तिमां करेला उल्लेखथी अने समग्रकाव्यना आंतरिक साम्य परथो पण आ हकोकत,0.1189,0.8502,0.8899,0.8729,-0.0038
bhuvanabhanu,14,38,समर्थित थाय छे.,0.1171,0.8716,0.264,0.8905,-0.0119
bhuvanabhanu,14,39,"१. भव-भावना, मलधारी हेमचन्द्रसूरि, प्रका. ऋ. के. पेढी, रतलाम, ई. स. १९३८ पृ. २७२.",0.1632,0.8965,0.8875,0.9193,-0.0032
bhuvanabhanu,14,40,Jain Education International,0.0146,0.9747,0.1841,0.9828,0.0
bhuvanabhanu,14,41,For Private & Personal Use Only,0.4196,0.9751,0.62,0.9854,0.0
bhuvanabhanu,14,42,www.jainelibrary.org,0.8584,0.9755,0.9848,0.985,0.0
bhuvanabhanu,15,1,१४,0.1288,0.0528,0.1568,0.0687,0.0
bhuvanabhanu,15,2,भुवणभाणुकेवलि-चरियं,0.4621,0.0481,0.6212,0.0687,-0.0037
bhuvanabhanu,15,3,समयनी दृष्टिए त्रीजी रचना छे संवत् १६०३ मां रायेल खरतरगच्छीय लक्ष्मीलाभ-,0.176,0.0854,0.9027,0.1065,-0.0008
bhuvanabhanu,15,4,गणितुं प्राकृत गद्यबद्ध 'भुवनभानुकेवलिचरित्र'. अद्यावधि अप्रकाशित आ कृतिनी सं. १८८८,0.1288,0.1073,0.9021,0.1305,-0.0015
bhuvanabhanu,15,5,मां लखायेल हस्तप्रत ला. द. भा. सं. विद्यामंदिरमां केले.' आ लक्ष्मीलामे मलधारीना,0.127,0.1305,0.9021,0.152,-0.0008
bhuvanabhanu,15,6,संस्कृत चरित्रतुं शब्दशः प्राकृत रूपान्तर करेलु जणाय छे. तेना पर कोई अज्ञात कर्त्ताप,0.127,0.1537,0.8974,0.1756,-0.0008
bhuvanabhanu,15,7,रचेल गुजराती स्तबक पण छे.,0.1294,0.173,0.4038,0.1936,-0.0021
bhuvanabhanu,15,8,वि. सं. १७६९ मां तपगच्छना उद्यरत्नसूरिए गुजराती भाषामां 'भुवनभानुकेवळीनो,0.1766,0.1984,0.9009,0.222,-0.0008
bhuvanabhanu,15,9,रास' लखेल छे. आ रास पण मलधारीना 'भु. भा. के. चरित्र'ना आधारे ज रच्यो होवाळुं,0.1294,0.2207,0.898,0.2447,-0.0008
bhuvanabhanu,15,10,"कर्त्ताप स्वयं नोंध्युं छे. आ रास प्रकाशित थयेल छे.""",0.1282,0.2443,0.5938,0.2671,-0.0013
bhuvanabhanu,15,11,वि. सं. १८०१ मां तत्त्वहंसर्गाणए मलधारोना 'भु. भा. के. चरित्र' पर एक गुजराती,0.1766,0.2714,0.9015,0.2941,-0.0008
bhuvanabhanu,15,12,बालावबोध रचेल मळे छे. ते अप्रकाशित छे. तेनी हस्तप्रत उपरोक्त ला. द. विद्यामंदिरमां,0.1276,0.2945,0.8992,0.3152,-0.0008
bhuvanabhanu,15,13,उपलब्ध छे.,0.1282,0.3195,0.2267,0.3383,-0.0059
bhuvanabhanu,15,14,आज मलधारीनी कृति पर कोई हरिकलश यति विरचित बालावबोध-वात्तिकनी,0.1766,0.3392,0.8992,0.3607,-0.0024
bhuvanabhanu,15,15,प्रत पण उपरोक्त विद्यामंदिरना संग्रहमां छे-जेनो रचना समय के लेखन समय अज्ञात छे.,0.1282,0.3628,0.891,0.3843,-0.0015
bhuvanabhanu,15,16,आ उपरांत जिनरत्नकोषमां बोजा चारेक कर्त्ताओनो 'भुवनभानुचरित्र' के 'भुवन,0.1824,0.3856,0.8916,0.41,-0.0025
bhuvanabhanu,15,17,"भानुकेलिचरित्र' नामक रचनाओ नोंधाई छे. तेमना नाम छे-हरिभद्रसूरि, उदयविजय,",0.1294,0.4083,0.8963,0.4328,-0.0038
bhuvanabhanu,15,18,"विजयचन्द्रसूरि अने हरिकलश गणि.""",0.1288,0.4319,0.4586,0.4564,-0.0106
bhuvanabhanu,15,19,आमां जिनरत्नकोष मुजब हरिभद्रसूरिनी कृति विमळगच्छना उपाश्रयर्मा (डाबडा,0.1748,0.4581,0.8969,0.483,-0.004
bhuvanabhanu,15,20,नं. २७ प्रत नं. १२) होवी जोईए-परंतु विमळगच्छना भंडारनी प्रतिओना अद्यतन सूची,0.127,0.4805,0.891,0.5054,-0.0046
bhuvanabhanu,15,21,पत्रमां कोई आवी रचना नथी मळती. बीजा अने त्रोजा कर्ता विशे विशेष हकीकत नथी,0.127,0.5032,0.8974,0.5268,-0.0045
bhuvanabhanu,15,22,मळी. चोथा कर्ता ते उपर उल्लिखित हरिकलश यति ज जणाय छे के जेणे 'भु. भा. चरित्र',0.1259,0.5264,0.8945,0.5513,-0.0038
bhuvanabhanu,15,23,मूळ नहीं परंतु मलधारीनी कृतिनी टीका ज रची छे.,0.1276,0.55,0.5985,0.5771,-0.0087
bhuvanabhanu,15,24,आम भुवनभानु केवलीनुं चरित्र एक उपदेशात्मक कथानक तरीके जैन साहित्यमां,0.1748,0.5711,0.8945,0.5981,-0.004
bhuvanabhanu,15,25,घणु प्रचार पामेलुं जोई शकाय छे.,0.127,0.596,0.4365,0.6213,-0.0113
bhuvanabhanu,15,26,"अमदावाद, १५ जून १९७६.",0.1282,0.6466,0.3654,0.669,-0.0148
bhuvanabhanu,15,27,-र. म. शाह,0.7686,0.6479,0.8951,0.6621,0.0046
bhuvanabhanu,15,28,"१. ला. द. भारतीय संस्कृति विद्यामंदिर, प्रति नं. १५०.",0.1754,0.7896,0.5897,0.8167,-0.0239
bhuvanabhanu,15,29,"२. भुवनभानुकेवळीनो रास, उदयरत्नसूरि, प्रका. शेठ उक्काभाइ शिवजी, मुंबई, ई. स. १८७१.",0.1731,0.8102,0.866,0.8403,-0.0135
bhuvanabhanu,15,30,"३. ला. द. भारतीय संस्कृति विद्यामंदिर, प्रति नं. १०२४०.",0.1725,0.8351,0.6148,0.8617,-0.0251
bhuvanabhanu,15,31,"४. ला. द. भारतीय संस्कृति विद्यामंदिर, प्रति नं. ७८८२.",0.1702,0.8587,0.6096,0.8849,-0.0226
bhuvanabhanu,15,32,"५. जिनरत्नकोष संपा. ह. द. वेलनकर, पुना ई. स. १९४४, पृ. २८२.",0.1725,0.8802,0.7156,0.9077,-0.0172
bhuvanabhanu,15,33,६. जुओ 'विमळगच्छ ज्ञानभंडार' नु' ला. द. भा. सं. विद्यामंदिर स्थित सूचिपत्र.,0.1713,0.9021,0.7634,0.9304,-0.0148
bhuvanabhanu,15,34,Jain Education International,0.0146,0.9747,0.1841,0.9828,0.0
bhuvanabhanu,15,35,For Private & Personal Use Only,0.4196,0.9751,0.62,0.9854,0.0
bhuvanabhanu,15,36,www.jainelibrary.org,0.8584,0.9755,0.9848,0.985,0.0
bhuvanabhanu,16,1,सिरिइंदहंसगणिविरइय,0.3969,0.4298,0.5886,0.4538,0.0
bhuvanabhanu,16,2,भुवणभाणुकेवलिचरियं,0.3083,0.4568,0.7034,0.5114,-0.0059
bhuvanabhanu,16,3,Jain Education International,0.0146,0.9751,0.1847,0.9828,0.0
bhuvanabhanu,16,4,For Private & Personal Use Only,0.4196,0.9747,0.62,0.985,0.0
bhuvanabhanu,16,5,www.jainelibrary.org,0.8584,0.9755,0.9848,0.985,0.0
bhuvanabhanu,17,1,Jain Education International,0.0146,0.9751,0.1847,0.9828,0.0
bhuvanabhanu,17,2,For Private & Personal Use Only,0.4196,0.9747,0.62,0.985,0.0
bhuvanabhanu,17,3,www.jainelibrary.org,0.8584,0.9755,0.9848,0.985,0.0
bhuvanabhanu,18,1,॥ णमो त्धु णें अणुओगधराणं थेराणं भगवंताणे,0.3275,0.1108,0.6608,0.1297,0.0
bhuvanabhanu,18,2,सिरिइंदहंसगणिविरइयं,0.4062,0.1456,0.6002,0.1692,0.0
bhuvanabhanu,18,3,भुवणभाणुकेवलिचरियं,0.3765,0.1919,0.6218,0.2263,0.0
bhuvanabhanu,18,4,अवरणामं,0.4627,0.2435,0.5472,0.2585,0.0
bhuvanabhanu,18,5,बलिनराहिवचरियं,0.4044,0.2778,0.6026,0.3074,0.0
bhuvanabhanu,18,6,सिरिवद्धमाणसामी जिणेसरो कुणउ कुसलमालाओ ।,0.2803,0.3358,0.7314,0.3555,0.0
bhuvanabhanu,18,7,दाणव-माणव-देविंदविदवंदिअचलणकमलो ॥१॥,0.278,0.3581,0.683,0.377,0.0
bhuvanabhanu,18,8,सिरिभुवणभाणुकेवलिचरिअं वुच्छामि 'रइअअच्छरिअं ।,0.2797,0.3847,0.7704,0.4058,0.0
bhuvanabhanu,18,9,जं सुणिऊण भविअजणकण्णा पावंति पावित्तं ॥२॥,0.2786,0.4079,0.7127,0.4285,0.0
bhuvanabhanu,18,10,जोअणलक्खपमाणो जंबुद्दीवाभिहाणओ दीवो ।,0.2791,0.435,0.6836,0.4551,0.0
bhuvanabhanu,18,11,एसो विसालथालयवट्टो वट्टइ जयम्मि सया ॥३॥,0.2815,0.4573,0.7115,0.4779,0.0
bhuvanabhanu,18,12,तस्स य मज्झे सोहइ 'सुरसेलो लक्खजोअणुच्चत्तो ।,0.2797,0.4852,0.722,0.5058,0.0
bhuvanabhanu,18,13,* पिंडीकयदीवरमाकोसो तिअसालिकेलिहरं ॥४॥,0.2809,0.5075,0.6999,0.526,0.0
bhuvanabhanu,18,14,*सुरसिहरि पच्छिमदिसासेहरसोहं विदेहखित्तमिणं ।,0.2815,0.5346,0.7314,0.5552,0.0
bhuvanabhanu,18,15,कालो जस्स न सत्तू 'देहाइक्खयविहाणेण ॥५॥,0.2768,0.5578,0.6952,0.5784,0.0
bhuvanabhanu,18,16,"गिरि-सरिआरमणीओ इह ""रेहइ गंधिलावई विजओ ।",0.2768,0.5844,0.7576,0.6046,0.0012
bhuvanabhanu,18,17,गामाऽऽगर-नगरेहिं देसा दीसंति जत्थ गुरू ॥६॥,0.2786,0.608,0.7063,0.6277,0.0
bhuvanabhanu,18,18,तत्थ पुरी चंदपुरी 'सहोअरा होइ जीइ ण जयम्मि ।,0.2786,0.6355,0.7529,0.6556,0.0
bhuvanabhanu,18,19,इंदपुरी णागपुरी अलया लंका व अवरा वा ॥७॥,0.2786,0.6587,0.7086,0.678,0.0
bhuvanabhanu,18,20,सालो जत्थ फलिहमणिघडिओ 'अंबरतलासिलेसिसिहो ।,0.2774,0.6853,0.7791,0.7033,0.0
bhuvanabhanu,18,21,जाणामि इमं ''वलयं नयरीनारीइ रुप्पमयं ॥८॥,0.2756,0.708,0.7069,0.7269,0.0
bhuvanabhanu,18,22,''केलासुज्जलकंती पासाया संति जत्थ झयजुत्ता ।,0.2815,0.7359,0.7104,0.7553,0.0
bhuvanabhanu,18,23,किं 'कारगकित्तीओ फुरंति उड्ढं चउदिसासुं ॥९॥,0.2745,0.7583,0.7308,0.7789,0.0
bhuvanabhanu,18,24,१. रचिताश्चर्यम् कृताश्चर्यमित्यर्थः ॥ २. पावित्र्यम्-पवित्रताम् ॥ ३. सुरशैलः मेरुः ॥ ४. पिण्डीकृतद्वीपरमाकोशः,0.1591,0.7965,0.8916,0.8167,0.0
bhuvanabhanu,18,25,त्रिदशालिकेलिगृहम् ॥ ५. सुरशिखरिपश्चिमदिशाशेखरशोभं विदेहक्षेत्रं इदम् ॥ ६. देहादिक्षयविधानेन कालो यस्य,0.1061,0.8252,0.8916,0.8441,0.0
bhuvanabhanu,18,26,"न शत्रुः ॥ ७. रेहइ-राजते ॥ ८. सहोदरा-तुल्या समाना ॥ ९. अम्बरतला लेषिशिखः ॥ १०० करकङ्कणम्,",0.1072,0.8523,0.8904,0.8725,0.0
bhuvanabhanu,18,27,भाषायाम् 'बलैयुं ' ॥ ११. कैलासोज्ज्वलकान्तयः ॥ १२. कारककीर्तयः-प्रासादविधायक-शिल्पिकीर्तयः स्फुरन्ति ॥,0.1072,0.8785,0.8654,0.8995,0.0
bhuvanabhanu,18,28,Jain Education International,0.0146,0.9747,0.1841,0.9828,0.0
bhuvanabhanu,18,29,For Private & Personal Use Only,0.4196,0.9751,0.62,0.9854,0.0
bhuvanabhanu,18,30,www.jainelibrary.org,0.8584,0.9755,0.9848,0.985,0.0
bhuvanabhanu,19,1,२,0.1096,0.0597,0.1276,0.0717,0.0
bhuvanabhanu,19,2,सिरिइदहंसगणिविरइयं,0.6818,0.0571,0.8957,0.0777,0.0027
bhuvanabhanu,19,3,ति-चउ-पण-सत्तभूमीरम्माई जत्थ इब्भगेहाणि ।,0.2797,0.0923,0.6882,0.1121,0.0
bhuvanabhanu,19,4,मण्णे इमाणि लोगे अवइण्णाई विमाणाणि ॥१०॥,0.2809,0.1151,0.7121,0.1344,0.0
bhuvanabhanu,19,5,विलसंति पुरीइ इमे ववहारिगणा य देवकुमर व्व ।,0.2791,0.1417,0.7354,0.1627,0.0013
bhuvanabhanu,19,6,दिव्वंसुग-कणगाहरणभासुरंगा 'सुरंगमुहा ॥११॥,0.2803,0.1696,0.6993,0.1902,0.0014
bhuvanabhanu,19,7,णयरीए गोरीओ मयरज्झयसायरिक्कलहरीओ ।,0.2774,0.1962,0.7115,0.2155,0.0013
bhuvanabhanu,19,8,णिअरूवजिअसुरीओ भोगजलुत्तारसुतरीओ ॥१२॥,0.2809,0.219,0.7121,0.24,0.0
bhuvanabhanu,19,9,*जाहिं आवणसेणी पूरिअपासा कयाणगसपहिं ।,0.2826,0.2465,0.7034,0.2653,0.0
bhuvanabhanu,19,10,जुत्ता मुत्ताहल-मणि-कणगाईहिं समुल्लसइ ॥१३॥,0.278,0.2679,0.6871,0.2894,0.0
bhuvanabhanu,19,11,पुरिसुत्तमा अणेगे 'महेसरा जत्थ लक्खसंखा य ।,0.2885,0.2958,0.7214,0.3156,0.0
bhuvanabhanu,19,12,सयमाणपयावइणो पडिगेहं संति 'अच्छेरं ॥१४॥,0.2751,0.3182,0.7174,0.3379,0.0
bhuvanabhanu,19,13,जीए जणाण दाणव्वसणं वसणेसु विज्जए निच्चं ।,0.2774,0.3456,0.7028,0.3654,0.0
bhuvanabhanu,19,14,सोगो निग्गंतूर्ण जओ ठिओ ''णाममालाए ॥१५॥,0.2745,0.3684,0.7209,0.3873,0.0
bhuvanabhanu,19,15,सिरिअकलंकभिहाणो पयाउ पालेइ तत्थ भूवालो ।,0.2756,0.3907,0.7057,0.4105,0.0
bhuvanabhanu,19,16,सक्को सक्कर न उणाइ' जस्स गुणवण्णणं काउं ॥१६॥,0.2751,0.4148,0.7558,0.4337,0.0
bhuvanabhanu,19,17,सजणमणकेर ववणपमोअसंपायणे ''णिसाणाहो ।,0.2756,0.4453,0.6976,0.4629,0.0
bhuvanabhanu,19,18,जो ''रायणीइलयवणमेहो लायण्णणिहिदेहो ॥१७॥,0.2739,0.468,0.7226,0.4873,0.0
bhuvanabhanu,19,19,** चोरंधयारपयरप्पयारपडिसेहओ दिणमणि व्व ।,0.278,0.4942,0.729,0.5144,0.0013
bhuvanabhanu,19,20,पयडिअपयावपसरो नरेसरो देइ आणंदं ॥१८॥,0.2739,0.517,0.6935,0.5367,0.0014
bhuvanabhanu,19,21,दिटुम्मि जम्मि वंसो लक्खिज्जइ एरिसेगसप्पुरिसो ।,0.271,0.5492,0.7203,0.5702,0.0013
bhuvanabhanu,19,22,**अमिअमयाणि फलाई अमिअलयाप हवंति जओ ॥१९॥,0.278,0.5711,0.7786,0.5921,0.0012
bhuvanabhanu,19,23,सव्वेहिं पि गुणेहिं नियरूवमिसेण दंसिओ जाणे ।,0.2739,0.5981,0.7168,0.6191,0.0013
bhuvanabhanu,19,24,"दप्पणतलम्मि जह वत्थुसत्थपहिं"" सपडिबिंबं ॥२०॥",0.2751,0.6222,0.7314,0.6432,0.0
bhuvanabhanu,19,25,विणओ विणउ व्व णओ णओ व्व वयणं च जस्स वयणं व ।,0.2681,0.6488,0.8112,0.6668,0.0
bhuvanabhanu,19,26,रूवं रूर्व व पुणो मणोहरं जेण णत्थि परं ॥२६॥,0.2721,0.6767,0.6981,0.6969,0.0
bhuvanabhanu,19,27,जह गहगणेसु सोमो भीमो जह सत्तवंतलोपसु ।,0.2681,0.7042,0.6888,0.7239,0.0
bhuvanabhanu,19,28,णयवंतेसु य रामो निवेसु तह एस 'रायाणो ॥२२॥,0.271,0.7304,0.7238,0.751,0.0
bhuvanabhanu,19,29,१२,0.3753,0.4375,0.3992,0.4453,0.0
bhuvanabhanu,19,30,"१. आनन्दपूर्णमुखा इत्यर्थः ॥ २. स्त्रिय इत्यर्थः ॥ ३. मकरध्वजसागरकलहर्यः ॥ ४. सुतरीओ-सुतर्यः, नावः ॥",0.1521,0.7681,0.8829,0.7892,0.0
bhuvanabhanu,19,31,"५. यस्यां पुर्याम् ॥ ६. एकत्र पुरुषोत्तमाः कृष्णाः, अन्यत्र उत्तमपुरुषाः ॥ ७. एकत्र महेश्वराः शिवाः, अन्यत्र",0.0979,0.7969,0.8817,0.8162,0.0
bhuvanabhanu,19,32,"ऋद्धिमन्तः ॥ ८. एकत्र प्रजापतयः- ब्रह्माणः, अन्यत्र सन्ततिमन्तः ॥ ९. आश्चर्यम् ॥ १०. नाममालायां-अभिधानकोशे ॥",0.0956,0.8248,0.8811,0.8429,0.0
bhuvanabhanu,19,33,११. पुनः ॥ १२. कैरववनम्-रात्रिविकाशिकमलवनम् ॥ १३ निशानाथः --चन्द्रः ॥ १४. राजनीतिलतावनमेघः ॥,0.0985,0.851,0.8794,0.8716,0.0
bhuvanabhanu,19,34,१५. चौरान्धकारप्रकरप्रचारप्रतिषेधकः दिनमणिः- सूर्य इव ॥ १६. अमृतमयाचि फलानि अमृतलतायाम् ॥ १७. सार्थकैः-,0.0967,0.8789,0.88,0.8987,0.0
bhuvanabhanu,19,35,साथः ॥ १८. राजा ॥,0.0932,0.9111,0.2488,0.924,0.0
bhuvanabhanu,19,36,Jain Education International,0.0146,0.9747,0.1841,0.9828,0.0
bhuvanabhanu,19,37,For Private & Personal Use Only,0.4196,0.9751,0.62,0.9854,0.0
bhuvanabhanu,19,38,www.jainelibrary.org,0.8584,0.9755,0.9848,0.985,0.0
bhuvanabhanu,20,1,भुवणभाणुकेवलिचरियं,0.109,0.0653,0.3077,0.0859,0.0
bhuvanabhanu,20,2,३,0.8811,0.0696,0.9003,0.0816,0.0
bhuvanabhanu,20,3,नामेण तस्स भज्जा सुदंसणा 'दंसणेण सुपसत्था ।,0.2797,0.1013,0.7226,0.1215,0.0
bhuvanabhanu,20,4,* सारयविसारया जा सारयघणविसयसीला य ॥२३॥,0.285,0.1267,0.7605,0.1468,-0.0012
bhuvanabhanu,20,5,जीए एसा णो तणुलट्ठी सावण्णिआ लया किंतु ।,0.2803,0.1541,0.7063,0.1756,0.0
bhuvanabhanu,20,6,तत्थ इणं पुण वयणं चंदकलाघडिअपउमं व ॥२४॥,0.2809,0.176,0.7244,0.1984,-0.0013
bhuvanabhanu,20,7,तस्सुवरिं णयणाई मरगय-माणिक्कपुग्गलकयाई ।,0.2803,0.2031,0.6935,0.225,-0.0014
bhuvanabhanu,20,8,कमलाणि इमाणि पुणो जाणे जणहरिसजणयाई ॥ २५॥ युग्मम् ॥,0.2803,0.2263,0.8339,0.2477,0.0
bhuvanabhanu,20,9,किं विउलच्छी लच्छी ? सुपव्वदेवी व १ पव्वई वा वि ? ।,0.2797,0.2529,0.8077,0.2739,0.0
bhuvanabhanu,20,10,णिरूवमरूवं जीप जाणंति जणा पलोअंता ॥२६॥,0.2832,0.2761,0.7005,0.2954,-0.0014
bhuvanabhanu,20,11,दंता दाडिमकलिआउ जीइ अहरा 'पवालसयलाई ।,0.2797,0.3027,0.711,0.3225,-0.0014
bhuvanabhanu,20,12,सामलवण्णेो वेणीदंडो भुअगो पयंडो अ ॥२७॥,0.2768,0.3259,0.6987,0.3469,-0.0014
bhuvanabhanu,20,13,भुवणालवालमज्झे जा देवलय व्व रोविआ विहिणा।,0.2815,0.3521,0.722,0.374,-0.0013
bhuvanabhanu,20,14,"अमिअरसेणं सित्ता तेणं ""पञ्चंगचंगगुणा ॥२८॥",0.2809,0.3761,0.6824,0.3959,0.0
bhuvanabhanu,20,15,तीए जाओ अ बली तणुओ भाणु व्व पुव्वआसाए ।,0.2791,0.4032,0.7179,0.4234,0.0
bhuvanabhanu,20,16,जो होइ वडूढमाणो चंदु व्व सयलकलावंतो ॥२९॥,0.2803,0.4259,0.7238,0.4461,-0.0013
bhuvanabhanu,20,17,*सत्थोहपरिस्समओ सुहडत्तण-पंडिअत्तसंपत्तो ।,0.2815,0.4556,0.6882,0.4775,-0.0014
bhuvanabhanu,20,18,सीहोवमाणसत्तो पण्णाविण्णायतत्तो जो ॥३०॥,0.2791,0.4792,0.6917,0.4985,-0.0014
bhuvanabhanu,20,19,जस्संगसंगमाओ गुणा वि गुरुअत्तणं गया नूणं ।,0.2791,0.5067,0.6993,0.5264,-0.0014
bhuvanabhanu,20,20,जह कणगसेलपासा तणाणि वि सुवण्णकंतीणि ॥३१॥,0.2774,0.5277,0.7436,0.5492,-0.0013
bhuvanabhanu,20,21,"""मग्गणमुहमग्गियधणवरिसणमेहो सुरायरिअमेहो ।",0.2815,0.5552,0.743,0.5775,-0.0013
bhuvanabhanu,20,22,जो गुणनिहाणदेहो परिणीअणिवसुअकयणेहो ॥३२॥,0.2786,0.5779,0.7389,0.6003,-0.0013
bhuvanabhanu,20,23,कणगं व जो सविणओ खुरो इव दित्ततेअगुणवंतो ।,0.2791,0.6054,0.7319,0.626,0.0
bhuvanabhanu,20,24,तिहुअणलौअणजणिआणंदो चंदो इव कुमारो ॥३३॥,0.2774,0.6286,0.7197,0.6505,0.0
bhuvanabhanu,20,25,पुहवीई कप्परुक्खा लज्जागुणओ ''अदिस्सया जाया ।,0.2786,0.6552,0.7547,0.6767,-0.0012
bhuvanabhanu,20,26,''जाणे गरिंदअत्तयदाणकलाप जिआ सव्वे ॥३४॥,0.2838,0.678,0.7162,0.6977,0.0
bhuvanabhanu,20,27,जेणं कुमरत्तं भुत्तं वीसं वासपुव्वलक्खाई ।,0.2791,0.7055,0.6451,0.7265,0.0
bhuvanabhanu,20,28,अवहरिआई करूणावंतेणं 'दुहिअदुक्खाई ॥३५॥,0.2803,0.7282,0.7045,0.7501,-0.0014
bhuvanabhanu,20,29,सुमुहुत्तम्मि उ पिउणा रज्जे ठविओ महूसवेण सुओ ।,0.2803,0.7557,0.7325,0.7776,0.0
bhuvanabhanu,20,30,''सुरभूमिरुहो जाणे जाओ जं मंजरीषंतो ॥३६॥,0.2844,0.7789,0.7098,0.7991,0.0
bhuvanabhanu,20,31,१. दर्शनेन सम्यक्त्वेन च ॥ २. शारदाविशारदा या शारदधनविशदशीला च ।। ३. विपुलाक्षी लक्ष्मीः,0.1608,0.8179,0.8951,0.8364,0.0
bhuvanabhanu,20,32,सुपर्वदेवी-देवाङ्गना वा पार्वती वाऽपि ॥ ४. प्रवालशकलानि ॥ ५. प्रत्यङ्गचङ्गगुणा-प्रत्यङ्गसुन्दरगुणा ॥ ६. सुभटत्वपक्षे,0.1125,0.839,0.8922,0.86,-0.0007
bhuvanabhanu,20,33,शस्त्रौघपरिश्रमात् । पण्डितत्वपक्षे शास्त्रोघपरिश्रमात् ॥ ७. मार्गणमुखमार्गितधनवर्षणमेघः ॥ ८. सुराचार्य इव-बृहस्प-,0.1113,0.8609,0.8928,0.8832,-0.0007
bhuvanabhanu,20,34,"तिवद् मेधा-बुद्धिः यस्य सः ॥ ९. नृपसुताकृतस्नेहः ॥ १०. अदृश्या एव अदृश्यकाः ॥ ११. नरेन्द्रात्मजदानकलया,",0.109,0.8858,0.891,0.9051,0.0
bhuvanabhanu,20,35,कला-नैपुण्यम् ।। १२० दुःखितानां दुःखानि ॥ १३. सुरभूमीरुहः-कल्पवृक्षः ॥,0.1084,0.9081,0.6329,0.9283,0.0
bhuvanabhanu,20,36,Jain Education International,0.0146,0.9747,0.1841,0.9828,0.0
bhuvanabhanu,20,37,For Private & Personal Use Only,0.4196,0.9747,0.62,0.985,0.0
bhuvanabhanu,20,38,www.jainelibrary.org,0.8584,0.9755,0.9848,0.985,0.0
bhuvanabhanu,21,1,४,0.1096,0.058,0.1294,0.0683,0.0
bhuvanabhanu,21,2,सिरिइंदहंसगणिविरइयं,0.6824,0.0477,0.8928,0.0696,0.0
bhuvanabhanu,21,3,किं चंदो इंदो वा ? अहवा किं केसवो सिवो वा वि ? ।,0.2803,0.088,0.7686,0.1078,0.0
bhuvanabhanu,21,4,इंच्चाईविगप्पेहिं नरा नरेसं पसंसंति ॥३७॥,0.2826,0.1112,0.6579,0.1322,0.0
bhuvanabhanu,21,5,जस्स 'जिणुत्तं तत्तं हिअए संसयविवक्खछेअकरं ।,0.2803,0.1387,0.7366,0.1593,-0.0013
bhuvanabhanu,21,6,फुरइ जहेगं खग्गं कोसे दिप्पंतकंतिधरं ॥३८॥,0.2797,0.161,0.6748,0.1829,-0.0029
bhuvanabhanu,21,7,एगं छत्त च दुवे चमराई हुंति तिन्नि उ सहाओ ।,0.2826,0.1881,0.7337,0.21,-0.0013
bhuvanabhanu,21,8,चउरंगी जस्स चमू 'पणप्पयारा पुणो भोगा ॥३९॥,0.2821,0.2112,0.7314,0.2319,-0.0013
bhuvanabhanu,21,9,"""छब्भासाछेअत्तं गेहं सत्तविहभूमिसोहं च ।",0.2844,0.2426,0.6544,0.2628,-0.0016
bhuvanabhanu,21,10,अट्टदिसागयकित्ती णवरसपोसो सया जस्स ॥४०॥,0.2797,0.2649,0.7279,0.2872,-0.0026
bhuvanabhanu,21,11,दसककुहारक्खणओ जो अ दिसावालचिंतउद्धारो ।,0.2815,0.292,0.7314,0.3134,-0.0026
bhuvanabhanu,21,12,इकारसरूवहरो रुहो 'रुहारिसंहारो ॥४१॥,0.2809,0.3152,0.6655,0.3362,-0.0045
bhuvanabhanu,21,13,बारसआइञ्च्चतपंतकंतदिप्पंततेअसोहंतो ।,0.2786,0.3422,0.609,0.362,-0.0035
bhuvanabhanu,21,14,तेर सगुणतंबोलालं किअमुहपंकओ जो उ ॥४२॥,0.2791,0.365,0.6713,0.386,-0.003
bhuvanabhanu,21,15,'चउदसविज्जावंताणेगजर्णावणोदसावहाणो जो ।,0.2855,0.3916,0.701,0.4113,-0.0014
bhuvanabhanu,21,16,पन्नरसकम्मभूमीउप्पज्जंजिणझाणपरो ॥४३॥,0.2815,0.4148,0.662,0.4354,-0.0046
bhuvanabhanu,21,17,'सोलसकलाविहूसिअविहावरीकंतकंतमुहपउमो ।,0.2832,0.4465,0.6958,0.4672,-0.0014
bhuvanabhanu,21,18,सत्तरसभेअपूआकरो जिणिदाण राया जो ॥४४॥,0.2803,0.4693,0.6976,0.4903,-0.0028
bhuvanabhanu,21,19,अट्ठारसलिविविन्नू सुस्सावगएगवीसगुणवंतो ।,0.278,0.4959,0.669,0.5182,-0.003
bhuvanabhanu,21,20,बावीसपरीसहरिउअजिअसमणबंदओ जो अ ॥४५॥,0.2774,0.5187,0.7203,0.538,-0.0026
bhuvanabhanu,21,21,बत्तीसलक्खणधरो छत्तीसाउहपरिस्समे कुसलो ।,0.2791,0.5505,0.6964,0.5702,-0.0014
bhuvanabhanu,21,22,बावत्तरिपुरिसकलो जो पञ्चक्खो सहस्सक्खो ॥४६॥,0.2762,0.5736,0.7279,0.5951,-0.0013
bhuvanabhanu,21,23,इंदड्रिढसमा रिद्धी जस्सेसा दीसए नरेसस्स ।,0.2774,0.6011,0.6789,0.6209,-0.0015
bhuvanabhanu,21,24,अच्छरसुरूवजुवईहिं कीलंतस्स कीलाहिं ॥४७॥,0.2774,0.6234,0.6632,0.6453,-0.0045
bhuvanabhanu,21,25,णरवइणा वरिसाणं चत्तालीसं च पुव्वलक्खाई ।,0.2756,0.6552,0.6946,0.6758,-0.0014
bhuvanabhanu,21,26,गरुअं रज्जं भुत्तं जेण लहंतेण सुक्खाई ॥४८॥,0.278,0.6788,0.6702,0.6994,0.0
bhuvanabhanu,21,27,सत्तसु खित्तेसु धणं ववमाणेणं अगण्णपुण्णाङ् ।,0.2768,0.705,0.6801,0.7256,-0.0014
bhuvanabhanu,21,28,काऊण जेण जणिओ जणेसु जिणसासणुज्जोओ ॥४९॥॥,0.2727,0.7269,0.7442,0.7488,-0.0025
bhuvanabhanu,21,29,पदिअहं जेण सुकयकन्जाई संति किज्जमाणाई ।,0.2756,0.7544,0.708,0.775,-0.0013
bhuvanabhanu,21,30,को वण्णेउं सक्को ताणि सयसहस्सजीहो वि ? ॥५०॥।,0.2704,0.7763,0.7337,0.796,-0.0025
bhuvanabhanu,21,31,"१. जिनेोक्तम् ॥ २. संशयविपक्षच्छेदकरम् ॥ ३० सभाः ॥ ४. पञ्चप्रकाराः ॥ ५. षड्भाषाछेकत्वम्,",0.1573,0.8149,0.8869,0.8368,-0.0016
bhuvanabhanu,21,32,१ प्राकृतं २ संस्कृतं ३ शौरसेनी ४ मागधी ५ पैशाची ६ अपभ्रंशश्वेति षड् भाषाः ॥ ६. राङ्गारप्रभृतयो,0.1049,0.842,0.8904,0.8647,-0.0015
bhuvanabhanu,21,33,नव रसाः ॥ ७. रौद्रारिसंहारः भयङ्करशत्रुनाशकर इत्यर्थः ॥ ८. चतुर्दशविद्यावदनेकजनविनोदसावधानः ॥ ९. षोडशक-,0.102,0.869,0.8899,0.8909,-0.0007
bhuvanabhanu,21,34,लाविभूषितविभावरीकान्तकान्तमुखपद्मः । विभावरीकान्तः- चन्द्रः ॥,0.0991,0.8982,0.5513,0.9184,-0.0013
bhuvanabhanu,21,35,Jain Education International,0.0146,0.9747,0.1841,0.9828,0.0
bhuvanabhanu,21,36,For Private & Personal Use Only,0.4196,0.9751,0.62,0.9854,0.0
bhuvanabhanu,21,37,www.jainelibrary.org,0.8584,0.9755,0.9848,0.985,0.0
bhuvanabhanu,22,1,भुवणभाणुकेवलिचरियं,0.095,0.0593,0.2908,0.0803,-0.006
bhuvanabhanu,22,2,जो एगया चउद्दसिरत्तीए 'पोसहव्वई निवई ।,0.2622,0.0923,0.6777,0.1129,-0.0028
bhuvanabhanu,22,3,वत्थूण अणिश्चत्तं सुहभावजुओ विचिंतेइ ॥५१॥,0.2652,0.1146,0.6748,0.1387,-0.0057
bhuvanabhanu,22,4,तुरया तरंगतरला तरुणत्तमणिलचलंतपत्तं व ।,0.2675,0.1421,0.6626,0.1657,-0.0044
bhuvanabhanu,22,5,विज्जुलयालोलाओ ललणालीलाउ विउलाओ ॥५२॥,0.2652,0.1644,0.7098,0.1876,-0.0039
bhuvanabhanu,22,6,सोगा रोगाऽणेगा जत्थ विओगा हवंति जीवाणं ।,0.264,0.1915,0.7075,0.2108,-0.0026
bhuvanabhanu,22,7,खणमवि पुणो ण सुक्खं सो संसारो असारो उ ॥५३॥,0.2646,0.2155,0.7494,0.2366,-0.0012
bhuvanabhanu,22,8,अथिरं जीअं अथिरा लच्छी पिअजणसिणेहओ अथिरो ।,0.2652,0.2413,0.7622,0.2611,-0.0012
bhuvanabhanu,22,9,अथिरं रज्जं मज्जं व मोहसंपाययं पायं ।॥५४॥।,0.2663,0.2653,0.697,0.2834,-0.0014
bhuvanabhanu,22,10,अन्यत्राप्युक्तम् -,0.2657,0.298,0.4085,0.3139,-0.0041
bhuvanabhanu,22,11,नसा जाई न सा जोणी न तं ठाणं न तं कुलं ।,0.2663,0.3182,0.708,0.3388,-0.0013
bhuvanabhanu,22,12,न जाया न 'मुआ जत्थ सव्वे जीवा अणंतसो ॥५५॥,0.2686,0.3409,0.7383,0.3624,-0.0037
bhuvanabhanu,22,13,जह तुब्भे तह अम्हे तुब्भे वि अ होइआ जहा अम्हे ।,0.2652,0.3675,0.7453,0.3903,-0.0036
bhuvanabhanu,22,14,अप्पाहेइ पडंतं पंडुअपत्तं किसलयाणं ॥५६॥,0.2669,0.3903,0.6492,0.4118,-0.0046
bhuvanabhanu,22,15,सव्वप्पणा अणिच्चो नरलोओ ताव चिट्ठउ असारो ।,0.2657,0.4173,0.722,0.4375,-0.0026
bhuvanabhanu,22,16,जीअं देहो लच्छी सुरलोअम्मि वि अणिच्चाई ॥५७॥,0.2686,0.4401,0.7232,0.462,-0.0038
bhuvanabhanu,22,17,नइपुलिणवालुआए जह 'विरइअलिअकरि-तुरंगेहिं ।,0.2669,0.4667,0.7325,0.4903,-0.0025
bhuvanabhanu,22,18,*घर-रजकप्पणाहिं अ बाला कीलंति तुटुमणा ॥५८॥,0.2727,0.4891,0.7197,0.5114,-0.0026
bhuvanabhanu,22,19,तो सयमवि अन्नेण व भग्गे एअम्मि अहव एमेव ।,0.2686,0.517,0.7145,0.5354,-0.0013
bhuvanabhanu,22,20,अन्नन्नदिसि सब्वे वयंति तह चेव संसारे ॥५९॥,0.2663,0.5401,0.6888,0.5586,-0.0014
bhuvanabhanu,22,21,घर-रज्ज-विहृष-सयणाइएसु रमिऊण पंच दिअहाई ।,0.2681,0.5659,0.7249,0.5874,-0.0013
bhuvanabhanu,22,22,चच्चति कहं पि वि 'निअयकम्मपलयाणिलुक्खित्ता ॥६०॥,0.2669,0.5887,0.7721,0.6114,-0.0023
bhuvanabhanu,22,23,अहवा जह सुमिणयपाविअम्मि रज्जाइइट्ठवत्थुम्मि ।,0.2669,0.6157,0.7191,0.638,-0.0026
bhuvanabhanu,22,24,खणमेगं हरिसिजति पाणिणो पुण विसीअंति ॥६५॥,0.2675,0.6385,0.7331,0.6599,-0.0025
bhuvanabhanu,22,25,कइवयदिणलजेहिं तहेव रज्जाइएहिं तूसंति ।,0.2681,0.666,0.6498,0.6866,-0.0031
bhuvanabhanu,22,26,विगएहिं तेहिं वि पुणो जीवा दीणत्तणमुविति ॥६२॥,0.2681,0.6883,0.7418,0.7106,-0.0025
bhuvanabhanu,22,27,रुप्प-कणयाइवत्युं जह दीसह इंदयालविज्ञाए ।,0.2681,0.7153,0.6731,0.7377,-0.0043
bhuvanabhanu,22,28,खणदिट्टणटुरूषं तह जाणसु विहवमाईअं ॥६३।।,0.2669,0.7385,0.6777,0.7604,-0.0057
bhuvanabhanu,22,29,संझब्भराग-सुरचाविब्भमे घडण-विहडणसरूवे ।,0.2646,0.7647,0.6911,0.7866,-0.0027
bhuvanabhanu,22,30,विहवाइवत्थुनिवहे किं मुज्झसि जीव ! जाणतो ? ॥६४॥,0.2646,0.7875,0.7523,0.8098,-0.0036
bhuvanabhanu,22,31,पासाय-सालसमलंकिआई जइ कह वि कत्थइ थिराई ।,0.264,0.8145,0.7535,0.8356,-0.0024
bhuvanabhanu,22,32,गंधव्वपुरवराई तो तुह रिद्धी वि होज थिरा ॥६५॥,0.2675,0.8373,0.729,0.8592,-0.0025
bhuvanabhanu,22,33,१. पौषधव्रती ॥ २. मोहसम्पादकम् ॥ ३. मृताः ॥ ४. विरचितालीककरि-तुरङ्गैः ॥ ५. गृह-राज्यकल्पनाभिः ।।,0.1474,0.8755,0.8765,0.8965,-0.0016
bhuvanabhanu,22,34,६. निजककर्मप्रलयानिलोत्क्षिप्ताः ।।,0.0979,0.906,0.3199,0.9231,0.0
bhuvanabhanu,22,35,Jain Education International,0.0146,0.9747,0.1841,0.9828,0.0
bhuvanabhanu,22,36,For Private & Personal Use Only,0.4196,0.9751,0.62,0.9854,0.0
bhuvanabhanu,22,37,www.jainelibrary.org,0.8584,0.9755,0.9848,0.985,0.0
bhuvanabhanu,23,1,६,0.0962,0.0635,0.1166,0.0777,0.0
bhuvanabhanu,23,2,सिरिइंदहंसगणिविरइयं,0.6696,0.0588,0.8817,0.0781,0.0
bhuvanabhanu,23,3,धण-सयणबलुम्मत्तो निरत्थयं अप्प ! गव्विओ भमसि ।,0.271,0.094,0.7558,0.1159,0.0
bhuvanabhanu,23,4,जं पंचदिणाणुवरिं न तुमं न धणं न ते सयणा ॥६६॥,0.2681,0.1176,0.7494,0.1374,0.0
bhuvanabhanu,23,5,कालेण अणंतेणं बलदेवा चक्कि वासुदेवा वि ।,0.2681,0.1443,0.6702,0.1644,0.0
bhuvanabhanu,23,6,पुहईइ अइकंता को सि तुमं ? को य तुह विहवो ? ॥६७॥,0.2675,0.1666,0.7803,0.1876,0.0
bhuvanabhanu,23,7,भवणाई उववणाई सयणा-ऽऽसण-जाण-वाहणाईणि ।,0.2657,0.1932,0.7191,0.2147,-0.0013
bhuvanabhanu,23,8,निच्चाई न कस्सइ न वि अ कोइ परिरक्खिओ तेहिं ॥६८।।,0.2652,0.2155,0.7978,0.2366,-0.0011
bhuvanabhanu,23,9,माया-पिईहिं सहवड्ढिएहिं मित्तहिं पुत्त-दारेहिं ।,0.264,0.243,0.697,0.2641,-0.0013
bhuvanabhanu,23,10,एगयओ सहवासो पीई पणओ वि अ अणिच्चो ॥६९॥,0.2663,0.2649,0.736,0.286,-0.0012
bhuvanabhanu,23,11,[ भवभावनाप्रकरण गा. ११-२३],0.4854,0.2945,0.7826,0.3147,0.0
bhuvanabhanu,23,12,इच्चाइअणिञ्च्चत्तं भवभुवर्णतर फुरंतवत्थूणं ।,0.2657,0.3259,0.6154,0.3465,-0.0017
bhuvanabhanu,23,13,भावंतो 'भूमंतो वेरग्र्ग णिञ्चलं पत्तो ॥७०॥,0.2663,0.3474,0.6416,0.3684,-0.0016
bhuvanabhanu,23,14,अह उट्ठिअम्मि सूरे कुंकुमलेवं नहं व कुर्व्वते ।,0.2628,0.3744,0.676,0.3954,-0.0014
bhuvanabhanu,23,15,पारिअ रयणीपोसहमच्चेइ जिणे निवो निउणो ॥७१॥,0.2657,0.3972,0.7459,0.4173,-0.0012
bhuvanabhanu,23,16,पारणग काऊर्ण सुहभावणभाविओ इअ हवेइ ।,0.264,0.4242,0.6748,0.4453,-0.0014
bhuvanabhanu,23,17,चारित्तग्गहणमणोरहो कहं मे फलिस्सइ जो ? ।।७२।।,0.2663,0.447,0.7337,0.4659,0.0
bhuvanabhanu,23,18,उज्जाणवणम्मि जणे उवकुणमाणे फलावलीहिंतो ।,0.2663,0.474,0.6911,0.4946,-0.0014
bhuvanabhanu,23,19,कुवलयचंदक्खजिणो विहरंतो आगओ वीसुं ॥७३॥,0.2663,0.4959,0.7092,0.5174,-0.0013
bhuvanabhanu,23,20,उज्जाणपालओ पुण केवलिणो आगई नरिंदस्स ।,0.2646,0.5234,0.6824,0.5449,-0.0014
bhuvanabhanu,23,21,"जाणावेइ, नरवई इमस्स कणगाइअं देइ ॥७४॥",0.2663,0.5457,0.6742,0.5663,-0.0029
bhuvanabhanu,23,22,आणंद‌पुलइअंगो राया गंतूण णमइ केवलिणं ।,0.2663,0.5728,0.6638,0.5947,-0.0015
bhuvanabhanu,23,23,पंचविहं अभिगमणं मुत्तूणं गुणमणिसमुद्दो ॥७५॥,0.2681,0.5955,0.6929,0.617,-0.0014
bhuvanabhanu,23,24,उवविट्ठो जिणपासे जो उवदिसए मुणी समाहप्पो ।,0.2669,0.623,0.729,0.6432,0.0
bhuvanabhanu,23,25,महुराए भासाए 'तावोवसमऽमिअसरिसाए ॥७६॥,0.2675,0.6445,0.7075,0.6677,-0.0013
bhuvanabhanu,23,26,निसुणेसु नरेस ! तुमं संसारे वत्थु दीसए जं जं ।,0.2675,0.6728,0.7156,0.6934,0.0
bhuvanabhanu,23,27,तं तं जाणसु सयलं असासयं कणगमाईअं ॥७७॥,0.2669,0.6943,0.69,0.7158,0.0
bhuvanabhanu,23,28,रज्जेणं विउलेण वि न रक्खिओं को वि 'कोविओ वि नरो ।,0.2692,0.7218,0.8304,0.7394,0.0
bhuvanabhanu,23,29,भूवाल ! महुनिवइणो दिट्ठतो पत्थ दटुव्वो ॥७८॥,0.2675,0.7441,0.6888,0.7656,-0.0014
bhuvanabhanu,23,30,वाणारसीइ नयरीइ सक्कनयरीसरिच्छलच्छीए ।,0.2681,0.7707,0.6492,0.7905,0.0
bhuvanabhanu,23,31,रज्जं करेइ राया महुनामो सुहडपरिअरिओ ॥७९॥,0.2698,0.7948,0.7092,0.8149,0.0
bhuvanabhanu,23,32,*पत्ती एगो परबलधीरो नामेण तस्य अत्थि धुवं ।,0.2727,0.8214,0.683,0.8429,0.0
bhuvanabhanu,23,33,जो एस 'लक्खजोही जस्स य वित्ती कणगलक्खौ ॥८०॥,0.2657,0.8433,0.7698,0.8622,-0.0012
bhuvanabhanu,23,34,१. भूमान् भूपतिरित्यर्थः ।। २. तापोपशमामृतसदृशया ॥ ३. कोविदोऽपि ॥ ४. पत्तिः पदातिरित्यर्थः ।।,0.1469,0.8824,0.877,0.9021,0.0
bhuvanabhanu,23,35,५. लक्षग्रोधी ॥,0.0962,0.9111,0.2034,0.9283,0.0
bhuvanabhanu,23,36,Jain Education International,0.0146,0.9747,0.1841,0.9828,0.0
bhuvanabhanu,23,37,For Private & Personal Use Only,0.4196,0.9751,0.62,0.9854,0.0
bhuvanabhanu,23,38,www.jainelibrary.org,0.8584,0.9755,0.9848,0.985,0.0
bhuvanabhanu,24,1,भुवणभाणुकेवलिचरियं,0.1142,0.0661,0.3112,0.0867,-0.003
bhuvanabhanu,24,2,महुरायस्सुवरिं कुरुदेसेसो तत्थ आगओ झत्ति ।,0.2838,0.1018,0.6941,0.1232,-0.0014
bhuvanabhanu,24,3,'बहुसुहडसेणसेणीसंजुत्तो सत्तुपाणजमो ॥८१॥,0.2896,0.1241,0.6824,0.1456,-0.003
bhuvanabhanu,24,4,महुभूवई अभिमुहं चलिओ अप्पबलवंतसिन्नो वि ।,0.2821,0.1503,0.7168,0.1722,-0.0027
bhuvanabhanu,24,5,उभएसि कडगाणं उब्भडसुहडाण जुद्धपारंभो ॥८२॥॥,0.2826,0.1735,0.7284,0.1945,-0.0026
bhuvanabhanu,24,6,खग्गाखग्गि सरासरि रणम्मि जुज्झंति वीर वीरेहिं ।,0.2826,0.2005,0.7523,0.2211,-0.0012
bhuvanabhanu,24,7,अइभीमो संगामो जाओ भग्गं च महुसिन्नं ॥८३॥,0.2832,0.2228,0.7092,0.2435,0.0
bhuvanabhanu,24,8,परबलधीरो धीरो समये एयम्मि अग्गओ हवइ ।,0.2838,0.2503,0.683,0.2692,0.0
bhuvanabhanu,24,9,सरधाराओ वरिसइ वारिहरु व्व खणमित्तेणं ॥८४॥,0.2797,0.2722,0.7407,0.292,-0.0013
bhuvanabhanu,24,10,सूरस्सिव सूरस्स वि कुरुदेसनिवस्स कडगबिंबस्स ।,0.2797,0.2984,0.7244,0.3199,-0.0026
bhuvanabhanu,24,11,अच्छायणं च जणिअं जेणं धीरेण इक्केणं ॥८५॥,0.2791,0.3216,0.6847,0.3413,-0.0014
bhuvanabhanu,24,12,कुरुदेससामिसिन्नं भग्गं उग्गं पि सत्तवंतेणं ।,0.2815,0.3486,0.6568,0.3688,-0.0016
bhuvanabhanu,24,13,इक्केणं सुरेणं हरिज्जइ 'जहंऽधयारभरो ॥८६॥,0.2821,0.3714,0.6719,0.3907,-0.003
bhuvanabhanu,24,14,सपसु जायए खरो सहस्सेसु अ पंडिओ ।,0.2809,0.3985,0.6515,0.4195,-0.0016
bhuvanabhanu,24,15,लक्खेसु होइ 'वायालो दाणिणो संसओ च्चिअ ॥८७॥,0.2791,0.4208,0.7442,0.4418,-0.0025
bhuvanabhanu,24,16,निग्गहिओ कुरुदेसाहिवो भडेण रणनाडयनडेण ।,0.2803,0.4474,0.6865,0.4676,-0.0014
bhuvanabhanu,24,17,गजिअगयणंगणजअपडहो बज्ज्रइ महुनिवस्स ॥८८॥,0.2803,0.4702,0.7098,0.4903,-0.0014
bhuvanabhanu,24,18,कंचणसंखलदाणं परबलधीरस्स कुणइ महुराया।,0.2803,0.4976,0.7028,0.5182,-0.0014
bhuvanabhanu,24,19,पंचंगपसायविही विहिओ पयस्स भूवेणं ॥८९॥,0.2797,0.5191,0.6871,0.5389,-0.0014
bhuvanabhanu,24,20,यत :-,0.2774,0.5483,0.3508,0.5599,0.0
bhuvanabhanu,24,21,कण्णा छेअं मेअं खमंति तो कुंडलाणि पावंते ।,0.2797,0.5646,0.6865,0.5844,-0.0014
bhuvanabhanu,24,22,* खणए अंजणरेहूं लहंति भीरूणि अच्छीणि ॥९०॥,0.2821,0.5865,0.7098,0.6058,-0.0014
bhuvanabhanu,24,23,नयरीइ निखो तत्तो पत्तो एसो महंतरिद्धीए ।,0.2791,0.6144,0.6766,0.6342,-0.0015
bhuvanabhanu,24,24,चउरंगबले सारं अंगं पत्ति त्ति चिंतेइ ॥९१।।,0.278,0.6368,0.6725,0.6556,-0.0015
bhuvanabhanu,24,25,तेणं घणघणयरवा सजीवणविसजणाउ [......] पुणो ।,0.2756,0.6629,0.7821,0.684,0.0
bhuvanabhanu,24,26,सबलाणं पत्तीणं कोडीओ मेलिआ बहुसो ॥९२॥,0.2768,0.6861,0.6958,0.7072,-0.0014
bhuvanabhanu,24,27,एएहि सुहडेहिं परिओ परिवेढिओ अ चिट्ठेइ ।,0.2786,0.7123,0.6952,0.7338,-0.0014
bhuvanabhanu,24,28,रिउनिवहाओ निचं रक्खिज्जइ जो इमेहिं पि ॥९३॥,0.2762,0.7347,0.7366,0.7548,-0.0013
bhuvanabhanu,24,29,मञ्च्चुसमयम्मि णवरं भडकोडीसेविओ वि नरनाहो ।,0.2762,0.7617,0.7331,0.7836,-0.0013
bhuvanabhanu,24,30,गयताणो नरयम्मि उ गओ असरणो अहो ! महुओ ॥९४।।,0.2867,0.7845,0.7809,0.8046,-0.0012
bhuvanabhanu,24,31,यत :-,0.2751,0.8132,0.3485,0.8257,0.0
bhuvanabhanu,24,32,इकु च्चिअ सो नरए सहेइ तिव्वाई दुक्खलक्खाई ।,0.2786,0.8291,0.7191,0.8523,-0.0026
bhuvanabhanu,24,33,महुराया इहयं चिअ ठियाउ मणुआण कोडीओ ॥९५॥,0.2756,0.8514,0.7413,0.8733,-0.005
bhuvanabhanu,24,34,१. बहुसुभटसेनाश्रेणीसंयुक्तः ॥ २. वारिधर इव-मेघ इव ॥ ३. यथाऽन्धकारभरः ।॥ ४. वाचालः वक्ता,0.1591,0.8914,0.8887,0.9124,-0.0016
bhuvanabhanu,24,35,इत्यर्थः ।। ५. क्षणके-महोत्सवे ।। ६. घनघनकरवाः स्वजीवनविसर्जनात् ।। ७. गंतत्राणः ॥,0.1078,0.9124,0.7255,0.9334,-0.0019
bhuvanabhanu,24,36,Jain Education International,0.0146,0.9747,0.1841,0.9828,0.0
bhuvanabhanu,24,37,For Private & Personal Use Only,0.4196,0.9751,0.62,0.9854,0.0
bhuvanabhanu,24,38,www.jainelibrary.org,0.8584,0.9755,0.9848,0.985,0.0
bhuvanabhanu,25,1,८,0.1008,0.0644,0.12,0.0743,0.0
bhuvanabhanu,25,2,सिरिइंदहंसगणिविरइयं,0.676,0.0554,0.8864,0.0739,0.0
bhuvanabhanu,25,3,तेणं रजिजइ णो रज्जे केणावि जाणमाणेण ।,0.2721,0.0919,0.6696,0.1121,-0.0029
bhuvanabhanu,25,4,इअ सुणिऊर्ण राया मुणिवयणाओ विरञ्जइ ॥९६॥,0.2727,0.1125,0.7069,0.137,-0.004
bhuvanabhanu,25,5,पुत्रं विरत्तचित्तो विसेसुओ जिणुवएससवणाओ ।,0.2727,0.1404,0.7145,0.1632,-0.0026
bhuvanabhanu,25,6,रज्जं तिणं व चइऊणं पडिवज्जेइ जो दिक्खं ॥९७॥,0.2739,0.1632,0.7302,0.1829,-0.0026
bhuvanabhanu,25,7,यत :-,0.2716,0.1979,0.3444,0.2091,0.0
bhuvanabhanu,25,8,'अल्लो सुक्को अ दो 'छूढा गोलआ मट्टिआमया ।,0.2768,0.2168,0.701,0.2387,-0.0027
bhuvanabhanu,25,9,दो वि आवडिआ कुड्डे जो अल्लो सोऽत्थ लग्गइ ।।९८।।,0.2716,0.24,0.7483,0.2619,-0.0024
bhuvanabhanu,25,10,एवं लग्गंति दुम्मेहा जे नरा कामलालसा ।,0.2704,0.2675,0.6585,0.2894,-0.0015
bhuvanabhanu,25,11,विरत्ता उ न लग्र्गति जहा सुक्के अ गोलए ॥९९॥,0.2721,0.2898,0.701,0.3096,-0.0014
bhuvanabhanu,25,12,जो पढइ बारसंग 'पसंगरहिओ हिओ अ जीवाणं ।,0.2721,0.3156,0.7383,0.3366,-0.0025
bhuvanabhanu,25,13,ठाणं सगवीससमणगुणाण गुत्तो अ तवतत्तो ॥१००॥,0.2704,0.3392,0.715,0.3607,-0.0026
bhuvanabhanu,25,14,रयणत्तयआराहणनिउणो नयणद्धिदोसचुअवित्ती ।,0.2733,0.3654,0.7145,0.3864,-0.0026
bhuvanabhanu,25,15,*दुग्गोवसग्गसहणो वम्महमहणो महेसी जो ॥१०१॥,0.271,0.3873,0.7226,0.41,-0.0026
bhuvanabhanu,25,16,खंती दंती संती कंती कित्ती जणुत्तरा लोगे ।,0.271,0.4148,0.6754,0.4354,-0.0029
bhuvanabhanu,25,17,सत्ती गुत्ती मुत्ती दित्ती तित्ती तहा जस्स ॥१०२॥,0.2721,0.4367,0.7156,0.459,-0.0039
bhuvanabhanu,25,18,परिधरइ चरणवम्म सम्मदंसणमसि च कुणइ करे ।,0.2721,0.4646,0.7255,0.4852,-0.0026
bhuvanabhanu,25,19,घणघाइकम्मसत्तू जो जिणइ सुझाणहयचडिओ ॥१०३॥,0.2739,0.4856,0.7652,0.5097,-0.0059
bhuvanabhanu,25,20,पावेइ केवलसिरिं रिसिराओ जयसिरिं व गयदोसो ।,0.2716,0.5122,0.7494,0.5337,-0.0037
bhuvanabhanu,25,21,भुवणंभरजसकोसो नर्मततणुमंतकयतोसो ॥१०४॥,0.2739,0.5354,0.6946,0.5582,-0.0069
bhuvanabhanu,25,22,करयलगयमामलगं व सव्वलोगस्सरूवमज्झक्खं ।,0.2733,0.5629,0.7045,0.5831,-0.0068
bhuvanabhanu,25,23,जस्स हवेइ विमलनाणभाणुउदएण केवलिणो ॥१०५॥,0.2733,0.5844,0.7325,0.608,-0.0076
bhuvanabhanu,25,24,मुणइ मुणिदो भयवं जीवाणं पुग्गलाण कम्माणं ।,0.2716,0.6123,0.7005,0.635,-0.0068
bhuvanabhanu,25,25,गइमागईं च जम्मं विगमं च थिरत्तणं. जुगवं ॥१०६॥,0.2745,0.6346,0.7395,0.6574,-0.005
bhuvanabhanu,25,26,दुंदुहिझुणी सुणिजइ गयणे सीसम्मि कुसुमवुट्ठी अ ।,0.2721,0.6617,0.7366,0.6853,-0.005
bhuvanabhanu,25,27,जस्स सुरेण कया पुण 'कणगसरो ग्यावेइ ॥१०७॥,0.2727,0.6848,0.7395,0.7076,-0.005
bhuvanabhanu,25,28,हेमपउमे निसीअइ नाणी जणसंकुलाइ परिसाए ।,0.2727,0.7106,0.7075,0.7329,-0.0054
bhuvanabhanu,25,29,भासइ धम्मं सम्म अमिअरससमाणभासाए ॥१०८॥,0.2704,0.7342,0.7156,0.7544,-0.0052
bhuvanabhanu,25,30,निअभवसंसयहरणा हरिसेणं जस्स नामयं ठविअं ।,0.2727,0.7604,0.7255,0.7802,-0.0039
bhuvanabhanu,25,31,एस भुवणाभाणुजिणु त्ति तत्थ ''आइंतलोपण ॥१०९।।,0.2698,0.7836,0.7284,0.8051,-0.0025
bhuvanabhanu,25,32,"१. आर्द्रः ॥ २. क्षिप्तौ ।। ३. दुर्मेधसः ॥ ४. प्रसङ्गरहितः । प्रसङ्गः- आसक्तिः ।। ५. नयनं द्विसंख्यासूचकम्,",0.1521,0.8227,0.8858,0.8433,-0.0008
bhuvanabhanu,25,33,"ऋद्धिश्च चतुःसंख्यासूचिका, अङ्ककानां वामतो गतिरिति न्यायेनात्र नयनऋद्धिशब्देन द्विचत्वारिंशत् संख्या बोध्या ।",0.0997,0.8489,0.8834,0.8712,-0.0015
bhuvanabhanu,25,34,भिक्षाचर्यायाः द्वाचत्वारिंशद् दोषाः प्रसिद्धाः ।। ६. दुर्गापसर्गसहनः मन्मथमथनः ।। ७. सुध्यानह्यरूढः ।। ८.,0.0979,0.8759,0.8864,0.8978,-0.0007
bhuvanabhanu,25,35,अध्यक्षम् ।। ९. कनकसरोजम् सुवर्णपद्मासनमित्यर्थः ।। १०. आयता-आगच्छता लोकेन नाम स्थापितमित्यन्वयः ।।,0.1002,0.9034,0.8671,0.9249,-0.0008
bhuvanabhanu,25,36,Jain Education International,0.0146,0.9747,0.1841,0.9828,0.0
bhuvanabhanu,25,37,For Private & Personal Use Only,0.4196,0.9751,0.62,0.9854,0.0
bhuvanabhanu,25,38,www.jainelibrary.org,0.8584,0.9755,0.9848,0.985,0.0
bhuvanabhanu,26,1,भुवणभाणुकेव लिचरियं,0.1206,0.064,0.3135,0.0846,-0.003
bhuvanabhanu,26,2,पुहवीप विहरंतो जणमिच्छत्ततिमिराणि य हरंतो ।,0.2855,0.0983,0.7314,0.1202,-0.0026
bhuvanabhanu,26,3,भाणु व्व पयासंतो भुवणं जो सञ्चनामेण ॥११०॥,0.2867,0.1215,0.7185,0.143,-0.0027
bhuvanabhanu,26,4,जणबंछिअत्थविअरणकप्पतरू चेव लब्भए सुगुरू ।,0.2855,0.1481,0.7168,0.1683,-0.0014
bhuvanabhanu,26,5,पुव्वभवपुण्णवसओ परिसओ जम्मलक्खे वि ॥११६॥,0.2861,0.17,0.7465,0.1919,-0.0025
bhuvanabhanu,26,6,गाम-णगरठाणेसुं विविहपगारेसु देसनियरेसु ।,0.2844,0.1967,0.69,0.2185,-0.0014
bhuvanabhanu,26,7,विहरइ 'असेसदंसी जणोवयारिक्कमेहाए ॥११२॥,0.2844,0.2203,0.7092,0.2387,0.0
bhuvanabhanu,26,8,इतश्च-,0.2885,0.2525,0.3543,0.2666,0.0
bhuvanabhanu,26,9,तम्मि विजयम्मि नयरं विजयपुरं खोणिकामिणीमउडं ।,0.2832,0.2726,0.7517,0.2928,-0.0012
bhuvanabhanu,26,10,तिजयम्मि नत्थि अवरं नयरं सारं समं जस्स ॥११३।।,0.2855,0.2958,0.7634,0.3152,-0.0012
bhuvanabhanu,26,11,दीसंति दोसु पासेसु जस्स विउलाऽऽवणाण सेणीओ ।,0.2873,0.322,0.7762,0.3426,-0.0012
bhuvanabhanu,26,12,नंगरथिरीकयाई व पंतिद्विअजाणवत्ताई ॥११४॥,0.2867,0.3444,0.6976,0.3663,-0.0014
bhuvanabhanu,26,13,जस्सावणवट्टिरयणरासिमिसाउ (१) रयणायरेण कया ।,0.285,0.3714,0.7634,0.3937,-0.0012
bhuvanabhanu,26,14,* उवया पीइ काउं व नामसञ्चत्तणं वा वि ॥११५।।,0.2896,0.3985,0.7273,0.4195,-0.0013
bhuvanabhanu,26,15,जत्थ वसंति जणोहा अणेगसयणगणनिश्वकयसोहा ।,0.2844,0.4255,0.7343,0.4448,-0.0026
bhuvanabhanu,26,16,लहिअजिणधम्मबोहा विगयद्दोहा य अक्कोहा ॥११६॥,0.2832,0.4478,0.7424,0.4676,-0.0013
bhuvanabhanu,26,17,सुद्धववहारसहिआ बवहारिजणा लसंति संतगुणा ।,0.2844,0.4792,0.7267,0.5011,-0.0026
bhuvanabhanu,26,18,जाणं दाहिणपाणी सोहंतो 'दाणकंकणओ ॥११७॥,0.2826,0.5024,0.7156,0.5217,-0.0027
bhuvanabhanu,26,19,नयरे *विसारयगुणा 'जलसंगेणुज्झिआ 'इसघणु व्व ।,0.2832,0.5277,0.7646,0.55,-0.0012
bhuvanabhanu,26,20,जाणं मुहाणि लक्खणअलंकिआई 'सपाणि व्व ॥११८॥,0.2832,0.5505,0.7547,0.5732,-0.0025
bhuvanabhanu,26,21,जग्गोरीओ सिंगाररसभरेण भरिआउ सरिअ व्व ।,0.2815,0.5779,0.7255,0.5973,-0.0026
bhuvanabhanu,26,22,नयरजणरंजणवयणमणोहराओं पिगीउ व्व ॥११९॥,0.2826,0.6007,0.7232,0.62,-0.0026
bhuvanabhanu,26,23,जत्थ य वणाणि णेगागममंडिअमज्झयाणि समणु व्व ।,0.2809,0.6273,0.7547,0.6475,-0.0025
bhuvanabhanu,26,24,निम्मलजलकलियाई सराणि माणससराई व ॥१२०॥,0.2803,0.6505,0.7424,0.672,-0.0013
bhuvanabhanu,26,25,पासाया तुंगयरा मणोरहा सजणाण जह जम्मि ।,0.2791,0.6771,0.7139,0.699,-0.0013
bhuvanabhanu,26,26,जेसु जिणप्पडिमाणं माणं तीरेइ को काउं १ ॥१२१॥,0.2797,0.6999,0.736,0.7213,-0.0026
bhuvanabhanu,26,27,तत्थ नरनाहचंदो रज्जं पालेइ चंदमोलिनिषो ।,0.2797,0.7274,0.6643,0.7475,-0.003
bhuvanabhanu,26,28,'घणसार सारसोरहजसपसरो कामकेलिसरो ॥१२२॥,0.2832,0.7492,0.7325,0.769,-0.0026
bhuvanabhanu,26,29,१. अशेषदर्शी सर्वज्ञ इत्यर्थः ॥ २. विपुलानां आपणानां श्रेणयः ॥ ३. उपदा उपहार इत्यर्थः ॥ ४. दानकङ्क-,0.162,0.8008,0.8951,0.8227,-0.0016
bhuvanabhanu,26,30,"णकः ॥ ५. विशारदगुणाः पण्डिताः, विशिष्टशरत्कालगुणाश्च ॥ ६. जडसङ्गेन उज्झिताः- रहिताः, जलसङ्गेन च ॥",0.1096,0.8291,0.8939,0.8493,-0.0015
bhuvanabhanu,26,31,"७. इसघणु व्व इषघन इव आश्विनमासे घनः मेघो यथा जलसङ्गरहितः, तथा अन्न नगरे पण्डिता जडसङ्गरहिता",0.1096,0.8562,0.8951,0.8781,-0.0037
bhuvanabhanu,26,32,"इत्यर्थः । "" स्यादाश्विन इषः"" इत्यमरः का. १ व. ४ श्लो. ११७ ॥ ८. स्वहस्तवत् ॥ ९. धनसारसारसौर-",0.1096,0.8832,0.8945,0.9047,-0.0015
bhuvanabhanu,26,33,भयशः प्रसरः ॥,0.1096,0.9184,0.2086,0.9313,0.0
bhuvanabhanu,26,34,९,0.8893,0.067,0.9068,0.0786,0.0
bhuvanabhanu,26,35,Jain Education International,0.0146,0.9747,0.1841,0.9828,0.0
bhuvanabhanu,26,36,For Private & Personal Use Only,0.4196,0.9751,0.62,0.9854,0.0
bhuvanabhanu,26,37,www.jainelibrary.org,0.8584,0.9755,0.9848,0.985,0.0
bhuvanabhanu,27,1,१०,0.102,0.067,0.127,0.0812,0.0
bhuvanabhanu,27,2,सिरिइंदहंसगणिविरइयं,0.6789,0.0618,0.8852,0.0794,0.0
bhuvanabhanu,27,3,रंजेइ जणं राया विज्ञावंतो विणोअविहिपवणो' ।,0.2716,0.1013,0.7121,0.1228,-0.0026
bhuvanabhanu,27,4,न कहं जइ जस्साऽऽणणघरम्मि बंभीइ वसिअं जे ? ॥१२३॥,0.2704,0.1241,0.8124,0.146,-0.0043
bhuvanabhanu,27,5,२,0.7145,0.1262,0.7244,0.1327,0.0
bhuvanabhanu,27,6,रयणेसु जह सुरमणी रमणी देवाण जह व नारीसु ।,0.2733,0.1567,0.7366,0.1778,-0.0025
bhuvanabhanu,27,7,जह वा गोसु सुरगबी तह जो अत्थि नयवंतेसु ॥१२४।॥,0.2698,0.1786,0.7628,0.2009,-0.0047
bhuvanabhanu,27,8,जहकालं साहिअपुरिसत्थतिओ जो अ सत्तिसंजुत्तो ।,0.2704,0.2112,0.7314,0.2331,-0.0025
bhuvanabhanu,27,9,परिणितो रिउघरवडूंतरमाऽऽविट्ठकुमरीओ ॥१२५॥,0.2716,0.234,0.7098,0.2559,-0.004
bhuvanabhanu,27,10,जो सुणइ धम्ममेगं खणं कुणइ कीलणं च खणमेगं ।,0.2698,0.2615,0.7244,0.283,-0.0026
bhuvanabhanu,27,11,परिसालंकरणं खणमेगं सव्वावसरविण्णू ॥ १२६॥,0.2698,0.2842,0.6894,0.3044,-0.0014
bhuvanabhanu,27,12,गंगाजलुज्जलंगा तुरंगमा जस्स रायबारम्मि ।,0.2721,0.316,0.6579,0.3383,-0.006
bhuvanabhanu,27,13,खेलंता अवइण्णा मण्णे इंदस्स इत्थ हया ॥ १२७॥,0.2698,0.3383,0.7139,0.3594,-0.0052
bhuvanabhanu,27,14,जस्स य पव्वयपाया रजअलंकारकारणं करिणो ।,0.2698,0.3654,0.704,0.3843,-0.004
bhuvanabhanu,27,15,*उड्ढट्टिअपरावणपाडणपयडिअपयंडरया ॥ १२८॥,0.2733,0.3869,0.6964,0.4105,-0.0069
bhuvanabhanu,27,16,वररायकन्नगाओ महंतभूवालवंसजम्माओ ।,0.271,0.4208,0.6352,0.441,-0.0048
bhuvanabhanu,27,17,- सुरसुंदरिरुवाओ परिणीआ जेण राएण ॥१२९॥,0.2552,0.4422,0.6876,0.4646,-0.0067
bhuvanabhanu,27,18,*एगय पाभाइअवज्जंतसरब्भुयझुणीओ जग्गंतो ।,0.2739,0.4689,0.6876,0.4916,-0.0042
bhuvanabhanu,27,19,सक्कसहासरिसाए परिसाए रेहिरो राया ॥१३०॥,0.271,0.4929,0.6976,0.5135,-0.0041
bhuvanabhanu,27,20,आसीणो सीहासणि छत्तीसनिवउलसेविओ सययं ।,0.2698,0.523,0.7115,0.5432,-0.0026
bhuvanabhanu,27,21,पुव्वाचलम्मि उइओ सहस्सकिरणो जह सहेइ ॥१३१॥ युग्मम् ॥,0.2704,0.547,0.8368,0.5689,-0.0031
bhuvanabhanu,27,22,ताव भुवणभाणुजिणो उज्जाणवणम्मि आगओ जस्स ।,0.2686,0.5732,0.7115,0.5951,-0.0039
bhuvanabhanu,27,23,पुहबीए विहरंतो पडिबोहंतो य भव्वजणे ॥१३२॥,0.2721,0.596,0.7034,0.6187,-0.0054
bhuvanabhanu,27,24,उज्जाणपालओ पुण जस्स जिणसमागमं निवेएइ ।,0.2721,0.6286,0.7028,0.6509,-0.0054
bhuvanabhanu,27,25,आणंदपुलइअंगो जो जाओ तस्स वयणेणं ॥१३३॥,0.2704,0.6518,0.6987,0.6728,-0.0054
bhuvanabhanu,27,26,कंचणजीह-धण-कणगदाणेणं तोसए नरेसो त ।,0.2716,0.6797,0.6725,0.6999,-0.0015
bhuvanabhanu,27,27,जम्हा महंतदाणं विबुहाणं धम्मकज्जेसु ॥१३४॥,0.2727,0.7016,0.6807,0.7235,-0.0043
bhuvanabhanu,27,28,बजिअपडहो गज्जिअपडुसद्दगइंद‌मारुहंतो अ ।,0.2727,0.7329,0.6667,0.754,-0.0015
bhuvanabhanu,27,29,"""धारिअमयंकमंडलउज्जलसेआयवत्तो अ ॥१३५॥",0.2745,0.7557,0.6818,0.775,-0.0043
bhuvanabhanu,27,30,अंतेउरपरिअरिओ मेलिअबहुरायलोअकलिओ अ ।,0.2704,0.7827,0.7139,0.8055,-0.0013
bhuvanabhanu,27,31,बीइज्जंतो चमरेहिं आसेवगनरेहिं च ॥१३६॥,0.2704,0.8055,0.6632,0.8261,-0.003
bhuvanabhanu,27,32,१. प्रवणः तत्पर इत्यर्थः ॥ २. जे इति पादपूरणार्थकमव्ययं प्राकृते ॥ ३. अवतीर्णाः ॥ ४. ऊर्ध्वस्थितै-,0.155,0.851,0.8846,0.8738,-0.0024
bhuvanabhanu,27,33,रावणपातनप्रकटितप्रचण्डरयाः । रयः- वेगः ॥ ५. एकदा प्राभातिकावाद्यत्स्वराद्भुतध्वनेः जाप्रत् ॥ ६. राजते ॥,0.1008,0.8798,0.8834,0.9017,-0.0022
bhuvanabhanu,27,34,७. धारितमृगाङ्कमण्डलोज्ज्वलश्वेतातपत्रः ।।,0.0991,0.9094,0.3805,0.9279,0.0
bhuvanabhanu,27,35,Jain Education International,0.0146,0.9747,0.1841,0.9828,0.0
bhuvanabhanu,27,36,For Private & Personal Use Only,0.4196,0.9751,0.62,0.9845,0.0
bhuvanabhanu,27,37,www.jainelibrary.org,0.8584,0.9755,0.9848,0.985,0.0
bhuvanabhanu,28,1,भुवणभाणुकेवलिचरियं,0.0897,0.0631,0.2826,0.0837,-0.003
bhuvanabhanu,28,2,तम्मि वणे आगंतूणं मुत्तूणं च छत्त-खग्गाई ।,0.2576,0.0988,0.641,0.1189,0.0
bhuvanabhanu,28,3,११,0.8456,0.0666,0.8741,0.0816,0.0
bhuvanabhanu,28,4,वंदेइ जिणं राओ पयाहिणाओ अ दाऊणं ॥६३७७॥,0.2593,0.1211,0.6981,0.1413,-0.0013
bhuvanabhanu,28,5,थुणइ जिणं भत्तीए जो सुरकय हेमपंकयनिसण्णं ।,0.2593,0.1477,0.6906,0.1696,-0.0014
bhuvanabhanu,28,6,निम्मलनाणपईवं 'भवोअहिबुडंतजणदीवं ॥१३८॥ (कलापकम् ),0.2599,0.1696,0.8153,0.1924,-0.001
bhuvanabhanu,28,7,प्रणतकामितदैवतशाखिने निखिलजन्तुहिताय शमात्मने ।,0.2605,0.1971,0.7552,0.2181,0.0
bhuvanabhanu,28,8,भुवनपद्मविबोधनभानवे भुवनभानुजिनाय नमोऽस्तु ते ॥१३९॥ (संस्कृतम्),0.2582,0.2203,0.8718,0.2417,0.0009
bhuvanabhanu,28,9,करुणारससायरवर ! सुर-नरवइवंदिअक्कमो भयवं ! ।,0.2587,0.2465,0.7203,0.2688,-0.0013
bhuvanabhanu,28,10,अवहर भवदुहदाहं जेणाहं पीलिओ बहुसो ॥१४०॥ (प्राकृतम्),0.2617,0.2688,0.8065,0.292,-0.0011
bhuvanabhanu,28,11,*तुं मादा तुं तादो तुं नाधो मज्झ तुं गुरू भयवं ! ।,0.2622,0.298,0.7179,0.319,-0.0013
bhuvanabhanu,28,12,ता तुं भवपासादो मिलिदो दुहिदं ममं रक्ख ॥१४१॥ (शौरसेनी),0.2558,0.3195,0.8456,0.3418,-0.001
bhuvanabhanu,28,13,* अपुलवलायणिही अणगाले चत्तगालवे पश ।,0.264,0.3456,0.6818,0.3671,-0.0014
bhuvanabhanu,28,14,शिलिअकलंकनलेश लकुलदीवे जयदि कस्टहले ॥१४२॥ (मागधी),0.2628,0.3693,0.8141,0.3912,0.0
bhuvanabhanu,28,15,'तेव ! पनतपतकमलो हितयातो जस्स तुं न वच्चेसि ।,0.2646,0.3967,0.7366,0.4161,0.0
bhuvanabhanu,28,16,तस्स्स्रलसंति सतने लच्छीओ नसटकसटाओ ॥ १४३॥ (पैशाची),0.2593,0.4182,0.796,0.4401,0.0011
bhuvanabhanu,28,17,*सोलकलासंपुन्नउ जासु वयण समु चंदु ।,0.2634,0.4478,0.63,0.4667,0.0
bhuvanabhanu,28,18,नमतउ भवसायरु तरइ तुज्झ चलण मुणिइंद ! ॥१४४॥ (अपभ्रंशः),0.2617,0.4676,0.8427,0.4921,0.002
bhuvanabhanu,28,19,इअ छव्विहभासाहिं थुणिओ भावेण देउ मज्झ सुहं ।,0.2617,0.4946,0.7232,0.5161,0.0025
bhuvanabhanu,28,20,सिरिभुवणभाणुकेवलिमुणीसरो धम्महंससरो (सरहंसो) ।॥१४५॥,0.2599,0.517,0.7861,0.5389,0.0033
bhuvanabhanu,28,21,संथुणिऊणमिअ जिणं हरिसेणं उवविसेइ मुणिपासे ।,0.2593,0.5444,0.7302,0.5663,0.0025
bhuvanabhanu,28,22,इअ भणइ जो मुणिदं तुह जोगो पुण्णओ जाओ ॥१४६॥,0.2622,0.5676,0.7587,0.5887,0.0012
bhuvanabhanu,28,23,तुम्हाणं आगमणं जं मह देसम्मि सामि ! संजायं ।,0.2605,0.5942,0.711,0.6157,0.0013
bhuvanabhanu,28,24,*तिअसनई अलसाणं मज्झे तं आगया अज ॥१४७॥,0.2634,0.617,0.7057,0.6363,0.0
bhuvanabhanu,28,25,एसो देसो धन्नो धन्न नयरं नरा य मह धन्ना ।,0.2628,0.6453,0.6807,0.6621,0.0
bhuvanabhanu,28,26,भवसयसहस्सदुलहो संपत्तो जेण इत्थ तुमं ॥१४८॥,0.2628,0.6677,0.7028,0.6878,0.0
bhuvanabhanu,28,27,जह पीऊसरसेणं तिसाउराणं हवेइ संतोसो ।,0.2611,0.6939,0.6533,0.7132,0.0
bhuvanabhanu,28,28,खीरघयखंडजोगा जह वा छुहिआण आणंदो ॥१४९॥,0.2593,0.717,0.715,0.7385,0.0
bhuvanabhanu,28,29,जह वा बप्पीहाणं 'तित्ती नहयलपडंतनीरेणं ।,0.2593,0.7445,0.6638,0.7613,0.0
bhuvanabhanu,28,30,अहवा जह 'चक्काणं करेइ खुरो दिणमुहम्मि ॥१५०।।,0.2617,0.7664,0.7284,0.787,0.0
bhuvanabhanu,28,31,१. भवोदधिमज्जज्जनद्वीपम् ॥ २. त्वं माता त्वं तातः त्वं नाथः मम त्वं गुरुः भगवन् ! । तत् त्वं,0.1457,0.8051,0.877,0.8252,0.0016
bhuvanabhanu,28,32,भवपाशाद् मिलितः दुःखितं मां रक्ष ॥१४१॥ ३. अपूर्वलावण्यनिधिः अनगारः त्यक्तगौरवः एषः । श्रीअकलङ्कनरे-,0.095,0.8304,0.8776,0.8527,0.0007
bhuvanabhanu,28,33,श्वरकुलदीपो जयति कष्टहरः ।।१४२॥ ४. देव ! प्रणतपदकमलः हृदयात् यस्य त्वं न व्रजसि । तस्य उल्लसन्ति सदने,0.095,0.8592,0.8782,0.8793,0.0007
bhuvanabhanu,28,34,लक्ष्म्यः नष्टकष्टाः ॥१४३॥ ५. षोडशकलासम्पूर्णकम् यस्य वदनं चन्द्रसमम् । नमन् भवसागरं तरति तव चरणौ,0.0932,0.8858,0.8788,0.9064,0.0007
bhuvanabhanu,28,35,मुनीन्द्र ! ।।१४४।। ६. त्रिदशनदी गङ्गानदी ।। ७. तृप्तिः ॥ ८. चक्रवाकाणाम् ।।,0.0921,0.9146,0.6643,0.9352,0.001
bhuvanabhanu,28,36,Jain Education International,0.0146,0.9747,0.1841,0.9828,0.0
bhuvanabhanu,28,37,For Private & Personal Use Only,0.4196,0.9747,0.62,0.985,0.0
bhuvanabhanu,28,38,www.jainelibrary.org,0.8584,0.9755,0.9848,0.985,0.0
bhuvanabhanu,29,1,१२,0.1008,0.0708,0.13,0.0854,0.0
bhuvanabhanu,29,2,सिरिइंदहंसगणिविरइयं,0.6777,0.0657,0.8858,0.0846,0.0
bhuvanabhanu,29,3,तह तुह दंसणमेअं कुणेइ हरिसं मुर्णिद ! मह नाह ! ।,0.2716,0.1039,0.7465,0.1249,0.0
bhuvanabhanu,29,4,जस्स पमाणं काउं जिणाउ अन्नो न सक्केइ ॥१५१,0.2721,0.1262,0.7022,0.146,0.0
bhuvanabhanu,29,5,करुणासायर ! सामिअ ! अणेगसंगामसंगहिअपावो ।,0.2756,0.1533,0.7255,0.1717,-0.0013
bhuvanabhanu,29,6,नरयगइभमणभीरू तुह सरणमहं पवज्जेमि ॥१५२॥,0.2751,0.1765,0.715,0.1958,0.0
bhuvanabhanu,29,7,कारुण्णं काऊणं कहेसु सरणं किमित्थ मह अत्थि ।,0.2698,0.2035,0.7244,0.2228,0.0
bhuvanabhanu,29,8,समणो भणेइ नरवर ! तं तुह सरणं खु जं मज्झ ॥१५३॥,0.2756,0.2263,0.7768,0.2465,0.0
bhuvanabhanu,29,9,तुम्हाणं भुवणिक्कसरणभूआणं पि को परो सरणं ? ।,0.2733,0.2516,0.7267,0.2726,0.0
bhuvanabhanu,29,10,पडिहाइ अच्छरिअमिअ महंतयं मज्झ हिअयम्मि ॥१५४।।,0.2756,0.2748,0.7756,0.2937,0.0
bhuvanabhanu,29,11,एसो को संबंधो ? जगबंधो ! वसुहनाह ! सोअव्वो ।,0.2762,0.3031,0.7314,0.322,0.0
bhuvanabhanu,29,12,एगग्गमणेण मए कहिजमाणो इमो तुमए ॥१५५॥,0.2739,0.3246,0.6987,0.3456,0.0014
bhuvanabhanu,29,13,तथाहि-,0.2721,0.3525,0.3578,0.3688,0.0
bhuvanabhanu,29,14,'लोगोअरनामेणं नयरं सब्वत्थ अत्थि विक्खायं ।,0.2762,0.3787,0.6888,0.3967,0.0014
bhuvanabhanu,29,15,सयलाणं लच्छीणं ठाणं लोआण सुनिवासो ॥१५६॥,0.2721,0.4015,0.7145,0.4212,0.0
bhuvanabhanu,29,16,जं सासयं च 'पुव्वावरभागेहिं विमुक्वयं गरुअं ।,0.2692,0.4281,0.6964,0.4495,0.0
bhuvanabhanu,29,17,पूरिअमन्झं मणहरनिकेअणेहिं अणेगेहिं ॥१५७॥,0.2751,0.4508,0.676,0.4706,0.0
bhuvanabhanu,29,18,जत्थ य सब्वे वण्णा सयलाओ जत्थ 'जाइणाईओ ।,0.2739,0.4779,0.7302,0.4981,0.0
bhuvanabhanu,29,19,जत्थ रयणरासीओ धणाणि 'सिप्पाणि सव्वाणि ॥१५८॥,0.2716,0.5006,0.7716,0.5191,0.0
bhuvanabhanu,29,20,विज्ञाओ वज्ञाओ नीईओ जम्मि धम्मकम्माई ।,0.2727,0.5273,0.7028,0.547,0.0
bhuvanabhanu,29,21,वहंति अ नट्टाई खणमित्तसुदिटुनट्ठाई ॥१५९।।,0.2721,0.5509,0.6638,0.5711,0.0
bhuvanabhanu,29,22,*कडगाणि तत्थ दुन्निउ ठिआणि किर धम्म-पावरूवाणि ।,0.2756,0.5771,0.7791,0.599,0.0
bhuvanabhanu,29,23,गाढयरं पबलाई 'परुप्परविरोहवंताणि ॥१६०॥,0.271,0.6003,0.6818,0.6196,0.0
bhuvanabhanu,29,24,सबलो मोहनरिंदो सामी पावाभिहाणसिन्नस्स ।,0.2704,0.6277,0.6638,0.6453,0.0
bhuvanabhanu,29,25,सव्वेसिं 'भूआणं वसीकयं जेण तेलुकं ॥१६१॥,0.2721,0.6505,0.6754,0.6711,0.0
bhuvanabhanu,29,26,यथा-,0.2716,0.6827,0.3368,0.6939,0.0
bhuvanabhanu,29,27,''देविंद-दाविंदा पुढविंदा जस्स आणवट्टिणो जाया ।,0.2751,0.7042,0.7605,0.7248,0.0
bhuvanabhanu,29,28,का वत्ता अन्नेसिं ''सिट्ठिप्पमुहाण लोआणं १ ॥१६२।।,0.271,0.7265,0.729,0.7484,0.0
bhuvanabhanu,29,29,देवमइमदेवेसु वि कारेइ मई गुरूणमगुरूसु ।,0.2721,0.754,0.6608,0.7746,0.0
bhuvanabhanu,29,30,तत्तमइमतत्तेसु वि इअ आणा जस्स 'सत्तवई ॥१६३॥,0.2716,0.7754,0.7471,0.7973,-0.0012
bhuvanabhanu,29,31,परिहरिअकिञ्च्चपक्खो पावकिआऽऽसत्तमाणसो दक्खो ।,0.2721,0.8029,0.7483,0.8227,-0.0037
bhuvanabhanu,29,32,जस्स वसगो अ लोगो हवेइ हिंसाविहाणपरो ॥१६४॥,0.2716,0.8308,0.7372,0.8502,-0.0013
bhuvanabhanu,29,33,१. लोकोदरम् इति नाम्ना ॥ २. पूर्वापरभागैः ॥ ३. जातिज्ञातयः ॥ ४. शिल्पानि ॥ ५. वर्याः- प्रधानः ॥,0.1503,0.8673,0.8823,0.8897,-0.0008
bhuvanabhanu,29,34,६. कटके ॥ ७. परस्परविरोधवती ॥ ८. पापाभिधानसैन्यस्य ॥ ९. भूतानां प्राणिनामित्यर्थः ॥ १०. देवेन्द्रदान-,0.1043,0.8897,0.8834,0.9111,-0.0015
bhuvanabhanu,29,35,"वेन्द्राः, पृथ्वीन्द्राः नरेन्द्राः ॥ ११. श्रेष्ठिप्रमुखाणाम् ॥ १२. सत्त्ववती ॥",0.0997,0.915,0.5979,0.9343,0.0
bhuvanabhanu,29,36,Jain Education International,0.0146,0.9747,0.1841,0.9828,0.0
bhuvanabhanu,29,37,For Private & Personal Use Only,0.4196,0.9751,0.62,0.9854,0.0
bhuvanabhanu,29,38,www.jainelibrary.org,0.8584,0.9755,0.9848,0.985,0.0
bhuvanabhanu,30,1,भुवणभाणुकेवलिचरियं,0.0997,0.0588,0.2995,0.079,0.0
bhuvanabhanu,30,2,कूडवयणेसु परधणआयाणेसु' परदारसेवासु ।,0.2716,0.0957,0.6661,0.1155,0.0
bhuvanabhanu,30,3,वट्टावेइ जणं जो परिग्गहा-ऽऽरंभकरणेसु ॥१६५॥,0.2721,0.1181,0.701,0.1383,0.0
bhuvanabhanu,30,4,भोइअरयणीभत्तो कोहज्जलणेण ताविओ जेण ।,0.2861,0.1438,0.683,0.1627,0.0
bhuvanabhanu,30,5,दढपाडिअमाणसिलो सहेइ दुक्खाणि जणवग्गो ॥१६६॥,0.2745,0.167,0.7552,0.1876,0.0
bhuvanabhanu,30,6,*माएगरक्खसीए गसिओ लोहमहसायरे पाडओ ।,0.2721,0.1936,0.7168,0.2108,0.0
bhuvanabhanu,30,7,पुत्ताइपेमपासाउरो जिओ मोहमाहप्पं ॥१६७॥,0.2704,0.216,0.6661,0.2362,0.0
bhuvanabhanu,30,8,तिरिअ-नरयावणि-कुनरभवेसु लोओ *पवीलिओ जेणं ।,0.271,0.2422,0.7686,0.2628,0.0
bhuvanabhanu,30,9,तत्तो एसो मोहो 'अहिओ लोआण अक्खाओ ॥१६८॥,0.2739,0.2649,0.7529,0.2842,0.0
bhuvanabhanu,30,10,कडगं जस्स भडेहिं कोहा-ऽहंकार-लोहपमुहेहिं ।,0.271,0.2915,0.6841,0.3122,0.0
bhuvanabhanu,30,11,विअडं मोहनिवाऽऽणाकारगमेअं सया अहिअं ॥१६९॥,0.271,0.3143,0.7407,0.3336,0.0
bhuvanabhanu,30,12,यतः-,0.2686,0.3461,0.3345,0.3581,0.0
bhuvanabhanu,30,13,अण्णायकारगो राया जह तस्स तहा पया ।,0.2698,0.3693,0.6515,0.3856,0.0
bhuvanabhanu,30,14,जओ बुच्चइ लोगम्मि जहा गया तहा पया ॥१७०॥,0.2669,0.3894,0.7232,0.4105,0.0
bhuvanabhanu,30,15,*चारित्तधम्मनामो सुनायगो होइ धम्मसिन्नस्स ।,0.2646,0.4173,0.6638,0.4375,0.0
bhuvanabhanu,30,16,सम्मदंसण-उवसम-सच्चाइभडो जिआण हिअरे ॥१७१॥,0.2686,0.4405,0.7331,0.4594,0.0
bhuvanabhanu,30,17,संजमनरवइच्चरिअं परोवयारस्स कारणं लोप ।,0.2692,0.4672,0.6876,0.4843,0.0
bhuvanabhanu,30,18,*निअसवणामिअरसमयरसायणं सुमह धीमंता ॥१७२५,0.2727,0.4891,0.764,0.5101,0.0
bhuvanabhanu,30,19,यथा-,0.2698,0.5217,0.338,0.5333,0.0
bhuvanabhanu,30,20,देवे देवत्तमई सुसाहुवग्ये गुरुत्तबुद्धिं च ।,0.2692,0.5432,0.6399,0.5646,0.0
bhuvanabhanu,30,21,तत्तेसु अ तत्तरुहं जणेइ लोअस्स जो राओ ॥१७३॥,0.2692,0.5663,0.7127,0.5861,0.0
bhuvanabhanu,30,22,*सक्किरिआआउत्तो भूअग्गामें 'अवेइ अप्पं व ।,0.2716,0.5925,0.6935,0.6131,0.0
bhuvanabhanu,30,23,न लवइ असञ्चचयणं जस्साऽऽणामग्मलग्गजणो ॥१७४॥,0.2692,0.6174,0.7442,0.6346,0.0
bhuvanabhanu,30,24,चोरिअ-अबंभ-आरंभ-परिग्गहवजणाणि सुद्धमणो ।,0.2675,0.6415,0.7045,0.6634,0.0013
bhuvanabhanu,30,25,रयणीभोअणनिअमं जेण जणो पेरितो कुणइ ॥१७५॥,0.271,0.6634,0.7255,0.6853,0.0013
bhuvanabhanu,30,26,अजव-मद्दव-संतोसप्पमुहेहिं ''महाऽऽहरणएहिं ।,0.2669,0.6917,0.6853,0.7128,0.0
bhuvanabhanu,30,27,जो तप्पेइ इमेहिं विवेअवंतो सया लोप ॥१७६॥,0.2669,0.714,0.6876,0.7338,0.0014
bhuvanabhanu,30,28,देव-सुमाणुसभवसुहलाहो सुअप्पबोहो अ (१) ।,0.2698,0.7424,0.6911,0.7621,0.0
bhuvanabhanu,30,29,आरुग्गं सोहग्गं जस्स पसाया हवंति जणे ॥१७७॥,0.2692,0.7643,0.7121,0.7827,0.0
bhuvanabhanu,30,30,एसो संजमराओ संसारावाससंसरंतजणे ।,0.2704,0.7918,0.6364,0.8085,0.0016
bhuvanabhanu,30,31,पालितो पर्जते मुत्ति दितो हिओ बुत्तो ॥१७८॥,0.2698,0.8128,0.6812,0.8347,0.0
bhuvanabhanu,30,32,१३,0.8584,0.0627,0.891,0.079,0.0
bhuvanabhanu,30,33,१. आदानेषु ॥ २. भोजितरजनिभक्तः ३. मायैकराक्षस्या ॥ ४० तिर्यग्नरकावनि ॥ ५. प्रपीडितः ॥ ६.,0.1521,0.851,0.8858,0.8716,0.0
bhuvanabhanu,30,34,अहितः ॥ ७. आरव्यातः ॥ ८. निजश्रवणामृतरसमयरसायनम् ॥ ९. सत्क्रियाऽऽयुक्तः ॥ १०. अवति-रक्षति ॥,0.1002,0.8806,0.8834,0.8991,0.0
bhuvanabhanu,30,35,११. महाभरणकैः ॥,0.1026,0.9094,0.2407,0.9244,0.0
bhuvanabhanu,30,36,Jain Education International,0.0146,0.9747,0.1841,0.9828,0.0
bhuvanabhanu,30,37,For Private & Personal Use Only,0.4196,0.9751,0.62,0.9854,0.0
bhuvanabhanu,30,38,www.jainelibrary.org,0.8584,0.9755,0.9848,0.985,0.0
bhuvanabhanu,31,1,१४,0.095,0.067,0.1241,0.0829,0.0
bhuvanabhanu,31,2,सिरिइंदहंसगणिविरइय,0.6655,0.0683,0.8788,0.0876,0.0027
bhuvanabhanu,31,3,उभपसिं रायाणं सिन्नाई संठिआणि इत्थ सया ।,0.2646,0.1009,0.6917,0.1224,0.0014
bhuvanabhanu,31,4,जाणं जुज्झं वटटइ जीवाण सुह-दुहृदाणटुं ॥१७९॥,0.2681,0.1254,0.7022,0.1464,0.0013
bhuvanabhanu,31,5,कालो गओ अणंतो दुण्हं रायाण जुज्झमाणाणं ।,0.2646,0.152,0.683,0.1739,0.0014
bhuvanabhanu,31,6,हवइ अ कयाइ 'कस्सइ जयो तह पराजओ चेव ॥१८०॥,0.2652,0.1752,0.7675,0.1936,0.0012
bhuvanabhanu,31,7,एएहितो गरुओ महड्ढिओ होइ लोगतिगनाहो ।,0.2646,0.1997,0.6853,0.2211,0.0042
bhuvanabhanu,31,8,कम्मपरिणामराओ सामत्थं जस्स दुज्जे ॥१८१॥,0.2646,0.2237,0.6579,0.2452,0.003
bhuvanabhanu,31,9,*सुह-असुहाइअरूवो विचित्तओ चम्मचक्खुअअलक्खो ॥,0.2675,0.2499,0.7389,0.2731,0.0025
bhuvanabhanu,31,10,जोगिंदाण समक्खो जिट्ट्ठो भाया य मोहस्स ॥१८०॥,0.2605,0.2726,0.7162,0.2941,0.0026
bhuvanabhanu,31,11,लोगट्ठिईइ लहुओ भाया भणिओ समत्थओ इत्थ ।,0.2599,0.2988,0.7028,0.322,0.0026
bhuvanabhanu,31,12,कालपरिणामयो सो एसो नाडयपिओ निच्चं ॥१८३॥,0.2611,0.322,0.722,0.3444,0.0038
bhuvanabhanu,31,13,तथाहि-,0.2634,0.3499,0.3479,0.3663,0.0
bhuvanabhanu,31,14,किजंति जेण देवा गद्दहरूवा खरा य सुररूवा ।,0.2652,0.3753,0.6801,0.3997,0.007
bhuvanabhanu,31,15,तह माणवा य नारगरुवा पुण नारया मणुआ ॥ १८४॥,0.2628,0.4019,0.7331,0.4212,0.0037
bhuvanabhanu,31,16,अहणा अवि धणवंता धणवंता चेव निद्धणा खणओ,0.2745,0.4251,0.7226,0.4465,0.0065
bhuvanabhanu,31,17,सुहिणो दुहिणो दुहिणो सुहिणो जत्तोस-रोसेहिं ॥१८५/६,0.2622,0.4478,0.7721,0.471,0.0046
bhuvanabhanu,31,18,गयसोगा य ससोगा ससोगया सोगवजिया लोगा।,0.2622,0.4745,0.7296,0.4951,0.0062
bhuvanabhanu,31,19,"नीरोगा य सरोगा सरोगया ""नीरुआ जम्हा ॥१८६॥",0.2617,0.4976,0.7232,0.52,0.0076
bhuvanabhanu,31,20,केसि हरेइ रज्जं एगेसि देइ चक्कवट्टित्तं ।,0.2617,0.5234,0.6305,0.547,0.0079
bhuvanabhanu,31,21,एवं विचित्तरूवो समत्थओ अत्थि कम्मनिवो ॥१८७॥,0.2617,0.5462,0.7045,0.5685,0.0079
bhuvanabhanu,31,22,तिरिआ-ऽमर-नर-नारयरूवेहिं 'विगयसंखपत्तेहिं ।,0.2599,0.5715,0.6935,0.5942,0.0094
bhuvanabhanu,31,23,जो नट्टावइ नट्ट पट्टि मोहराएण ॥१८८॥,0.2599,0.596,0.6311,0.6179,0.0047
bhuvanabhanu,31,24,एसो कम्मनरेसो चिट्ठइ नाडयपिओ तिलोगम्मि ।,0.2617,0.623,0.6958,0.6445,0.004
bhuvanabhanu,31,25,जम्हा एअं सारं संसारे बट्टए नहुं ॥ १८९।।,0.2611,0.6462,0.63,0.669,0.0063
bhuvanabhanu,31,26,चारित्तधम्मपक्खं गिण्हंतो एस होइ सुहरूवो ।,0.2622,0.6728,0.6463,0.696,0.0091
bhuvanabhanu,31,27,मोहमहीसरपक्खे बहंतो पुण असुहरूवो ॥१९०॥,0.2622,0.6951,0.6678,0.7196,0.0101
bhuvanabhanu,31,28,पक्खम्मि जस्स एसो पवट्टए तस्स निच्छओं विजओ ।,0.2628,0.7218,0.7517,0.7467,0.0083
bhuvanabhanu,31,29,निण्णेअव्यो उ अवरपक्खस्स पराजओ चेव ॥१९१॥,0.2617,0.7445,0.7145,0.7664,0.009
bhuvanabhanu,31,30,मुणिऊणं जेण कथं सिन्नोभयपक्खवायमइरुट्टो ।,0.2634,0.7716,0.6713,0.796,0.0071
bhuvanabhanu,31,31,इअ मोहनिवो अं पइ जंपइ रायाहिरायं च ॥ १९२॥,0.2628,0.7943,0.708,0.8175,0.0092
bhuvanabhanu,31,32,अम्हे तुज्झ सया हिअकरा तह पियंधया महाराय ! ।,0.2617,0.8222,0.7337,0.8441,0.0074
bhuvanabhanu,31,33,नट्टविहाणपवीणा तुमं च नाडयपिओ इत्थ ।।१९३॥,0.2628,0.8441,0.7098,0.8678,0.0078
bhuvanabhanu,31,34,१. कस्यचित् ।। २. शुभाशुभादिकरूपः ।। ३. अधनाः ॥ ४. यत्तोष-रोषैः ॥ ५. नीरुजः ॥ ६. विगत-,0.1428,0.8828,0.8724,0.906,0.0032
bhuvanabhanu,31,35,सज्जयापात्रैः-असङ्ख्यपात्रैः ।।,0.0909,0.9081,0.2756,0.9274,0.0
bhuvanabhanu,31,36,Jain Education International,0.0146,0.9747,0.1841,0.9828,0.0
bhuvanabhanu,31,37,For Private & Personal Use Only,0.4196,0.9747,0.62,0.985,0.0
bhuvanabhanu,31,38,www.jainelibrary.org,0.8584,0.9755,0.9848,0.985,0.0
bhuvanabhanu,32,1,सुवणभाणुकेवलिचरियं,0.0973,0.0623,0.2943,0.082,0.0
bhuvanabhanu,32,2,रिउणो व्व नट्टभंगं कुणति जिणआगमाइणो निच्चं ।,0.2663,0.0988,0.7325,0.1202,0.0
bhuvanabhanu,32,3,जेणं जेहिं इत्तो पत्ताणि सिवे ठविज्जति ॥१९४॥,0.2634,0.1219,0.6946,0.1404,0.0
bhuvanabhanu,32,4,वित्ति तहा वि एसिं अम्हे आसेविऊण वट्टामो ।,0.2652,0.149,0.6946,0.17,0.0
bhuvanabhanu,32,5,तुमए इक्केणं किर पवीलिआ सध्वहा अम्हे ।।१९५।।,0.2669,0.1709,0.7063,0.1915,0.0
bhuvanabhanu,32,6,णवि जाण्ामो किंचि वि को हेऊ विज्ञए जए इत्थ ? ।,0.2646,0.1979,0.7541,0.2168,0.0
bhuvanabhanu,32,7,'एवं विचित्तरूवं तुज्झ सरूवं हवइ कम्हा ? ॥१९६॥,0.2599,0.2211,0.708,0.2404,0.0
bhuvanabhanu,32,8,कूडं रमंति एए मए समे हा ! तहा वि दक्खिण्णं ।,0.2657,0.2525,0.7185,0.2718,0.0
bhuvanabhanu,32,9,सक्किजइ छड्डेउं एपसिं न चिरकालीणं ॥१९७॥,0.264,0.2744,0.669,0.2945,0.0
bhuvanabhanu,32,10,भणइ अ कम्ममहिंदो मह चित्तघरम्मि संठिआ तुम्हे ।,0.2611,0.3018,0.7453,0.3225,0.0
bhuvanabhanu,32,11,तेहिं सड्ढं मिलणं समत्थि मे 'बज्झवित्तीए ॥१९८॥,0.2622,0.3242,0.7209,0.3439,0.0
bhuvanabhanu,32,12,तम्हा जं कत्तव्वं कहेह वच्छा! करेमि तं सव्वं 1,0.2634,0.3517,0.701,0.3701,0.0
bhuvanabhanu,32,13,जाणावेइ अ तत्तो मोहनिवो जायउच्छाहो ॥१९९॥,0.2617,0.374,0.69,0.3924,0.0
bhuvanabhanu,32,14,देसु निअऽव्वयपुरओ जीवे ते चिय भवम्मि सामि ! तुमं,0.2634,0.4049,0.7867,0.4272,0.0011
bhuvanabhanu,32,15,जेहिं रिउपक्खस्स उ 'निण्णासो किजए सुहयं ॥२००।।,0.2564,0.4285,0.7622,0.4491,0.0
bhuvanabhanu,32,16,कम्मनिवेणावि तओ पुण अव्ववहाररासिनयराओ ।,0.2628,0.4551,0.6766,0.4757,0.0
bhuvanabhanu,32,17,दिन्ना तस्स सहाया सुदूरभव्वा अभव्वा य ॥२०१॥,0.2617,0.4787,0.7028,0.4981,0.0
bhuvanabhanu,32,18,तेहिं कयाओ साहजाओ [जाओ] अ दित्तओ राया ।,0.2617,0.5049,0.7407,0.5247,0.0
bhuvanabhanu,32,19,पसा वत्ता पसिअर सिन्ने संजमनरेसस्स ॥२०२।।,0.2593,0.5268,0.6772,0.5453,-0.0014
bhuvanabhanu,32,20,"गयहरिसं संजायं ""निक्किरिअं सिन्नमित्थ दडूणं ।",0.2611,0.5547,0.6935,0.5784,0.0
bhuvanabhanu,32,21,सच्बोहमंतिचंदो आगंतूणं भणेइ निवं ॥२०३॥,0.2564,0.5818,0.627,0.602,0.0
bhuvanabhanu,32,22,निअसत्तवज्जिपहिं तुम्हेहि ठिजप कहं नाह !? ।,0.2599,0.6093,0.6865,0.6295,0.0
bhuvanabhanu,32,23,विउरेण आवयाप जओ उवाओ विहेअव्वो ॥२०४।।,0.2704,0.6303,0.715,0.6488,0.0
bhuvanabhanu,32,24,अत्थमणे जइ तिमिरग्गसिओ खरो न उज्जमं चयइ ।,0.2558,0.6621,0.7214,0.6827,0.0
bhuvanabhanu,32,25,एसो तओ उ तमभरनासाओ भासप विस्सं ॥२०॥,0.2558,0.6853,0.6981,0.7029,0.0
bhuvanabhanu,32,26,कम्मपरिणामभूवो दुट्ठयरो नत्थि मोहराउ व्व ।,0.2564,0.7128,0.6748,0.7338,0.0
bhuvanabhanu,32,27,अम्ह कयं पज्जंते असेसनासं मुर्णतो वि ॥ २०६॥,0.2593,0.7364,0.6824,0.7557,0.0
bhuvanabhanu,32,28,अणुवट्टणं करिस्सइ तुम्हाणं इअ 'सुबोहसइवेण ।,0.2552,0.7673,0.69,0.7888,0.0
bhuvanabhanu,32,29,भणिओ चारित्तनिवो गओ अ कम्मनिवपासम्मि ॥२०७॥,0.2552,0.79,0.7156,0.8081,0.0013
bhuvanabhanu,32,30,आलाविओ तओ पुण सुबोहमंतीसरेण कम्मनिवो ।,0.2541,0.8175,0.6777,0.8377,0.0
bhuvanabhanu,32,31,जाव इअंतं कालं तुह वित्ती नेगपक्खेण ॥२०८॥,0.2523,0.8398,0.6725,0.8596,0.0
bhuvanabhanu,32,32,१५,0.8531,0.0661,0.8858,0.082,0.0
bhuvanabhanu,32,33,१. बाह्यवृत्त्या ॥ २. निजाव्ययपुरात् ॥ ३. निर्णाशः विनाश इत्यर्थः ॥ ४. सुखम् ।। ५. साहाय्यात् ।।,0.1364,0.8776,0.8677,0.8978,0.0
bhuvanabhanu,32,34,६. प्रसृता-विस्तृता ॥ ७. निष्क्रियम् ॥ ८. विदुरेण विदुषा ।। ९. सुबोधसचिवेन ।।,0.0886,0.9055,0.6737,0.9253,0.0
bhuvanabhanu,32,35,: Jain Education International,0.0087,0.9751,0.1841,0.9824,0.0
bhuvanabhanu,32,36,For Private & Personal Use Only,0.4196,0.9747,0.62,0.985,0.0
bhuvanabhanu,32,37,www.jainelibrary.org,0.8584,0.9755,0.9848,0.985,0.0
bhuvanabhanu,33,1,१६,0.1049,0.0618,0.1346,0.0781,0.0
bhuvanabhanu,33,2,सिरिइंदहंसगणिविरइय,0.6748,0.0567,0.8899,0.0756,0.0
bhuvanabhanu,33,3,पुव्वठिई चत्तव्वा' न तए अम्हें उविक्खिआ य कहं ? ॥,0.278,0.0923,0.7832,0.1151,-0.0023
bhuvanabhanu,33,4,तम्हा पुराउ घित्तुं सहायओ दंसिओ एगो ॥२०९॥,0.2762,0.1151,0.7191,0.1374,-0.0026
bhuvanabhanu,33,5,सणिअं सवणे बुत्तं कम्मनिवेणं सुबोहसइवस्स ।,0.278,0.1426,0.6696,0.1636,-0.003
bhuvanabhanu,33,6,तुम्हाणर्माव सहाओं पर्गो अहुणा उ होउ त्ति ॥२१०॥,0.278,0.1653,0.7436,0.1885,-0.0025
bhuvanabhanu,33,7,अज वि रिऊण तुम्हाण मए अणुषट्टिअव्वमेपसि ।,0.2768,0.1919,0.7162,0.2143,-0.004
bhuvanabhanu,33,8,अन्नह कुटुंबबंधो चिटुइ कहमेसु इअ [सु] च्चा ॥२११॥,0.2756,0.2151,0.7343,0.237,-0.0025
bhuvanabhanu,33,9,तत्तो धम्मनरिंदो निअठाणे मंतिणा समं पत्तो ।,0.2768,0.2456,0.6807,0.2662,-0.0014
bhuvanabhanu,33,10,एअम्मि पुच्छिअम्मि अ किं तेर्ण परिसं नु कयं १ ॥ २१२१४,0.2786,0.2692,0.7879,0.2911,0.0
bhuvanabhanu,33,11,मोहनिवस्स सहाया समप्पिआ नेगसो मह सहाओ ।,0.2756,0.2958,0.7308,0.3152,0.0
bhuvanabhanu,33,12,एगो कहिओ सो वि अ पुरओ दंसिस्सए जेण ॥२१३॥,0.2774,0.319,0.7576,0.3401,-0.0012
bhuvanabhanu,33,13,विहसिअ मंती पभणइ गोनासे गोमयस्स लाहो वि ।,0.2756,0.3456,0.7488,0.3654,-0.0012
bhuvanabhanu,33,14,कैणं न पसंसिज्जइ ? एगसहाय ऽप्पर्ण गरुर्भ ॥२१४॥,0.2756,0.3684,0.7179,0.3877,-0.0013
bhuvanabhanu,33,15,मोहो इमस्स भाया अणुरत्तो अस्स सत्तुणो अम्हे ।,0.2733,0.3959,0.7063,0.4173,-0.0013
bhuvanabhanu,33,16,लोअडिई अ भइणी जिट्ठा कम्माभिहनिवस्स ॥२१५॥,0.2727,0.4182,0.7016,0.4388,-0.0014
bhuvanabhanu,33,17,ताए वि मोहरण्णो अर्णतभागम्मि ठाविआ अम्हे ।,0.2751,0.4453,0.7156,0.4641,-0.0013
bhuvanabhanu,33,18,एगोऽहं रिउणो पुण बहुणो इअ इत्थ नो हेऊ ॥२१६।॥,0.2756,0.4689,0.75,0.4903,-0.0012
bhuvanabhanu,33,19,यतः,0.2727,0.5054,0.3112,0.5182,0.0
bhuvanabhanu,33,20,अम्हे थोडा रिउ घणा इअ कायर चिर्तति ।,0.2844,0.5311,0.6824,0.5509,0.0
bhuvanabhanu,33,21,मुद्धि ! निहालउ गयणयलि के उज्जोअ करंति ? ॥२१७०,0.2745,0.5535,0.7599,0.5741,-0.0012
bhuvanabhanu,33,22,नाह ! हर्वतु भर्वतो धीरा कालेण सुत्थयं सव्वं ।,0.2727,0.5818,0.7022,0.6024,-0.0014
bhuvanabhanu,33,23,*छुहिअस्स दुहाउ इमो न हि पागं उंबरो जाइ ॥२१८॥,0.278,0.6037,0.7605,0.626,-0.0012
bhuvanabhanu,33,24,इत्थंतरम्मि अवहिअमणो विचितेइ चंदमोलिनिवो ।,0.2756,0.6307,0.7174,0.6501,0.0
bhuvanabhanu,33,25,अवरो को समणो इअ वतुं जाणाइ मइर्मतो ? ॥२१९॥,0.2727,0.6544,0.7407,0.6741,0.0
bhuvanabhanu,33,26,१. त्यक्तव्या ॥ २. उपेक्षिताः ॥ ३. इदं दोधर्क सिद्धहेमचन्द्रव्याकरणाष्टमाध्यायचतुर्थपाद ३७६ सूत्रस्य,0.155,0.7012,0.8893,0.7209,0.0
bhuvanabhanu,33,27,वृत्तौ उदाहरणरूपेण यद् दोधकपद्यं दर्शितं तत्समानार्थकं वर्त्तते । तत्र चार्य पाठभेदः-,0.1043,0.7282,0.7185,0.7484,0.0
bhuvanabhanu,33,28,"""अम्हे थोवा रिउ बहुअ कायर एम्व भणन्ति ।",0.3234,0.7613,0.6684,0.7806,0.0
bhuvanabhanu,33,29,"मुद्धि ! निहालहि गयणयलु कइ जण जोण्ह करंति ? ॥""",0.3228,0.7883,0.7127,0.8072,-0.0015
bhuvanabhanu,33,30,४. वयं स्तोका रिपवो घना इति कातराश्चिन्तयन्ति ।,0.324,0.8154,0.6917,0.8321,0.0
bhuvanabhanu,33,31,मुग्धे ! निभालय गगनतले के उद्द्योतं कुर्वन्ति ? ॥,0.3252,0.842,0.6801,0.8617,0.0
bhuvanabhanu,33,32,"'मुद्धि' इत्यस्य 'मुग्धे' इति भावस्तु दर्शितः, तस्य अपरोऽपि भावः' मुद्धि' मूर्धित शिरस उपरि ॥",0.155,0.8746,0.8858,0.8948,0.0
bhuvanabhanu,33,33,५. नहि क्षुधितस्य दुःखेनासावुदुम्बरः पाकं याति ॥ ६. अवहितमनाः ॥,0.1061,0.9025,0.5956,0.9223,0.0
bhuvanabhanu,33,34,Jain Education International,0.0146,0.9747,0.1841,0.9828,0.0
bhuvanabhanu,33,35,For Private & Personal Use Only,0.4196,0.9751,0.62,0.9854,0.0
bhuvanabhanu,33,36,www.jainelibrary.org,0.8584,0.9755,0.9848,0.985,0.0
bhuvanabhanu,34,1,भुवणभाणुकेव लिचरियं,0.1061,0.0605,0.3019,0.0812,-0.003
bhuvanabhanu,34,2,१७,0.8619,0.0635,0.8951,0.0777,0.0
bhuvanabhanu,34,3,खणमाणंदसुहं 'अणुहोऊणं नरवई इमं भणइ ।,0.2756,0.0957,0.6795,0.1168,0.0
bhuvanabhanu,34,4,पुरओ किं धम्माहिवदत्तसहायस्स संजायं १ ॥२२०॥,0.2745,0.1189,0.7296,0.14,0.0
bhuvanabhanu,34,5,*सावेइ भूमिवइणो समणो संबंधयं सहायस्स ।,0.2768,0.146,0.6911,0.1653,0.0
bhuvanabhanu,34,6,कम्मपरिणामरण्णो अव्ववहारनयराउ इमो ॥२२१॥,0.2751,0.1683,0.6556,0.1876,-0.0015
bhuvanabhanu,34,7,संववहानिगोए आणेउं मुक्कओ उ अप्पेणं ।,0.2739,0.2005,0.6288,0.2216,0.0
bhuvanabhanu,34,8,पच्छन्नरूवओ पुण ठिओ अ तस्सेव पासम्मि ॥२२२॥,0.2768,0.222,0.7354,0.2435,-0.0013
bhuvanabhanu,34,9,एस वइअरो णाओ मोहाईहिं विचितिअं तेहिं ।,0.2739,0.249,0.676,0.2688,-0.0014
bhuvanabhanu,34,10,अम्ह निवो एस अहो कलिकारी 'नारय व्व सया ॥२२३॥,0.2733,0.2731,0.7937,0.2924,0.0
bhuvanabhanu,34,11,*मायंगमुअंगो इव दुपक्खगामी नरेसरो एसो ।,0.2786,0.3044,0.7034,0.325,0.0
bhuvanabhanu,34,12,पअस्स कहिज्जंतं भिअकुंभस्स व वहिज्जुवरिं ॥२२४॥,0.2751,0.3267,0.7529,0.3469,0.0
bhuvanabhanu,34,13,सहावो उवपसेण अन्नहा क़िजए कहं ? ।,0.271,0.3542,0.6288,0.3714,0.0
bhuvanabhanu,34,14,ताविआणि वि सीआणि जलाणि होति जं पुणो ॥५२५३॥,0.2739,0.3766,0.7657,0.398,0.0
bhuvanabhanu,34,15,तह वि निअबलं अवलंबिऊण मोहाइणो कुविअचित्ता ।,0.2721,0.4032,0.7401,0.4242,0.0
bhuvanabhanu,34,16,धम्मसहाय जिअसमीचमागया झत्ति दुद्धरिसा ॥२२६॥,0.2733,0.4268,0.7395,0.4483,0.0
bhuvanabhanu,34,17,ववहारनिगोपसु वि धरिओ सो दुक्खकोडिमणुहोंतो ।,0.2751,0.4577,0.7395,0.4792,0.0
bhuvanabhanu,34,18,तेहिं अणंतविहउस्सप्पिणि ओस्सप्पिणीकालं ॥२२७।।,0.2727,0.48,0.7279,0.4981,0.0
bhuvanabhanu,34,19,मोहपमुहेसु तेसु वि विरलीभूपसु अंतरं लहिउं ।,0.2721,0.5075,0.6981,0.5277,0.0
bhuvanabhanu,34,20,कम्मनिवेण निगोअजिओ पुढविकाइए ठविओ ।॥२२८॥,0.2727,0.5303,0.7389,0.5496,0.0
bhuvanabhanu,34,21,तत्थ वि दुहलक्खाई कयाणि एअस्स मोहवग्गेहिं ।,0.2716,0.5573,0.7162,0.5784,0.0
bhuvanabhanu,34,22,अस्संखाओ पुण उस्सप्पिणि ओस्सप्पिणीओ जा ॥२२९॥,0.271,0.5801,0.7634,0.6003,0.0
bhuvanabhanu,34,23,जल-जलण-वाउकाइअभवेसु गहिओ तहेव कम्मेण ।,0.2704,0.6119,0.6672,0.632,0.0
bhuvanabhanu,34,24,तत्थ वि मोहेण दुहे तावंतं कालमाणीओं ॥२३०॥,0.271,0.635,0.6929,0.6556,0.0
bhuvanabhanu,34,25,संसारिजिओ एसो 'पत्तेअवणे 'वरायओ रुद्धो ।,0.2698,0.6612,0.7028,0.6797,0.0
bhuvanabhanu,34,26,कोडाकोडीओ जा सत्तरि संखाओ जलहीणं ॥२३१॥,0.2692,0.684,0.7203,0.7037,0.0
bhuvanabhanu,34,27,ववहारनिगोय-पुढविपमुहट्ठाणेसु चेव पत्तेअं ।,0.2692,0.7153,0.6416,0.7364,0.0
bhuvanabhanu,34,28,खलिओ मोहाईहिं कालमणंताइरूवं जा ॥२३२॥,0.2681,0.7381,0.6573,0.7587,0.0
bhuvanabhanu,34,29,पुणरवि भमयंतेहिं तेहि एगिदिएसु धरिउं सो ।,0.2675,0.7647,0.6958,0.7862,0.0
bhuvanabhanu,34,30,कटुम्मि पाडिओ जा असंखपुग्गलपराषट्टे ॥ २३३॥,0.2681,0.7879,0.6935,0.8089,0.0
bhuvanabhanu,34,31,कम्मपरिणामनिवई लहिआवसरो खिवेइ विगलेसु ।,0.2686,0.8188,0.6929,0.8407,0.0027
bhuvanabhanu,34,32,जिअमिममिअ नाऊणं मोहाई धाविआ पिट्ठे ॥२३४॥,0.2663,0.8407,0.7115,0.8617,0.0013
bhuvanabhanu,34,33,१. अनुभूय. ॥ २. श्रावयति ॥ ३. नारदः ॥ ४. मातङ्गस्य चाण्डालस्य मृदङ्ग इव ॥ ५. द्विपक्षगामी ॥,0.1498,0.8819,0.8823,0.9012,0.0
bhuvanabhanu,34,34,६. भृतकुम्भस्य ७. प्रत्येकवनस्पतिकाये ॥ ८. वराककः ॥,0.1002,0.9077,0.5047,0.9279,-0.0014
bhuvanabhanu,34,35,Jain Education International,0.0146,0.9747,0.1841,0.9828,0.0
bhuvanabhanu,34,36,For Private & Personal Use Only,0.4196,0.9751,0.62,0.9854,0.0
bhuvanabhanu,34,37,www.jainelibrary.org,0.8584,0.9755,0.9848,0.985,0.0
bhuvanabhanu,35,1,१८,0.1061,0.0584,0.1352,0.0717,0.0
bhuvanabhanu,35,2,1 सरिइंदहंसगणिविग्यं,0.6795,0.0593,0.891,0.0777,0.0
bhuvanabhanu,35,3,वाससहस्साणि इमो संखिजाई सहाविओ दुक्खं ।,0.2733,0.0923,0.7209,0.1164,0.0026
bhuvanabhanu,35,4,तत्थ वि तेहिं पकुविअचित्तेहिं दुट्ठधिट्ठेहिं ॥२३५॥,0.2762,0.1142,0.7145,0.1383,0.0027
bhuvanabhanu,35,5,पुव्वुत्तनिगोआइसु इगिंदिपसु अ परम्मुहो खित्तो ।,0.2768,0.1417,0.7203,0.1649,0.0026
bhuvanabhanu,35,6,तेसु वि धरिओ सो संखिज्जे पुग्गलपरावट्टे ॥२३६॥,0.2751,0.1636,0.7366,0.1881,0.0051
bhuvanabhanu,35,7,'पुणरायाओ विगलिंदिपसु संखिजकालयं धरिउं ।,0.2809,0.1911,0.7319,0.213,0.0039
bhuvanabhanu,35,8,पगिंदिपसु खित्तो असंखपुग्गलपरावट्टे ॥ २३७॥,0.2733,0.213,0.6754,0.2366,0.0072
bhuvanabhanu,35,9,पगिंदिअ-विगलिंदिअगयागपर्हि अणंतपुग्गलप ।,0.2756,0.2443,0.6801,0.2675,0.0058
bhuvanabhanu,35,10,रुद्धो तेहिं एसो पवीलिओ दुक्खलक्खेहिं ॥२३८॥,0.2751,0.2671,0.7057,0.2911,0.0054
bhuvanabhanu,35,11,कम्मनिवो सम्मुच्छयपंचिंदियएसु तं तओ णेइ ।,0.2733,0.2941,0.6941,0.3164,0.0028
bhuvanabhanu,35,12,अनुभवेसु निरोहो अ पुव्वकोडीपुहुत्तं जा ॥२३९॥,0.2733,0.3169,0.7057,0.3405,0.0054
bhuvanabhanu,35,13,पगिदिअ-विगलिंदिअ-सम्मुच्छपणिदिप्सु गमणेहि ।,0.2745,0.3474,0.7168,0.3705,0.0026
bhuvanabhanu,35,14,पुणरवि खलणं च कयं अणंतपुग्गलपरावट्टे ॥२४०॥,0.2745,0.3705,0.7133,0.3929,0.0053
bhuvanabhanu,35,15,अह नीओ कम्मेणं गब्भयपंचिदिपसु तिरिएसु ।,0.2721,0.3972,0.6824,0.4195,0.0057
bhuvanabhanu,35,16,तत्थ वि अट्ठभवेसुं सपुव्वकोडीपुहत्तं जा ॥२४१॥,0.2739,0.4195,0.7139,0.4431,0.0053
bhuvanabhanu,35,17,एगिदियाइ-गब्भयपणिदिअतिरिअगयागपहिं सो ।,0.2733,0.4508,0.7022,0.4727,0.0041
bhuvanabhanu,35,18,पुणरवि धरिओ तेहिं अणंतपुग्गलपराबट्टे ॥२४२॥,0.2727,0.474,0.697,0.4968,0.0027
bhuvanabhanu,35,19,मच्छाइभवाऽऽणीअं तं दटुं चितए अ मोहाई ।,0.2733,0.5019,0.6667,0.5255,0.003
bhuvanabhanu,35,20,एसो पुरओ तं चालंतो दंसेइ रिउपक्खं ॥२४३॥,0.2716,0.5243,0.6894,0.5453,0.0028
bhuvanabhanu,35,21,इअ कुद्धेहिं तेहिं जीवाघायम्मि पेरिओ निच्चं ।,0.2733,0.5509,0.683,0.5711,0.0028
bhuvanabhanu,35,22,कयमंसभक्खणो पुण पावो नरएसु खित्तो सो ॥२४४॥,0.2704,0.5741,0.7436,0.5955,0.0025
bhuvanabhanu,35,23,तत्थ असंखं कालं अणुहूअं दुक्खमुक्कडं तेण ।,0.2704,0.6067,0.6667,0.6277,0.0015
bhuvanabhanu,35,24,अन्नय कम्मनिवेणं 'सकुंतपमुहेसु सो मुक्को ॥२४५॥,0.2692,0.6277,0.7045,0.6501,0.0013
bhuvanabhanu,35,25,तत्तो मोहाईहिं एसो पगिंदिआइ-नरएसु ।,0.2698,0.6544,0.623,0.6767,0.005
bhuvanabhanu,35,26,कसिओ गयागपहिं अणंतपुग्गपट्टे ॥२४६॥,0.2698,0.6771,0.6783,0.7007,0.0043
bhuvanabhanu,35,27,आणेइ कम्मनिवई सम्मुच्छयमाणवेसु तं तत्थ ।,0.2698,0.705,0.6731,0.7269,0.0014
bhuvanabhanu,35,28,अटूठसु भवेसु तेहिं 'अंतमुहुत्ते अड य धरिओ ॥२४७॥,0.2675,0.7278,0.7471,0.751,0.0024
bhuvanabhanu,35,29,पििदआइसु तओ गयागपहिं अणंतपुग्गलए ।,0.2704,0.7583,0.6626,0.7823,0.0045
bhuvanabhanu,35,30,खिवइ अ अणज्जदेसयगब्भनरेसु किर कम्मनियो ॥२४८॥,0.2663,0.781,0.7675,0.8038,0.0035
bhuvanabhanu,35,31,खुहिओ मोहमहीसो तस्स य सव्वे वि 'सेणिआऽऽवइआ ।,0.2756,0.8089,0.7937,0.83,0.0022
bhuvanabhanu,35,32,पपण अहो ! पहया अम्हे जं दूरमाणीओ ॥२४९॥,0.2657,0.8325,0.6964,0.8536,0.0027
bhuvanabhanu,35,33,१. पुनरायातः ॥ २. उत्कटम् ॥ ३. पक्षिप्रमुखेषु ॥ ४. अन्तर्मुहूर्त्तानि अष्ट च धृतः ॥ ५. अनार्यदेशकग-,0.148,0.8751,0.8805,0.897,0.0
bhuvanabhanu,35,34,निरेषु ॥ ६. क्षुभितः ॥ ७. सैनिका आपतिताः सैनिका आगता इत्यर्थः ॥,0.1014,0.9012,0.6189,0.9231,0.0011
bhuvanabhanu,35,35,Jain Education International,0.0146,0.9751,0.1841,0.9828,0.0
bhuvanabhanu,35,36,For Private & Personal Use Only,0.4196,0.9747,0.62,0.985,0.0
bhuvanabhanu,35,37,www.jainelibrary.org,0.8584,0.9755,0.9848,0.985,0.0
bhuvanabhanu,36,1,भुवणभाणुकेवलिचरियं,0.0979,0.0683,0.2949,0.0897,-0.003
bhuvanabhanu,36,2,१९,0.8566,0.07,0.8852,0.0833,0.0
bhuvanabhanu,36,3,दोहिं 'रसगिद्धि-अकजपवित्तीहिं सुलोअणाहिं च ।,0.2652,0.1013,0.7179,0.1237,-0.0013
bhuvanabhanu,36,4,आगंतूणं वुत्तं को खोहो इत्थ तुम्हाणं ? ॥२५०॥,0.2692,0.1258,0.6865,0.1464,-0.0028
bhuvanabhanu,36,5,को एस ठिओ रंको सज्जो अम्हाणमवि अ भणणीअं ।,0.2675,0.1559,0.7529,0.1752,-0.0012
bhuvanabhanu,36,6,जह बंधिऊण य गले णिज्जइ किज्जइ अ सो दासो ॥ २५६॥,0.2681,0.1778,0.7867,0.1984,-0.0022
bhuvanabhanu,36,7,"अम्ह बले इत्थीण वि केरिसओ वट्टए ""अवटुंभो ? ।",0.2686,0.2057,0.7337,0.2271,-0.0013
bhuvanabhanu,36,8,इअ चितिउं च मोहाहिवो इमं भणइ वच्छाणं ॥२५२॥,0.2698,0.228,0.7366,0.249,-0.0025
bhuvanabhanu,36,9,सिग्धं गच्छह तुम्हे परम्मुहो पाडिअव्वओ एसो ।,0.271,0.2598,0.7139,0.2812,-0.0026
bhuvanabhanu,36,10,अम्हे वि तुम्ह पासे ठिआ 'ससिन्न त्ति पडिसुच्चा ॥२५३॥,0.2686,0.2812,0.7879,0.304,-0.0034
bhuvanabhanu,36,11,तत्तो गयाउ ताओ रसगिद्धीए पट्टिओ जीओ ।,0.2698,0.3087,0.6917,0.3302,-0.0041
bhuvanabhanu,36,12,*आमिस-मज्जमुहविविहभक्खणपाणेसु अणवरयं ॥२५४॥,0.2721,0.3315,0.7471,0.3538,-0.0037
bhuvanabhanu,36,13,* गणिआ-जणणी-भइणीपमुहेसु पुणो 'अगम्मगमणेसु ।,0.2739,0.3637,0.7343,0.386,-0.0025
bhuvanabhanu,36,14,बीआइ अकजपवित्तीय सो पेरिओ सययं ।॥२५५॥,0.2686,0.386,0.7069,0.4066,-0.0027
bhuvanabhanu,36,15,दोहि वि ताहि तहकयमेसो नरपसु तक्खणापडिओ ।,0.2681,0.4135,0.7354,0.4345,-0.0025
bhuvanabhanu,36,16,"""मच्छेगिदिअआइसु गओ अ सोऽणंतपुग्गलए ॥२५६॥",0.2721,0.4371,0.7348,0.4581,-0.0013
bhuvanabhanu,36,17,नीओ अ अज्जदेसयमायंगेसुं अभक्खभक्खणओ ।,0.2704,0.4633,0.6876,0.4848,-0.0014
bhuvanabhanu,36,18,निरयाइसु निग्गहिओ ताहिं सोऽणंतपुग्गलए ॥२५७॥,0.2681,0.4852,0.729,0.5079,-0.0038
bhuvanabhanu,36,19,तह अज्ज्ञदेसपसु वि 'वेसाईकुलेसु आगओ जीओ ।,0.2692,0.5127,0.7185,0.5346,-0.0026
bhuvanabhanu,36,20,'वावट्टिऊण धरिओ कालं तावंतमित्थीहिं ॥२५८॥,0.2733,0.5346,0.7034,0.5582,-0.0054
bhuvanabhanu,36,21,कहमवि कम्मनिवो तं आणेइ ''सुखित्त-जाइ-निसु मोहो ।,0.2692,0.5663,0.764,0.5882,-0.0012
bhuvanabhanu,36,22,पेसइ अ दंसणावरणनामकम्मक्खसामंते ॥ २५९॥,0.2669,0.5904,0.6311,0.6101,-0.0032
bhuvanabhanu,36,23,तेहिं सामंतेहिं ''जञ्चंधो तह विरूवओ विहिओ ।,0.2686,0.6166,0.7086,0.6359,-0.0013
bhuvanabhanu,36,24,एगिदिआइसु इमो धरिओ कालं च तावंतं ॥२६०॥,0.2704,0.6406,0.7121,0.6604,-0.0013
bhuvanabhanu,36,25,कम्मेण माणुसत्तं इमस्स संपाइअं जिअस्स तओ ।,0.2698,0.6672,0.7057,0.6878,-0.0013
bhuvanabhanu,36,26,सामंतेहिं तेहिं 'जाईए सो कओ बहिरो ॥२६१॥,0.2663,0.6891,0.7057,0.7085,-0.0013
bhuvanabhanu,36,27,वावट्टिओ तहेव य धरिओ जाओ कयाइ मूओ अ ।,0.2652,0.7158,0.7197,0.7381,-0.0013
bhuvanabhanu,36,28,सेसं तहेव णेअं पुव्वुत्तं बुद्धिर्मतेहि ॥२६२॥,0.2646,0.7385,0.6375,0.7608,-0.0016
bhuvanabhanu,36,29,एवं कुज्जो काणो ''खंजो ''मंटो विरूवओ जाओ ।,0.2692,0.766,0.7308,0.7875,-0.0013
bhuvanabhanu,36,30,खलिओ अणंतवारे पत्तेअमणंतपुग्गलए ॥२६३॥,0.2675,0.79,0.6638,0.8106,-0.0015
bhuvanabhanu,36,31,"१. रसगृद्धधकार्यप्रवृत्तिभ्याम् सुलोचनाभ्याम्, स्त्रीभ्यामित्यर्थः ॥ २. अवष्ठम्भः प्रागल्भ्यम् ॥ ३.",0.1463,0.8261,0.877,0.8493,-0.0008
bhuvanabhanu,36,32,ससैन्या इति ॥ ४. आमिषमद्यमुखविविधभक्षणपानेषु ॥ ५. गणिका ॥ ६. अगम्यगमनेषु ॥ ७. मत्स्यैकेन्द्रियकादिषु ॥,0.0956,0.854,0.8788,0.8763,-0.0007
bhuvanabhanu,36,33,८. वेश्यादिकुलेषु ॥ ९. व्यावत्र्य ॥ १०० सुक्षेत्र-जाति-नृषु ॥ ११. जात्यन्धः ॥ १२. जात्या-जन्मना ॥,0.0979,0.8824,0.7791,0.903,-0.0009
bhuvanabhanu,36,34,१३. खञ्जः ॥ १४. वामनः ॥,0.0979,0.9154,0.317,0.9304,0.0
bhuvanabhanu,36,35,Jain Education International,0.0146,0.9747,0.1841,0.9828,0.0
bhuvanabhanu,36,36,For Private & Personal Use Only,0.4196,0.9751,0.62,0.9854,0.0
bhuvanabhanu,36,37,www.jainelibrary.org,0.8584,0.9755,0.9848,0.985,0.0
bhuvanabhanu,37,1,یزه,0.1072,0.0661,0.1311,0.0764,1.5708
bhuvanabhanu,37,2,सिरिइंदहंसगणिविरइयं,0.6824,0.0627,0.8904,0.082,0.0028
bhuvanabhanu,37,3,कट्ठाउ कम्मराओ मणुअत्तं देइ तस्स मोहनिवो ।,0.2774,0.1035,0.6853,0.1232,0.0
bhuvanabhanu,37,4,रुट्ठो पेसेइ असायवेअणीअसुहडं 'विअर्ड ॥२६४॥,0.2768,0.1254,0.7022,0.1456,0.0014
bhuvanabhanu,37,5,तेण भडेण कयाई जम्मे जीवो कओ महाकुट्टी ।,0.2762,0.152,0.6958,0.1735,0.0014
bhuvanabhanu,37,6,कत्थइ सो 'पीही 'जगिवंतो तह 'वायई 'किच्छी ॥ २६५॥,0.2797,0.1743,0.8024,0.1949,0.0011
bhuvanabhanu,37,7,*सुमहोअरिओ 'जरिओ तहा 'अईसारई पुणो कासी ।,0.2797,0.2014,0.7675,0.2237,0.0012
bhuvanabhanu,37,8,सासी भगंदरवहो 'गुम्मी तह रत्तपित्तधरो ॥२६६॥,0.2721,0.225,0.7308,0.2447,0.0
bhuvanabhanu,37,9,''हरिसावंतो ''अरिसो विआरवंतो 'ससीसरोगो य ।,0.2815,0.2559,0.7809,0.2744,0.0
bhuvanabhanu,37,10,''सुविसमकवालरोगी अ नित्तरोगी सवणरोगी ॥२६७।।,0.2815,0.2787,0.7914,0.2997,0.0
bhuvanabhanu,37,11,गल-तालु-जीह-दसणा-ऽहररोगी तह कवोल-मुहरोगी ।,0.278,0.3066,0.7418,0.3272,0.0
bhuvanabhanu,37,12,अहव ''हियसृलिओ ''कुच्छिस्रलिओ पिट्ठिखली अ ॥२६८।।,0.2774,0.328,0.8147,0.3504,-0.0011
bhuvanabhanu,37,13,एसो अ आमदोसी पमेहरोगी ''अरोअई चेव ।,0.2786,0.3602,0.697,0.3804,0.0
bhuvanabhanu,37,14,कत्थइ खयाइरोगी खीणसरीरो हवेइ जिओ ॥ २६९॥,0.278,0.3826,0.7302,0.4019,-0.0013
bhuvanabhanu,37,15,इअ तिव्ववेअणाओ सहमाणो सव्वया वि विलवंतो ।,0.278,0.4088,0.743,0.4289,-0.0013
bhuvanabhanu,37,16,विण्णाऽविण्णनराणं सरूवयं दंसप दीणो ॥२७०॥,0.2762,0.4319,0.7086,0.4517,-0.0013
bhuvanabhanu,37,17,भक्खेइ मूलजालं कुणेइ 'अइकडुअकाहपाणं च ।,0.2774,0.4603,0.6999,0.4805,0.0
bhuvanabhanu,37,18,खाएइ चुण्णवग्गं उग्गमिमं स-परबुद्धीए ॥२७१॥,0.2745,0.4822,0.6929,0.5041,-0.0014
bhuvanabhanu,37,19,उप्पन्नअंगदुक्खो भक्तो निच्चसो अभक्खाई,0.2756,0.5148,0.6626,0.5354,0.0
bhuvanabhanu,37,20,''निम्मिअअपिञ्जपाणो करेइ पसो अकजाई ॥२७२॥,0.278,0.5367,0.7413,0.5556,0.0
bhuvanabhanu,37,21,तह जंत-तंत-मंतोसहीविहाणाइअप्पओगेसु ।,0.2756,0.5638,0.6404,0.5844,0.0
bhuvanabhanu,37,22,जीपण अज्जिआई विसमाणि महंतपावाणि ॥२७३॥,0.2756,0.5861,0.7162,0.6063,0.0
bhuvanabhanu,37,23,मणुअभवाओ भट्ठो अणंतवारे इगिंदिआईसु ।,0.2762,0.6136,0.6655,0.6346,0.0
bhuvanabhanu,37,24,वावट्टिऊण खविओ अर्णतपुग्गलपरात्रट्टे ॥२७४॥,0.2739,0.6359,0.6836,0.6582,-0.0014
bhuvanabhanu,37,25,एगय पुणो वि पत्ते मणुअत्ते कम्मरायवसओ जं ।,0.2756,0.6677,0.7133,0.6883,-0.0013
bhuvanabhanu,37,26,मोहनिवइदंडाहिव आणाए एस इअ जाओ ॥२७५॥,0.2727,0.6891,0.711,0.7106,-0.0027
bhuvanabhanu,37,27,** पावड्रिढकारओ बागुरिओ २'सोअरिअओ अ लुद्धयओ ।,0.2803,0.7175,0.7955,0.7389,0.0
bhuvanabhanu,37,28,कत्थ वि २२केवलमंसासणवसणी २'मजपाणरओ ॥ २७६।॥,0.2751,0.7437,0.7791,0.7634,-0.0012
bhuvanabhanu,37,29,१. विकटम् ॥ २. प्लीही ॥ ३० (१) ॥ ४. वातकी ॥ ५. कृच्छ्री मूत्रकृच्छरोगवान् इत्यर्थः ॥ ६.,0.1538,0.7896,0.884,0.8115,-0.0008
bhuvanabhanu,37,30,सुमहोदरिकः ॥ ७. ज्वरिकः ।। ८. अतीसारकी ॥ ९. गुल्मी ॥ १०. उन्मादी ॥ ११. अशेर्शेविकारवान् ।।,0.1026,0.8171,0.8823,0.8377,-0.0015
bhuvanabhanu,37,31,१२. सशीर्षरोगः ॥ १३. सुविषमकपालरोगी ।। १४. नेत्ररोगी ॥ १५. हृदयशूलिकः ॥ १६. कुक्षिशूलिकः ।।,0.1049,0.8441,0.8817,0.866,-0.0015
bhuvanabhanu,37,32,१७. अरोचकी ॥ १८. अतिकटुकक्वाथपानम् ॥ १९. निर्मिताऽपेयपानः ।। २०० पापद्धिंकारकः मृगयाकारी ।।,0.1055,0.8716,0.8829,0.8918,-0.0015
bhuvanabhanu,37,33,२१. शौकरिकः ।। २२. केवलमांसाशनव्यसनी ॥ २३. मद्यपानरतः ।॥,0.1026,0.8995,0.5915,0.918,0.0
bhuvanabhanu,37,34,Jain Education International,0.0146,0.9747,0.1841,0.9824,0.0
bhuvanabhanu,37,35,For Private & Personal Use Only,0.4196,0.9751,0.62,0.9845,0.0
bhuvanabhanu,37,36,www.jainelibrary.org,0.8584,0.9755,0.9848,0.985,0.0
bhuvanabhanu,38,1,भुवणभाणुकेवलिचरिये,0.1113,0.0541,0.3106,0.0743,0.0
bhuvanabhanu,38,2,'कावि सुरापाडणओ खत्तखणणओ अ बंदिगहणेणं ।,0.2844,0.0906,0.7477,0.1121,0.0
bhuvanabhanu,38,3,कण्णाइतोडणेणं कुटुंबवित्ती कया जेण ॥२७७॥,0.2949,0.1134,0.6917,0.134,0.0
bhuvanabhanu,38,4,कत्थइ अ कूडकारय-कूडज्जूअ-करघुत्तविज्ञाहिं ।,0.2809,0.14,0.6993,0.1619,-0.0014
bhuvanabhanu,38,5,सयलजणवंचणेणं उअरं भरिअं सया जेणं ॥२७८॥,0.2774,0.1627,0.7022,0.1803,0.0
bhuvanabhanu,38,6,"कत्थ वि ""तलार-गुत्तिय-मंतिप्पमुहखरकम्मकरणेहि।",0.278,0.1898,0.7418,0.21,0.0
bhuvanabhanu,38,7,पावाणि अजिऊणं जणिओ जेणऽप्पनिव्वाहो ॥ २७९,0.2745,0.2121,0.7383,0.2306,0.0
bhuvanabhanu,38,8,पोसिअमिमं कुटुंबं जिएण ध्रुवमुच्छुखित्तकरणेहिं,0.2756,0.2392,0.7162,0.2606,0.0
bhuvanabhanu,38,9,कत्थइ 'संसत्त तिलुच्छुपीलणेहिं अणेगेहिं ॥२८०॥,0.2762,0.2615,0.6976,0.2838,-0.0014
bhuvanabhanu,38,10,विक्केइ अमिसमिमो मज्जं वाणिज्जयं करेइ तहा ।,0.2786,0.2894,0.7156,0.3083,0.0
bhuvanabhanu,38,11,असि-लक्खा-हल-मुसलोसलाइसावज्जवत्थूणं ॥२८१॥,0.2751,0.3113,0.7092,0.3319,-0.0013
bhuvanabhanu,38,12,इअ कयकुहुंचवित्ती अणेगवारे भमंतओ जीओ,0.2745,0.3383,0.6783,0.359,-0.0014
bhuvanabhanu,38,13,एगिदिआइसु ठिओ अणेंतपुग्गलपरात्रट्टे ॥ २८२॥,0.2756,0.3607,0.6836,0.3826,-0.0014
bhuvanabhanu,38,14,यतः -,0.2733,0.395,0.3415,0.4053,0.0
bhuvanabhanu,38,15,जया मोहोदयो तिव्वो अन्नाणं खु महब्भयं ।,0.2716,0.4161,0.6696,0.4362,0.0
bhuvanabhanu,38,16,पेलवं वेअणिज्जं तु तया पगिदिअत्तणं ॥२८३१,0.2751,0.4392,0.6958,0.459,0.0
bhuvanabhanu,38,17,इअ मणुअगइपुरीए गयागयं जस्सऽणेतसो जायं ।,0.2768,0.4654,0.6876,0.486,0.0
bhuvanabhanu,38,18,यगय मोहमहीषो महंतचिताउरो जाओ ॥२८४॥,0.2733,0.4882,0.6742,0.5067,0.0
bhuvanabhanu,38,19,एगंते मोहनिवो निअमंतीणं भणेइ ताथ अहो ! ।,0.2739,0.5148,0.6865,0.5341,0.0
bhuvanabhanu,38,20,भमिओ मिच्छादंसणमहत्तमो एस जेण समं ॥२८५।,0.2733,0.538,0.7168,0.556,0.0
bhuvanabhanu,38,21,अव्ववहारनयरओ एसो आरंभिऊण जा अज ।,0.2733,0.5646,0.6562,0.5822,0.0
bhuvanabhanu,38,22,"""मज्झाऽऽपसेण गओ जिअपुट्टि इत्थ चिरकाले ॥२८६॥",0.2786,0.5869,0.7669,0.6088,0.0
bhuvanabhanu,38,23,''तप्पिट्ठओ तहेव य भमिआ तस्साणुचारिणो दो त्रि ।,0.2774,0.614,0.7803,0.6342,0.0
bhuvanabhanu,38,24,बीरा नाणावरणं अण्णाणं नामओ चेव ॥२८७७॥,0.2698,0.6376,0.6329,0.6548,0.0
bhuvanabhanu,38,25,एपसि पि' तिआणं पभावओ जाणिअं न नामे पि ।,0.2745,0.6634,0.7494,0.6818,0.0
bhuvanabhanu,38,26,देव-सुगुरु-तत्ताणं न य 'धम्मऽक्खरसुइपवेसो ॥२८८॥,0.2727,0.6874,0.7506,0.7072,0.0
bhuvanabhanu,38,27,न य थोचनाणलोआण भासिअत्थो जिपण विण्णाओ ।,0.2704,0.7136,0.7506,0.7321,0.0012
bhuvanabhanu,38,28,आहार-निह-मेहुण-गत्तपसत्तो सया भमिओ ।॥२८९।।,0.2704,0.7368,0.7139,0.7574,0.0
bhuvanabhanu,38,29,कणगपुरे अमराभिहषवहारिवरस्स नंदभज्जाए ।,0.2704,0.763,0.6509,0.7836,0.0015
bhuvanabhanu,38,30,सो संपय तु पुत्तो करिस्सए 'कम्मखिइवइणा ॥२९०॥,0.2698,0.7849,0.7756,0.8068,0.0012
bhuvanabhanu,38,31,२३,0.8718,0.0575,0.8998,0.0713,0.0
bhuvanabhanu,38,32,"१. कापि सुरापातनतः, सुरानिर्माणत इत्यर्थः ॥ ९. क्षत्रखननतः ॥ ३. कर्णादित्रोटनेन ॥ ४. कूटकारक-",0.1538,0.824,0.8864,0.8459,0.0008
bhuvanabhanu,38,33,कूटद्यूत-करधूर्तविद्याभिः ॥ ५. तलवरः-कोट्टपाल इत्यर्थः ॥ ६. गौप्तिकः कारागृहाधिपतिरित्यर्थः ॥ ७. येनात्त्मनिर्वाहः ॥,0.1014,0.8506,0.8829,0.872,0.0007
bhuvanabhanu,38,34,८. ध्रुवम् इक्षुक्षेत्रकरणैः ॥ ९. संसक्ततिल-इक्षुपीलनैः ॥ १०. ममादेशेन ॥ ११. तत्पृष्ठतः ।। १२. त्रिकाणा,0.1031,0.8776,0.8823,0.8995,0.0
bhuvanabhanu,38,35,प्रभावतः ।। १३. धर्माक्षरश्रुतिप्रवेशः ।। १४. साम्प्रतम् ॥ १५. कर्मक्षितिपतिना ।।,0.0991,0.9055,0.6894,0.9266,0.0
bhuvanabhanu,38,36,Jain Education International,0.0146,0.9747,0.1841,0.9828,0.0
bhuvanabhanu,38,37,For Private & Personal Use Only,0.4196,0.9747,0.62,0.985,0.0
bhuvanabhanu,38,38,www.jainelibrary.org,0.8584,0.9755,0.9848,0.985,0.0
bhuvanabhanu,39,1,२२,0.0909,0.0678,0.1218,0.0812,0.0
bhuvanabhanu,39,2,सिरिइंदहंसगणिविर इय,0.6696,0.064,0.8794,0.0842,0.0
bhuvanabhanu,39,3,लोअम्मि इअ सुणिज्जइ नयर 'धम्मप्पयारपवरं तं ।,0.2599,0.1005,0.7226,0.1237,0.0
bhuvanabhanu,39,4,जाणामो न य होस्सइ अहो। परं किंच अम्हाणं ? ॥२९१॥,0.2605,0.1262,0.7943,0.1451,0.0
bhuvanabhanu,39,5,इअ सुणिऊणं मिच्छादंसणमंती अ तालिअं दाउं ।,0.2622,0.1576,0.701,0.1778,0.0
bhuvanabhanu,39,6,अण्णाणकरतलम्मि अ कहेइ पअं वरं जायं ॥ २९२॥,0.2622,0.1799,0.7051,0.1992,0.0
bhuvanabhanu,39,7,*खिप्पचडीए लुढिअं अज्जं अज्जाऽवि जं च सिट्टिगिहं,0.2652,0.2125,0.7424,0.2336,0.0
bhuvanabhanu,39,8,अम्ह वसगं पवटूट्टइ सबालवुडूढं तओ तत्थ ॥२९३॥,0.2611,0.2357,0.7162,0.2559,0.0
bhuvanabhanu,39,9,२ म्हे अ ममिस्सामो उचिअं कर्ज पुणो करिस्सामो ।,0.2628,0.2671,0.729,0.2881,0.0
bhuvanabhanu,39,10,परमेअं षि पभूअं सिन्नं देवस्स बलवंतं ॥२९४॥,0.2622,0.2903,0.6702,0.3091,0.0014
bhuvanabhanu,39,11,रसगिद्धि-अकज्जपवित्ति-रुआपमुहाओ णेममहिलाओ ।,0.2634,0.3169,0.7284,0.3383,0.0013
bhuvanabhanu,39,12,जिअपाडणदकखाओ कडमे संति सुसमत्थाओ ।॥२९५॥,0.2617,0.3401,0.7273,0.3607,0.0
bhuvanabhanu,39,13,तम्हा अम्हेहिं पुण को वि अवसरो न दीसए इत्थ ।,0.2617,0.3723,0.7284,0.3916,0.0
bhuvanabhanu,39,14,जइ वा कडगयमज्झे तुर्म तओ को उ अम्ह गुणो १ ॥ २९६/३,0.2587,0.3946,0.7855,0.4156,0.0011
bhuvanabhanu,39,15,मिच्छादंसणर्मतीसरं च बाढं *वयंतमिअ सुच्चा ।,0.2611,0.4221,0.6894,0.4418,0.0
bhuvanabhanu,39,16,इत्थी हसइ निसन्ना चित्तव्वामोहमॅडवए ॥२९७॥,0.2622,0.453,0.6841,0.4723,0.0
bhuvanabhanu,39,17,तह संढो बाढयर करेइ हासं तओ निसमिऊर्ण ।,0.2582,0.4805,0.6876,0.5002,-0.0014
bhuvanabhanu,39,18,मोहनियो [य] विवज्ञासनिवहआसण [स] मासीणो ॥२९८॥,0.2587,0.5032,0.7593,0.5238,0.0
bhuvanabhanu,39,19,सो भणइ अ वच्छे ! हसिअं तुमए 'पंडएण कहमित्थ ? ।,0.2587,0.5354,0.7657,0.5556,0.0
bhuvanabhanu,39,20,तो नमिउं रायाणं इत्थी एसा निवेषइ ॥२९९॥,0.2564,0.5582,0.6684,0.5771,0.0
bhuvanabhanu,39,21,जाणसि ममं महापयनामेर्ण बेसिअं भर्वतेर्ण ।,0.257,0.5857,0.6556,0.6037,0.0
bhuvanabhanu,39,22,सयलभुवणजीवाणं उप्पापउं दुहसमूहं ॥३००॥,0.257,0.6088,0.6503,0.6303,-0.0015
bhuvanabhanu,39,23,देव ! मरणाभिहाणो लोअत्तियअप्पडिहयसामत्थो ।,0.2587,0.6398,0.6917,0.6587,0.0
bhuvanabhanu,39,24,जं पहवंति न उ इमे सक्को अवि चक्किणो वा वि ॥३०१।३,0.257,0.6634,0.7646,0.6831,0.0
bhuvanabhanu,39,25,एसो महंतधाडीनाहो तुम्ह प्पसायओ कुणइ ।,0.2593,0.6909,0.6603,0.711,0.0
bhuvanabhanu,39,26,जं दुक्खं लोआणं कहिजए कि मए सव्वं १ ॥३०२॥,0.2541,0.7128,0.7086,0.7342,0.0013
bhuvanabhanu,39,27,यतः-,0.2552,0.7505,0.3211,0.7626,0.0
bhuvanabhanu,39,28,तित्थयरा गणहारी सुरवडूणर्णा चक्कि-केसवा रामा ।,0.2558,0.7767,0.7005,0.7978,0.0
bhuvanabhanu,39,29,संहरिआ हयविहिणा का गणणा सेसजीएसु ? ॥३०३॥,0.2558,0.7999,0.7378,0.8214,0.0012
bhuvanabhanu,39,30,"इत्थ य पंडिअलोआ कहाणर्य पंडवाण ""विण्णेअं ।",0.2587,0.8278,0.7069,0.8459,0.0
bhuvanabhanu,39,31,जं अत्थि हत्थिणाउरनयरं भुवणम्मि विक्खायं ॥३०४॥,0.2558,0.8497,0.711,0.8712,0.0013
bhuvanabhanu,39,32,१. धर्मप्रचारप्रवरम् ॥ २. भविष्यति ॥ ३. क्षिप्रचटिकायां लुठितं आज्यम् ॥ ४. रुजः व्याघय इत्यर्थः ॥,0.1375,0.8884,0.8666,0.9077,0.0
bhuvanabhanu,39,33,५. वदन्तम् ॥ ॥ ३. पण्डकेन नपुंसकेनेत्यर्थः ॥ ७. विज्ञेयम् ।।,0.0833,0.9098,0.5396,0.9313,-0.0013
bhuvanabhanu,39,34,Jain Education International,0.0146,0.9751,0.1841,0.9828,0.0
bhuvanabhanu,39,35,For Private & Personal Use Only,0.4196,0.9747,0.62,0.985,0.0
bhuvanabhanu,39,36,www.jainelibrary.org,0.8584,0.9755,0.9848,0.985,0.0
bhuvanabhanu,40,1,सुवणभाणुकेवलिचरिये,0.0845,0.0618,0.2826,0.0837,-0.0059
bhuvanabhanu,40,2,तत्थ करेइ 'पहुत्तं जहुहिलो नामओ महीवालो ।,0.2558,0.0975,0.6568,0.1198,-0.0029
bhuvanabhanu,40,3,जो पालेइ पयाओ पिअ व्व सञ्च्चप्पिओ सययं ॥३०५॥,0.2541,0.1198,0.7337,0.1404,-0.0024
bhuvanabhanu,40,4,चउहिं च बंधवेहिं विसेचिओ लोगपालपहिं व ।,0.2547,0.1456,0.6737,0.1657,-0.0028
bhuvanabhanu,40,5,अप्पगुणेहिं समुवज्जिअधम्मसुअ त्ति नामो जो ॥३०६।॥,0.2541,0.1692,0.7104,0.1906,-0.0026
bhuvanabhanu,40,6,अन्नय जूअं रमिउं पंडुसुपहिं पि हारिअं रजं ।,0.2512,0.1958,0.6707,0.2173,-0.0028
bhuvanabhanu,40,7,वसणाओ केसिं ता किलेसलक्खं न संपत्तं ? ॥३०७॥,0.2512,0.2181,0.708,0.2387,-0.0026
bhuvanabhanu,40,8,देसं कोसं वेसें नीसेसं 'सुबयणाविलासे च ।,0.2512,0.246,0.6568,0.2671,-0.0029
bhuvanabhanu,40,9,चइऊण बंधचजुओ अरण्णवास निसेबइ जो ॥३०८॥,0.2517,0.2679,0.7051,0.2898,-0.0039
bhuvanabhanu,40,10,चत्तसयणवग्गो बहुलंधिअमग्गो समग्गदुहतत्तो।,0.2523,0.2954,0.6702,0.3173,-0.0028
bhuvanabhanu,40,11,*रविर स्सित्प्रवतविओ 'तिसाउरो जो तरुम्मि ठिओ ॥३०९॥,0.2552,0.3173,0.7879,0.3371,-0.0011
bhuvanabhanu,40,12,सीअलजलमाणेउं निअभाइविसानिसेहपत्थं ते ।,0.2529,0.3439,0.6667,0.3645,-0.0014
bhuvanabhanu,40,13,चउरो चि *दुओं गमिआ दिसोदिसें ताव भ्रममाणा ॥३१०॥,0.2512,0.3714,0.7751,0.3946,-0.0011
bhuvanabhanu,40,14,भीमो भीमभुअबलो समागओ एमकूवपासम्मि ३,0.2512,0.3985,0.6597,0.4204,-0.0014
bhuvanabhanu,40,15,उदगं लाडे वंछइ जा ता जंपेइ इअ जक्खो ॥३११॥,0.2552,0.4216,0.715,0.4418,-0.0013
bhuvanabhanu,40,16,का वत्ता वट्टइ इअ उत्तरदाणेण भूवइकुमार !,0.25,0.4495,0.648,0.4689,-0.0029
bhuvanabhanu,40,17,जलगहणं कायच्वं तओ इमरे पुष्ण भणइ गाहं ॥३१२॥,0.2517,0.4714,0.7145,0.4925,-0.0038
bhuvanabhanu,40,18,मोहकडाहे तूरिअजलणेण निसादिणिंधणेहिं च ।,0.2506,0.4972,0.6824,0.5182,-0.0013
bhuvanabhanu,40,19,"""मासरिउदच्विआहिं कालो जीए पयइ वत्ता ॥३१३॥",0.2564,0.52,0.7214,0.5406,-0.0025
bhuvanabhanu,40,20,अज्जुणसमुज्जलजसो अज्जुणओ वि भमिऊण अन्नत्त्थ ।,0.2541,0.547,0.7092,0.5702,-0.0026
bhuvanabhanu,40,21,तत्थाऽऽगओ इमं पि हु जक्खो वह बत्ति को मग्गो ? ॥३१५४५३,0.2552,0.5702,0.7978,0.593,-0.0021
bhuvanabhanu,40,22,नरवइसुओ सुरभणिअवयणं च विआरिऊण मइमेतो ।,0.25,0.5968,0.7273,0.6187,-0.0012
bhuvanabhanu,40,23,चणुहधरसिरोग्यणं राहावेहसुसाहगो वयइ ॥३६५।।,0.2529,0.6204,0.6976,0.6419,-0.0026
bhuvanabhanu,40,24,सत्थं विविहपयारं भिन्नाई रिसिमयाणि धम्मो उ ।,0.2523,0.6458,0.7179,0.6664,-0.0013
bhuvanabhanu,40,25,खित्तो गत्ताइ महाजणो गओ जेण सो मग्यो ॥३१६॥,0.2529,0.669,0.715,0.69,-0.0025
bhuvanabhanu,40,26,नउलो वि सुविमलकुलोऽपरककुहाओ समागओ तत्थ ।,0.2547,0.6964,0.7179,0.717,-0.0013
bhuvanabhanu,40,27,"किं अच्छेरमिअ ""सुरोदिअपयमेसो अ पुरेइ ॥३१७७॥",0.2582,0.7179,0.7104,0.7398,-0.0013
bhuvanabhanu,40,28,पइदिअहं भूआई पावंति जमालयं अपमिआई ।,0.2564,0.745,0.6626,0.766,-0.0014
bhuvanabhanu,40,29,मन्नति 'अपच्छव्वा थिज्जं जं एअमच्छेरं ॥३१८॥,0.2541,0.7681,0.6847,0.7879,-0.0014
bhuvanabhanu,40,30,सहदेवो चिअ सीहो माणुसवयसावएसु निवसावो ।,0.2541,0.7948,0.6847,0.8154,-0.0014
bhuvanabhanu,40,31,तत्थ गओ किं मोअइ इअ जक्खपउत्तरं देइ ॥३१९।।,0.2558,0.8179,0.7366,0.8377,-0.0012
bhuvanabhanu,40,32,२३,0.8386,0.0627,0.8735,0.0777,0.0
bhuvanabhanu,40,33,१. प्रभुत्वम्-स्वामित्वम् ॥ २. सुवदनाविलासं स्त्रीविलास मित्यर्थः ॥ ३० रविरश्मितापतप्तः ॥ ४० तृषातुरः--,0.1404,0.8544,0.873,0.8789,-0.0048
bhuvanabhanu,40,34,तृष्णातुरः ॥ ५. द्रुतम् ॥ ६. लातुम् ॥ ७. मासर्तुदविकामिः ॥ ८. सुरोदितपदम् ॥ ९. अस्पृष्टव्याः ॥,0.0909,0.8815,0.8706,0.9064,-0.0045
bhuvanabhanu,40,35,१०. पदोत्तरम् ॥,0.0927,0.9094,0.2139,0.9261,0.0
bhuvanabhanu,40,36,Jain Education International,0.0146,0.9747,0.1841,0.9828,0.0
bhuvanabhanu,40,37,For Private & Personal Use Only,0.4196,0.9751,0.62,0.9854,0.0
bhuvanabhanu,40,38,www.jainelibrary.org,0.8584,0.9755,0.9848,0.985,0.0
bhuvanabhanu,41,1,१. ऋतवः ।।,0.1422,0.8811,0.2343,0.903,0.0
bhuvanabhanu,41,2,सिरिइंदहंसगणिविरइयं,0.676,0.0593,0.8887,0.079,0.0
bhuvanabhanu,41,3,पंचमए छट्टे वा दिणम्मि सागं च पयइ जो गेहे ।,0.2739,0.0966,0.7232,0.1168,-0.0013
bhuvanabhanu,41,4,पावासुओ न य रिणी तस्स दुआरम्मि मोएइ ॥३२०॥,0.2733,0.1189,0.7512,0.1413,-0.0012
bhuvanabhanu,41,5,पूरिअजक्खसमस्सा चतुरो वि अ पंडवा जलं गहिउं ॥,0.2774,0.146,0.7587,0.1683,-0.0024
bhuvanabhanu,41,6,निअबंधवस्स धरणीधवस्स तित्ति स्याबिंति ॥३२१॥,0.2745,0.1679,0.7302,0.1894,-0.0026
bhuvanabhanu,41,7,पुणरवि पत्तं रज्जं भोत्तुं मोतुं च पंत्र भवभीआ ।,0.2721,0.1962,0.7121,0.2185,-0.0026
bhuvanabhanu,41,8,पंडुसुआ संजमसिरिवरिआ सत्तुजए सिद्धा ॥३२२॥,0.2733,0.2181,0.7075,0.24,-0.0027
bhuvanabhanu,41,9,उक्तं च -,0.2721,0.2533,0.3596,0.2688,0.0
bhuvanabhanu,41,10,क्यजिणपडिमुद्धारा इ पंडवा जत्थ बीसकोडिजुआ।,0.2721,0.2821,0.7436,0.304,-0.0012
bhuvanabhanu,41,11,मुत्तिनिलयम्मि पत्ता सिरि सतुंजयमहातित्थं ॥३२३॥,0.271,0.3049,0.7238,0.3267,-0.0013
bhuvanabhanu,41,12,संसारम्मि असारे सारं सिरिविमलसेलतित्थाइ,0.2716,0.3315,0.6626,0.3525,-0.003
bhuvanabhanu,41,13,तत्थ य जत्ताइसुकयकरणं जीवाण सारमिणं ॥ ३२४॥,0.2698,0.3547,0.7279,0.3757,-0.0038
bhuvanabhanu,41,14,इअ जक्खचउसमस्सापूरणसंखइआओ मरणाओ ।,0.2721,0.3826,0.6964,0.4027,-0.0041
bhuvanabhanu,41,15,मुञ्चइ न कोइ लोओ दुहजलही ही ! भवो एसो ॥३२५॥,0.2704,0.404,0.7657,0.4268,-0.0035
bhuvanabhanu,41,16,इतश्च-,0.2681,0.4422,0.3357,0.4564,0.0
bhuvanabhanu,41,17,नीओ संसारिजिओ कणगपुरनिवासिअमरसिट्ठिगि है ।,0.2675,0.4663,0.7145,0.4886,-0.0013
bhuvanabhanu,41,18,तुम्ह सहोअरपणं नंदागब्भम्मि खित्तो अ ॥३२६॥,0.2686,0.4899,0.7005,0.5114,-0.0027
bhuvanabhanu,41,19,जाया मासा 'रिउणो तत्थ वसंतस्स तस्स निअरिउणो ।,0.2663,0.5157,0.7686,0.5363,-0.0035
bhuvanabhanu,41,20,तो मुणिअनियमणाऽहं मरणसहाया गया तत्थ ॥३२७॥,0.2663,0.5401,0.7401,0.5616,-0.0025
bhuvanabhanu,41,21,संहरिओ तज्जणओ जाए तम्मि अणणी वि सेसेो वि ।,0.2657,0.5655,0.7512,0.5861,-0.0036
bhuvanabhanu,41,22,*तग्गिहमाणुसवग्गो तओ जिओ सो वि सुहडेण ॥३२८॥,0.2692,0.5887,0.7669,0.6119,-0.0035
bhuvanabhanu,41,23,लोप तक्कुलनामं 'निग्गमिअमिमेण मरणबीरेण ।,0.2628,0.6157,0.6742,0.6389,-0.0042
bhuvanabhanu,41,24,चिट्ठिस्सइ एगिदिअपमुहेसु इमो अ भममाणो ॥३२९॥,0.2675,0.6393,0.7372,0.6608,-0.0025
bhuvanabhanu,41,25,तम्हा अम्हेहिं मिच्छादंसणवक्कसवणओ हसि ।,0.2657,0.6664,0.6876,0.6861,-0.0028
bhuvanabhanu,41,26,अह सहरिसमवलोअर वसीकयजओ अ मोहनिवो ॥३३०८॥,0.2634,0.6878,0.7669,0.7093,-0.0023
bhuvanabhanu,41,27,तह अग्गहनिअराभिहकुञ्चं च परामरिसिअ सकरेण ।,0.2652,0.7153,0.7442,0.7368,-0.0012
bhuvanabhanu,41,28,मोहनिवेणुत्तमहो ! पासह मह पंडुआण बलं ॥३३१॥,0.2646,0.7394,0.7214,0.7604,-0.0013
bhuvanabhanu,41,29,भणइ तओ मरणभडो पयडं मा एवमादिसउ सामी ।,0.2646,0.7647,0.7343,0.7857,-0.0025
bhuvanabhanu,41,30,पहुणो एस पहावो सुहडाणं जं जओ समरे ॥३३२॥,0.264,0.7879,0.7209,0.8115,-0.0026
bhuvanabhanu,41,31,वाणराणं तु * साहासु गंतु होइ परक्कमो ।,0.2646,0.8167,0.641,0.8373,-0.0015
bhuvanabhanu,41,32,जं तेहिं जलही तिण्णो तं तेअं रामसंभवं ॥३३३॥,0.2617,0.8381,0.7045,0.8587,-0.0026
bhuvanabhanu,41,33,२. तद्‌गृहमानुषवर्गः ॥ ३. निर्गमितं निस्सारितमित्यर्थः ॥ ४. आग्रहनिकराभिधकूर्चम् ।।,0.2547,0.8806,0.873,0.903,-0.0009
bhuvanabhanu,41,34,५. शाखासु ॥ ६. तेजः ॥,0.0915,0.9116,0.292,0.93,0.0
bhuvanabhanu,41,35,Jain Education International,0.0146,0.9747,0.1841,0.9828,0.0
bhuvanabhanu,41,36,For Private & Personal Use Only,0.4196,0.9751,0.62,0.9854,0.0
bhuvanabhanu,41,37,www.jainelibrary.org,0.8584,0.9755,0.9848,0.985,0.0
bhuvanabhanu,42,1,भुवणभाणुकेवलिचरियं,0.0956,0.0704,0.2914,0.0906,0.0
bhuvanabhanu,42,2,अह मोहनिवो भासइ तुमं निउत्तो 'महाऽऽपयसहाओ ।,0.2628,0.1052,0.7605,0.1258,0.0
bhuvanabhanu,42,3,पासंतेणं तुमए ठायव्वं वच्छ ! इत्थ सया ॥३३४॥,0.2634,0.1288,0.7028,0.1481,0.0
bhuvanabhanu,42,4,माणुसगइ‌नयरीए गयस्स न जिअस्स 'दिज्जमुट्ठाउं ।,0.2657,0.1541,0.7075,0.1752,-0.0013
bhuvanabhanu,42,5,जह एसो 'धम्मऽक्खरमणगो न हवेइ तह नेअं ॥३३५।।,0.2634,0.1786,0.7512,0.1975,0.0
bhuvanabhanu,42,6,आपसो तुह एसो पमाणमिअ भासिऊण सव्वे वि ।,0.2634,0.2044,0.7232,0.2246,0.0
bhuvanabhanu,42,7,मरणप्पमुहा वीरा समुट्ठिआ ठाणओ तम्हा ॥३३६॥,0.264,0.2271,0.6941,0.2482,-0.0014
bhuvanabhanu,42,8,पासंतेसु अ तेसु चि 'वेसागब्भे पवेसिओ एसो ।,0.2605,0.2538,0.704,0.2748,0.0
bhuvanabhanu,42,9,कम्मगनरेसरेणं पाडिज्जइ गब्भओ ताहिं ॥३३७॥,0.2617,0.2761,0.6667,0.2967,0.0
bhuvanabhanu,42,10,*विसमोसहपाणेणं महाऽऽपयं पाविओ इमो ताहिं ।,0.2669,0.3036,0.7273,0.3229,0.0
bhuvanabhanu,42,11,गलिओ गब्भघडाओ मरणं पत्तो अ दुक्खत्तो ॥३३८॥,0.264,0.3272,0.7255,0.3474,0.0
bhuvanabhanu,42,12,एगिदिआइसु जिओ गमिओ धरिओ अणंतयं कालं ।,0.2646,0.3534,0.7273,0.3736,0.0
bhuvanabhanu,42,13,अह कम्मनियो नेइ अ 'पढमपसवजुवइगब्भम्मि ॥३३९॥,0.2611,0.3761,0.7517,0.3976,0.0
bhuvanabhanu,42,14,सो 'जोणिजंतपीलामणुहोंतो माउआई सह मरइ ।,0.2599,0.4027,0.701,0.4229,0.0
bhuvanabhanu,42,15,धरिओ अणंतकालं पगिदिअपमुहठाणेसु ॥३४०॥,0.2593,0.4268,0.6713,0.447,0.0
bhuvanabhanu,42,16,कत्थ वि सो 'वारिसिओ दुअवारिसिओ तिवारिसिअओ अ ।,0.2617,0.4526,0.8001,0.4749,0.0
bhuvanabhanu,42,17,बालो अणंतवारा अलद्धधम्मऽक्खरो पडिओ ॥३४१॥,0.2593,0.4762,0.711,0.4951,0.0
bhuvanabhanu,42,18,मरणेणं पडिवारं ठविओ एगिंदिआइसु भमंतो ।,0.2599,0.5028,0.6649,0.523,0.0
bhuvanabhanu,42,19,सव्वाऽऽपयसहिएणं अणंतपुग्गलपरावट्टे ॥३४२॥,0.2617,0.5251,0.6713,0.5466,0.0
bhuvanabhanu,42,20,एअम्मि अवसरम्मि अ मणुस्सखित्तम्मि नयर सिरिनिलयं ।,0.2617,0.5522,0.743,0.5732,0.0
bhuvanabhanu,42,21,तत्थ धणी धणतिलओ नामेणं धणवई भज्जा ॥३४३॥,0.2587,0.5749,0.6777,0.5955,-0.0014
bhuvanabhanu,42,22,तक्कुच्छिम्म अ खित्तो कम्मनरिंदेण सत्तवंतेण ।,0.2564,0.602,0.6678,0.6252,0.0
bhuvanabhanu,42,23,मोहनिवई जणावइ एअं मिच्छत्तसइवस्स ॥३४४॥,0.2587,0.6247,0.6597,0.6445,-0.0015
bhuvanabhanu,42,24,मोणं खणमवलंबिअ सिरधूणणपुव्वयं सहुंकारं ।,0.2576,0.6518,0.6737,0.6728,0.0
bhuvanabhanu,42,25,मंती भणेइ नरवर ! अओ परं होस्सइ इह सुहं ॥३४५।।,0.2593,0.6745,0.7483,0.6943,-0.0012
bhuvanabhanu,42,26,सिट्ठिकुलमम्ह जुग्गं जम्हा तं ''विप्पयारिअं ईसि ।,0.2558,0.7003,0.7296,0.7222,-0.0012
bhuvanabhanu,42,27,अज्ज्ञ वि न विपक्खेहिं अम्हाणं परिचिअं किंचि ॥३४६॥,0.2552,0.7231,0.7517,0.7432,-0.0012
bhuvanabhanu,42,28,''जागरिअमज्जदिणओ अम्हेहिं करिस्सए विसेसेण ।,0.2576,0.7505,0.7203,0.7707,-0.0025
bhuvanabhanu,42,29,आसंका कायव्या न का वि देवेण जीअस्स ॥३४७॥,0.2552,0.7733,0.7098,0.7935,-0.0026
bhuvanabhanu,42,30,कत्थेस तुम्ह दिट्ठो वरायओ गच्छए गले धरिउं ।,0.2547,0.8008,0.7086,0.8222,-0.0026
bhuvanabhanu,42,31,१२ वाविञ्च परम्मुहयं विन्नवइस्सइ मए देख ! ॥ ३४८॥,0.2587,0.8235,0.722,0.8446,-0.0038
bhuvanabhanu,42,32,२५,0.8526,0.0734,0.884,0.0854,0.0
bhuvanabhanu,42,33,१. महापत्सहायः ॥ २. देयमुत्थातुम् ॥ ३. धर्माक्षरज्ञायकः ॥ ४. वेश्यागर्भे ॥ ५. विषमौषधपानेन ॥,0.1346,0.86,0.87,0.8845,-0.004
bhuvanabhanu,42,34,• महाऽऽपदम् ॥ ७. प्रथमप्रसवयुवतीगर्भे ॥ ८. योनियन्त्रंपीडामनुभवन् ॥ ९. वार्षिकः ॥ १०. विप्रतारितम् ॥,0.0997,0.8888,0.8718,0.9124,-0.003
bhuvanabhanu,42,35,१. जागरितमद्यदिनतः ॥ १२. व्यावृत्त्य ॥,0.0979,0.921,0.3881,0.9373,-0.002
bhuvanabhanu,42,36,Jain Education International,0.0146,0.9747,0.1841,0.9828,0.0
bhuvanabhanu,42,37,For Private & Personal Use Only,0.4196,0.9751,0.62,0.9854,0.0
bhuvanabhanu,42,38,www.jainelibrary.org,0.8584,0.9755,0.9848,0.985,0.0
bhuvanabhanu,43,1,२६,0.1107,0.0601,0.1393,0.0756,0.0
bhuvanabhanu,43,2,सिरिइंदहंसगणिविर इयं,0.6882,0.0545,0.8957,0.0743,0.0
bhuvanabhanu,43,3,इअ निअनरवइपासे मंती पडिजाणिऊण ठाणगओ ।,0.2821,0.0932,0.7337,0.1129,0.0
bhuvanabhanu,43,4,'लद्धनिवबीडय [ध] रो चिट्ठइ कयगल्लहत्थो अ ॥३४९॥,0.2844,0.1159,0.7552,0.1365,0.0
bhuvanabhanu,43,5,तयणंतरं च दिटूठो कुदिद्विभज्जाइ एरिसो मंती ।,0.2797,0.1438,0.6906,0.1627,0.0
bhuvanabhanu,43,6,भणिओ पुण सो तीप पमोअविअसिअसवयणाए ॥३५०॥,0.2803,0.1657,0.771,0.1863,0.0
bhuvanabhanu,43,7,भो अज्जपुत्त ! का सुरकन्ना सोहग्गगेहमत्थि मणे ? ।,0.2803,0.1932,0.7354,0.2143,0.0
bhuvanabhanu,43,8,जं चितिंतस्स य तुह चिंताए आवई जम्हा ॥३५१॥,0.278,0.2155,0.722,0.2353,0.0
bhuvanabhanu,43,9,मंती 'पइवत्ति तओ अरिहसि न पिये ! किमे (ले) रिसं वत्तुं ।,0.2791,0.2422,0.8345,0.2636,0.001
bhuvanabhanu,43,10,जइ सुविणे वि न मुत्तुं तुममन्ना मह मणे कन्ना ॥३५२॥,0.278,0.2658,0.7698,0.2868,0.0
bhuvanabhanu,43,11,मह चिंता कज्जंतरविसया एसा पवट्टए अज्ज ।,0.2791,0.2928,0.6853,0.3126,0.0
bhuvanabhanu,43,12,कहिअं तओ अ तीए 'भिउडिसमुप्पाडणाउ इमं ॥३५३॥,0.2768,0.3156,0.7686,0.3362,0.0
bhuvanabhanu,43,13,किं नाम कज्जमेअं वसीकयजगस्स अज्जपुत्तस्स ।,0.2762,0.3422,0.6917,0.3628,0.0
bhuvanabhanu,43,14,जत्थेरिसी अ चिता कहिज्जउ जइ उचिअं मज्झ ॥२५४॥,0.2786,0.365,0.7698,0.3847,0.0
bhuvanabhanu,43,15,सचिवेणुत्तं च तओ तुह 'मुत्तमकहिअमज्ज जा किंचि ? ।,0.2786,0.3916,0.7791,0.4131,0.0
bhuvanabhanu,43,16,घरसयलकज्ञ्जचिताकरणपवित्ता तुमं मज्झ ॥३५५॥,0.2774,0.4148,0.7069,0.435,0.0
bhuvanabhanu,43,17,तत्तो पिए ! सुणिज्जउ पत्थुअकज्जं मए कहिज्जंतं ।,0.2786,0.4422,0.7378,0.4633,0.0
bhuvanabhanu,43,18,संजमधम्मसहाओ जो कम्मनिवेण पडिवन्नो ॥३५६॥,0.278,0.4654,0.704,0.4856,0.0
bhuvanabhanu,43,19,संसारिजिओ संपइ नीओ एस धणतिलयसिट्रिट्ठगेहे ।,0.2768,0.4925,0.7244,0.5118,0.0
bhuvanabhanu,43,20,तव्विसयम्मि पइन्ना मए कया सामिणो अग्गे ॥३५७॥,0.2762,0.5157,0.7471,0.5354,0.0
bhuvanabhanu,43,21,सावि असुआ भविस्सइ तुमए सम्मं तहेव सामि ! इमं ।,0.2733,0.5423,0.8153,0.5629,0.0
bhuvanabhanu,43,22,परमेअं विसमतमं भणेइ कंलो मिअंकमुहो ॥३५८॥,0.2756,0.565,0.7063,0.5857,0.0
bhuvanabhanu,43,23,"जम्हा ""कम्मावणिवो आरूढो 'बीअपक्खरुक्खसिहं ।",0.2751,0.5925,0.7296,0.6106,0.0
bhuvanabhanu,43,24,एस निवो जं कूरो भडपक्खोभयपभंसकरो ॥३५९॥,0.2762,0.6149,0.7238,0.6346,0.0
bhuvanabhanu,43,25,सिट्ठिकुलमज वि इमं अम्हेहिं वासिअं तहा वि रिऊ ।,0.2768,0.641,0.7716,0.6621,-0.0012
bhuvanabhanu,43,26,निउणा य अम्ह वासिअकुलाणि ते 'विप्पतारेउं ॥३६०॥,0.2762,0.6642,0.7675,0.6848,0.0
bhuvanabhanu,43,27,सम्मदंसणसत्तू विसेसओ दुट्ठमाणसो अत्थि ।,0.2751,0.6913,0.6544,0.714,-0.0015
bhuvanabhanu,43,28,अम्ह कयं कुलवासणमन्नह किजइ जओ जेण ॥३६१॥,0.2751,0.714,0.7424,0.7347,-0.0025
bhuvanabhanu,43,29,दुहिआ य धम्मबुद्धी इमस्स सा समणमाणसेसु ठिआ ।,0.2751,0.7415,0.7413,0.763,-0.0012
bhuvanabhanu,43,30,''सोहग्गसुहाकूवी सुरिंद-जोगिंदगणझेआ ॥३६२॥,0.278,0.7626,0.7174,0.7853,-0.0013
bhuvanabhanu,43,31,पेसेइ तं च पढमं सो सव्वे पाणिणो वसीकाउं ।,0.2745,0.7918,0.704,0.8111,0.0
bhuvanabhanu,43,32,"""जं पिच्छ अम्ह भत्ता अवि लोआ झत्ति रज्जंति ॥ ३६३॥",0.2803,0.8132,0.7838,0.8334,0.0
bhuvanabhanu,43,33,१. लब्धनृपबीटकधरः ॥ २. प्रतिवक्ति ॥ ३. भृकुटिसमुत्पाटनात् ॥ ४. मुक्तमकथितमद्य यावत् ॥ ५. प्रस्तु-,0.1533,0.8532,0.8858,0.8729,-0.0008
bhuvanabhanu,43,34,तफार्यम् ॥ ६. श्रुता ॥ ७. कर्मावनिपः कर्मराज इत्यर्थः ॥ ८. द्वितीयपक्षवृक्षशिखाम् ।। ९. विश्रप्रतारयितुम् ।।,0.1026,0.8802,0.8823,0.9012,0.0
bhuvanabhanu,43,35,१०. सौभाग्यसुधाकूपी सुरेन्द्रयोगीन्द्रगणध्येया ॥ ११. यां प्रेक्ष्य अस्मद्भक्ताः ॥,0.1049,0.9068,0.6573,0.9279,0.0
bhuvanabhanu,43,36,Jain Education International,0.0146,0.9747,0.1841,0.9828,0.0
bhuvanabhanu,43,37,For Private & Personal Use Only,0.4196,0.9751,0.62,0.9854,0.0
bhuvanabhanu,43,38,www.jainelibrary.org,0.8584,0.9755,0.9848,0.985,0.0
bhuvanabhanu,44,1,भुवणभाणुकेवलिचरियं,0.102,0.0631,0.2978,0.0837,-0.003
bhuvanabhanu,44,2,निम्मलकुलजायाओ चयंति नारीउ रूववंतीओ ।,0.2692,0.0992,0.6906,0.1194,0.0
bhuvanabhanu,44,3,अम्हाणं वयणाई न सुणंति जणा 'रया जीए ॥३६४॥,0.2681,0.1215,0.7372,0.1426,-0.0012
bhuvanabhanu,44,4,भमिआ इव तप्पिटूठे लग्या तप्पिउनिवं निसेवंति ।,0.2692,0.1481,0.7249,0.1696,0.0
bhuvanabhanu,44,5,सव्वऽप्पणा हवंति अ तस्स बसा ते तओ लोआ ॥ ३६५॥,0.2686,0.1713,0.7617,0.1906,0.0
bhuvanabhanu,44,6,अच्चंत आसत्ता जीए पासंति रिउसमे अम्हे ।,0.2669,0.1975,0.662,0.216,0.0
bhuvanabhanu,44,7,छिंदंति अम्ह पक्खं समूलमेए तओ सयलं ॥३६६॥,0.2681,0.2216,0.7051,0.24,0.0
bhuvanabhanu,44,8,इअ अप्पपक्खखयकारिणी विचितिजए इमा धूआ ।,0.2675,0.2473,0.7139,0.2675,0.0
bhuvanabhanu,44,9,कंते ! एसा चिंता 'चिअ व्व पज्जलइ मज्झ मणे ॥३६७॥,0.2663,0.2696,0.7617,0.2898,0.0012
bhuvanabhanu,44,10,अह विहसिऊण भज्जा सावन्नं किं पि जंपइ कुदिट्ठी ।,0.2657,0.2967,0.7343,0.3147,0.0
bhuvanabhanu,44,11,निअमइविगप्पिअमिमं भयं कहं कंत ! अट्ठाणे ? ॥३६८॥,0.2669,0.3195,0.764,0.3396,0.0
bhuvanabhanu,44,12,*अइदूर दिट्ठअक्कप्फुरंतदलवग्घभंतिमंतस्स ।,0.2692,0.3461,0.6434,0.3675,0.0
bhuvanabhanu,44,13,*सार य पुन्नविहुजलनिसाइ जह हुज कस्सावि ॥३६९॥,0.2692,0.3684,0.7442,0.3899,0.0
bhuvanabhanu,44,14,जं सामिणा उ भणिअं कम्मनरिंदो अ बीअपक्खम्मि ।,0.2628,0.3959,0.7354,0.4139,0.0
bhuvanabhanu,44,15,तं सच्चं बलवंतो एसो मिलिआणमेव सया ॥३७०॥,0.264,0.4173,0.7057,0.4375,0.0013
bhuvanabhanu,44,16,अम्हाणमेगपक्खाउ मिलइ तेसिं पि बीअपक्खाओ ।,0.2605,0.4448,0.7145,0.4637,0.0
bhuvanabhanu,44,17,एसो सामी तम्हा भीई जइ इअ न वत्तव्वं ॥३७१॥,0.2646,0.4667,0.711,0.4873,0.0
bhuvanabhanu,44,18,जम्हा अम्हाणं सो सया वि नाहो कया वि तेर्सि च ।,0.2622,0.4933,0.7558,0.5118,0.0
bhuvanabhanu,44,19,अम्हाण भिसं मिलिओ तेसिं दक्खिण्णमत्ताओ ।॥३७२॥,0.2617,0.5161,0.7593,0.5367,0.0
bhuvanabhanu,44,20,अम्हाणं पुण एसो निअजाई वट्टए तिलोअम्मि ।,0.2605,0.5427,0.6847,0.5642,0.0
bhuvanabhanu,44,21,तेसिं च सत्तुपक्खे अन्नमिणं जाणिअव्वं च ॥३७३॥,0.2611,0.5659,0.7127,0.5861,0.0
bhuvanabhanu,44,22,कालमणंतं खलिओ कवस्टिओ जं जिओ भवंतेहिं ।,0.2605,0.5925,0.7337,0.6136,0.0012
bhuvanabhanu,44,23,कम्मपरिणामनिवई सव्वत्थ वि तत्थ मज्झगओ ।॥३७४॥,0.2605,0.6153,0.729,0.6355,0.0
bhuvanabhanu,44,24,एएण विणा तुम्हे जिअस्स काउं अणिट्ठमसमत्था ।,0.2622,0.6419,0.7168,0.6612,0.0
bhuvanabhanu,44,25,न वि को वि 'हविज्ज्ञ पहू इट्ठ दाउं तहा अवरो ॥३७५।।,0.2617,0.6642,0.7821,0.6848,0.0
bhuvanabhanu,44,26,जं पुण पडिवक्खाणं वासगभावम्मि दक्खया भणिआ ।,0.2576,0.6917,0.7442,0.7115,0.0
bhuvanabhanu,44,27,एसा जणेइ हासं ''साविजेता वि जणमज्झे ॥३७६॥,0.2605,0.714,0.7249,0.7347,0.0013
bhuvanabhanu,44,28,जेण ''भिसवासहिं पि इमेहि जं अणाइकालेण ।,0.2587,0.7398,0.701,0.7604,0.0013
bhuvanabhanu,44,29,एगनियोअगयजिआ अज्ज वि न वसीकया लोगे ॥३७७॥,0.2593,0.763,0.7517,0.7836,0.0012
bhuvanabhanu,44,30,परमेगनिसोअस्साऽणंतं भागं वसीकयं जेहिं ।,0.2582,0.79,0.6492,0.8089,0.0015
bhuvanabhanu,44,31,सेसमणंतजिअभरिअभुवणं नञ्च्चर अ भवनट्टे ॥३७८॥,0.257,0.8124,0.7063,0.8338,0.0013
bhuvanabhanu,44,32,२७,0.8578,0.067,0.8887,0.0799,0.0
bhuvanabhanu,44,33,१. रताः ॥ २. चिता इव ॥ ३. सावज्ञम्-अवज्ञासहितम् ॥ ४. अतिदूरदृष्टवर्क स्फुरद्दलव्याघ्रभ्रान्तिमतः ॥,0.1387,0.8557,0.873,0.8772,0.0
bhuvanabhanu,44,34,५. शारदपूर्णविभ्रूज्ज्वलनिशायाम् ॥ ६. दाक्षिण्यमात्रात् ॥ ७. कदर्शितः ॥ ८. मध्यगतः- मध्यवर्तीत्यर्थः ॥ ९.,0.0886,0.8832,0.8724,0.903,0.0
bhuvanabhanu,44,35,भवेत् ॥ १०० श्राव्यमाणा ॥ ११० भृशवासकैरपि ॥,0.0897,0.9094,0.4487,0.9292,0.0
bhuvanabhanu,44,36,Jain Education International,0.0146,0.9747,0.1841,0.9828,0.0
bhuvanabhanu,44,37,For Private & Personal Use Only,0.4196,0.9751,0.62,0.9854,0.0
bhuvanabhanu,44,38,www.jainelibrary.org,0.8584,0.9755,0.9848,0.985,0.0
bhuvanabhanu,45,1,२८,0.0862,0.0605,0.1136,0.073,0.0
bhuvanabhanu,45,2,यतः-,0.2582,0.1022,0.3211,0.1142,0.0
bhuvanabhanu,45,3,सिरिहंद हंसगणिविरइयं,0.6632,0.0558,0.8753,0.0743,0.0
bhuvanabhanu,45,4,तम्हा ते के निउणा 'वासगया ? इअ विमुक्कसंकेहिं ।,0.2576,0.1284,0.7284,0.1481,0.0
bhuvanabhanu,45,5,चितिजउ निअकजं तुम्हेहिं सत्तिर्मतेहिं ॥३७९॥,0.2599,0.1507,0.6801,0.1713,0.0
bhuvanabhanu,45,6,जं पुणरुत्तं तुमए धूआ एअस्स धम्मबुद्धि त्ति ।,0.2582,0.1778,0.6492,0.2001,-0.0015
bhuvanabhanu,45,7,तं पिअतमस्स अप्पा विस्सरिओ सव्वहा मन्ने ॥३८०॥,0.2576,0.2001,0.7331,0.2194,-0.0012
bhuvanabhanu,45,8,*अइरुद्दचोर दंसणहवंतदढ भी इभंतचित्तस्स ।,0.2622,0.2267,0.6323,0.2469,-0.0031
bhuvanabhanu,45,9,घोडयमारुहिअस्स वि कस्स वि विस्सरइ जह अस्सो ॥३८१॥,0.2547,0.249,0.8159,0.2684,-0.001
bhuvanabhanu,45,10,जं अम्हाणमवि इमा धूआ विज्जइ अधम्मबुद्धि त्ति ।,0.2564,0.2761,0.6941,0.2971,-0.0013
bhuvanabhanu,45,11,'जा तारिसरूवगुणा तहिअलायण्णपुण्णा य ॥ ३८२॥,0.2622,0.2988,0.7226,0.3195,-0.0013
bhuvanabhanu,45,12,सेवंति 'जगंति सया जं 'निअपण्हिप्पहार पहयाणि ।,0.2582,0.3246,0.7261,0.3435,-0.0012
bhuvanabhanu,45,13,एआए सोहग्गं वण्णिजइ सग्गलोए वि ॥३८३॥,0.2593,0.3482,0.6702,0.3684,-0.0014
bhuvanabhanu,45,14,सम्मदंसणधूआ अम्हसुआचत्तलोअवग्गेहिं ।,0.2587,0.3744,0.5962,0.3963,-0.0035
bhuvanabhanu,45,15,केहि वि संसेविजइ अंकुसवक्कयरवक्केहिं ॥३८४॥,0.2576,0.3972,0.6929,0.4173,-0.0013
bhuvanabhanu,45,16,तेण वराईए कि तीए मज्झ पुरओ गुणुच्चारो ? ।,0.2576,0.4242,0.6853,0.4453,-0.0014
bhuvanabhanu,45,17,तम्हा किं बहुणा पिअ ! जइ अ भवंतो भयब्धंतो ॥३८५॥,0.2582,0.4465,0.7622,0.4684,-0.0023
bhuvanabhanu,45,18,तत्तो तुमं तु मं पेसेसु तहिं जेण तुज्झ धूआए ।,0.2582,0.4779,0.6777,0.4994,-0.0028
bhuvanabhanu,45,19,भिच्चत्तमहं एअं वरायमाणेमि पिअराय ! ॥३८६॥,0.2576,0.5002,0.6853,0.52,-0.0014
bhuvanabhanu,45,20,गहिअगलग्गाहमिमं वाविच्च खणेण तस्स रंकस्स ।,0.2582,0.5277,0.708,0.5462,-0.0013
bhuvanabhanu,45,21,पढमाणुहूअभूमि दंसेमि दुहोहखाणिमहं ॥३८७॥,0.2576,0.5496,0.669,0.5719,-0.0028
bhuvanabhanu,45,22,जाणेमि सामिअ ! इमं जुत्तं जुवईण णेव बहु वत्तुं ।,0.2558,0.5762,0.7168,0.5981,-0.0013
bhuvanabhanu,45,23,सोहंति सलजाओ जाओ मिअभासिणीओ अ ॥३८८॥,0.2547,0.5994,0.7209,0.6183,0.0
bhuvanabhanu,45,24,*धिट्ठत्तं पुण तासि अवगुणमाणेइ अप्पमाणमिर्ण ।,0.2611,0.6303,0.6923,0.6526,-0.0027
bhuvanabhanu,45,25,भासिअमेवं सामिअ ! अम्हेहिं 'अत्तिजुत्ताहिं ॥३८९।।,0.2558,0.6531,0.729,0.6745,-0.0025
bhuvanabhanu,45,26,खंतव्वो सव्वो वि अ जंपंतीए अयाणमाणीए ।,0.257,0.6814,0.6667,0.6999,-0.0014
bhuvanabhanu,45,27,मह अवराहो रिउचंदराहुसरिसेण कंतेण ॥ ३९.०॥,0.2587,0.7033,0.6847,0.7261,-0.0027
bhuvanabhanu,45,28,कायव्वो उ पसाओ धरिअव्वो को वि नाह ! न ''विसाओ ।,0.2535,0.7299,0.81,0.7492,-0.0021
bhuvanabhanu,45,29,अह सो मिच्छादंसणपिओ भणेइ सुपसन्नमणो ॥३९१॥,0.257,0.7531,0.6987,0.7746,-0.0026
bhuvanabhanu,45,30,दइए ! मोहनरिंदाणुगओ लोगो सुलोअणपहाणो ।,0.2593,0.7806,0.6783,0.8016,-0.0028
bhuvanabhanu,45,31,पुरिसस्स पिए ! परिसकज्जे लज्जं जणेइ पुणो ॥३९२॥,0.2593,0.8029,0.7383,0.8252,-0.0024
bhuvanabhanu,45,32,१. वासका इत्यर्थः ॥ २. अतिरौद्रचोरदर्शनभवद्दृढभीतिभ्रान्तचित्तस्य ॥ ३. अश्वः ॥ ४. या तादृशरूप-,0.1375,0.8493,0.8706,0.8703,-0.0016
bhuvanabhanu,45,33,गुणातदधिकलावण्यपूर्णा च ॥ ५. जगन्ति भुवनानि ॥ ६. निजपाष्णिप्रहार प्रहृतानिं ॥ ७. अङ्कुशवत् वक्रतरवाक्यैः-,0.0874,0.8751,0.8718,0.9004,-0.0022
bhuvanabhanu,45,34,बहुवक्रवादभूतैरित्यर्थः ।। ८. व्यावृत्त्य ।। ९. धृष्टत्वम्-धाष्टर्यम् ।। १०. आसियुक्ताभिः ॥ ११. विषादः ।।,0.0833,0.9043,0.8328,0.9253,-0.0008
bhuvanabhanu,45,35,Jain Education International,0.0146,0.9747,0.1841,0.9828,0.0
bhuvanabhanu,45,36,For Private & Personal Use Only,0.4196,0.9751,0.62,0.9854,0.0
bhuvanabhanu,45,37,www.jainelibrary.org,0.8584,0.9755,0.9848,0.985,0.0
bhuvanabhanu,46,1,सुवणभाणुकेव लिचरिये,0.1043,0.0674,0.3001,0.088,0.0
bhuvanabhanu,46,2,"""पडिहाइ साहु भणिर्थं तुह गच्छसु तह विहेसु जह भव्वं ।",0.2756,0.1026,0.8019,0.1258,0.0011
bhuvanabhanu,46,3,तीए बुच्चइ नेचं 'पायष्भं मज्झ तुह पासे ॥३९३॥,0.2721,0.128,0.715,0.1473,0.0
bhuvanabhanu,46,4,तुम्हाणमभावे पुण को मज्झ पावओ हवइ इत्थ ।,0.2745,0.1546,0.7185,0.1743,0.0
bhuvanabhanu,46,5,तुम्हे आगच्छह तो तेणुत्तं एवमेअं च ॥३९५।,0.2721,0.1773,0.6702,0.1967,0.0
bhuvanabhanu,46,6,अम्हे 'विओगवंता कया वि जाया पुरा वि न य लोए,0.2698,0.2031,0.7634,0.2237,0.0
bhuvanabhanu,46,7,तुमए कज्जं क़ज्जं 'तडट्ठिअ चेव पासामो ॥३९५॥,0.2727,0.2263,0.7214,0.2473,0.0
bhuvanabhanu,46,8,"इअ अभिहाऊण गओ कळत्तकलिओ ""अवञ्चभिच्चजुओ ।",0.2721,0.2525,0.7535,0.2735,0.0
bhuvanabhanu,46,9,मिच्छादंसणमंती तत्थरिऊनामओ तत्थ ॥३९६।।,0.2704,0.2757,0.6632,0.295,0.0
bhuvanabhanu,46,10,सब्वाउ आवयाओ तिण्ह्य-लाहंतराय-वसणाई,0.2692,0.3027,0.6702,0.3203,0.0
bhuvanabhanu,46,11,“संतज्ज पेसिआई तप्पिट्ठे मोहराएण ॥३९७,0.2733,0.3246,0.6451,0.3444,0.0
bhuvanabhanu,46,12,ताव सिरिनिलयनयरे धणतिलयाभिक्खमुक्खसिद्विगिहे ।,0.2681,0.3504,0.7226,0.3723,-0.0013
bhuvanabhanu,46,13,नंदापिआइ तणओ जाओ जाओ अ आणंदो ॥३९८॥,0.2698,0.3748,0.7016,0.3937,0.0
bhuvanabhanu,46,14,क्द्धावणयाई मंगलाणि किज्जंति 'सिट्टिसोहम्मि ।,0.2686,0.401,0.7238,0.4216,-0.0013
bhuvanabhanu,46,15,तस्स महुच्छवपुष्वं बेसवण त्ति अ कयं नामें ॥३९९॥,0.2663,0.4242,0.7127,0.4457,-0.0013
bhuvanabhanu,46,16,"रमणीजणकरयलयो मक्खणपिंडु व्व ""मसिणपिंडों जो ।",0.2692,0.4495,0.771,0.4714,-0.0012
bhuvanabhanu,46,17,चंदु व्व कलावंतो धात्रंतो केलिठाणेसु ॥१००॥,0.2675,0.4736,0.6707,0.4951,-0.0014
bhuvanabhanu,46,18,विज्ञामंडिअपंडिअपासे अब्भत्थसयलसत्थो जो ।,0.2675,0.5006,0.6923,0.5182,0.0
bhuvanabhanu,46,19,चवगयबालावत्थो पत्तो जुव्वणव 'सुत्त्थो ॥४०१॥,0.2657,0.523,0.7238,0.5444,-0.0013
bhuvanabhanu,46,20,अह 'निअपत्त्थावविऊ ''दविणपिवासा पमोअलसिअंगी ।,0.2652,0.55,0.7844,0.5693,0.0
bhuvanabhanu,46,21,आलिंगइ गाढयरं सिठिसुअं लोअविक्खायं ।॥४०२॥,0.2663,0.5723,0.7203,0.5934,-0.0013
bhuvanabhanu,46,22,सो वि निअमणसमुहुच्छलंततव्वंछ ऽणेगकल्लोलो ।,0.2657,0.6003,0.6882,0.6239,0.0
bhuvanabhanu,46,23,"भणिओ ' ""ताए जइ ''तुं बंछसि काउं कलत्तं १० में ॥४०३॥",0.2669,0.6273,0.7972,0.6483,-0.0011
bhuvanabhanu,46,24,*पउरं तया कुणसु सा पडिवन्ना तेण एगचितेण ।,0.2721,0.6539,0.7209,0.6754,-0.0013
bhuvanabhanu,46,25,वेसवणो वि अ गामं एगे पत्तो छुहातत्तो ॥४०४॥,0.2652,0.6767,0.6841,0.699,-0.0014
bhuvanabhanu,46,26,जो पडिओ गयचिट्ठो पायवमूलम्मि केणइ अ दिट्ठो ।,0.2634,0.7024,0.7558,0.7243,-0.0012
bhuvanabhanu,46,27,''दाविअमोअणपमुहं किंचि वि तस्साणुकंपाए ॥४०५।।,0.2698,0.7252,0.7471,0.7484,-0.0037
bhuvanabhanu,46,28,२,0.4085,0.7565,0.4184,0.7643,0.0
bhuvanabhanu,46,29,पुणरवि पुरओ जंतो संतो एसो न सक्कए र्गतुं ।,0.2681,0.754,0.7133,0.7754,-0.0013
bhuvanabhanu,46,30,निग्गच्छइ पायतलेसु सोणिअं च सुकुमालस्स ॥४०६॥,0.2657,0.7767,0.7366,0.7965,0.0
bhuvanabhanu,46,31,२९,0.8578,0.07,0.891,0.0854,0.0
bhuvanabhanu,46,32,१. प्रतिभाति ।। २. प्रागल्भ्यम् ।। ३. वियोगवन्तौ ॥ ४. तटस्थिताः- मध्यस्थाः ॥ ५. अफ्त्यभृत्ययुतः ॥,0.1474,0.8098,0.8788,0.8295,-0.0008
bhuvanabhanu,46,33,६. त्रस्तरिपुनामकः ॥ ७. तृष्णालाभान्तरायव्यसनानि ॥ ८. संतर्ज्य ॥ ९. मुख्यश्रेष्टिगृहे ॥ १०. श्रेष्ठिसौधे ॥ ११.,0.0997,0.836,0.8788,0.857,-0.0007
bhuvanabhanu,46,34,मसृणपिण्डः कोमलशरीर इत्यर्थः ।। १२. सुस्थाः ।। १३. निजप्रस्तावविदुः ।। १४. द्रविणपिपासा प्रमोदलसि-,0.0956,0.8643,0.8788,0.8845,-0.0007
bhuvanabhanu,46,35,ताङ्गी ।। १५. तया ।। १६. त्वम् ॥ १७. माम् ।। १८. तदा प्रचुरं यथा स्यात् तथा कुरु । प्रचुरान् धनार्जनो-,0.0915,0.8901,0.8782,0.912,-0.0007
bhuvanabhanu,46,36,पायान् इति. भवभावना पृ. २८२ ।। १९. दापि ओदन प्रमुखम् ।। २०. यान् गच्छन् श्रान्तः ।।,0.088,0.9201,0.7751,0.939,0.0
bhuvanabhanu,46,37,Jain Education International,0.0146,0.9747,0.1841,0.9828,0.0
bhuvanabhanu,46,38,For Private & Personal Use Only,0.4196,0.9747,0.62,0.985,0.0
bhuvanabhanu,46,39,www.jainelibrary.org,0.8584,0.9755,0.9848,0.985,0.0
bhuvanabhanu,47,1,३०,0.102,0.0687,0.1323,0.0833,0.0
bhuvanabhanu,47,2,सिरिइंदहंसगणिविरइयं,0.6742,0.0605,0.8869,0.0803,-0.0027
bhuvanabhanu,47,3,जो मुच्छइ लुढई पडइ अर्कदइ 'सोअए अ विलवेइ ।,0.2721,0.0979,0.75,0.1198,-0.0012
bhuvanabhanu,47,4,दुहिओ मग्गस्समओ धण-सयणाणं विओगाओ ॥१०७॥,0.2727,0.1207,0.7727,0.1434,-0.0012
bhuvanabhanu,47,5,तं नत्थि जं च दीणत्तणं गओ चिट्ठए इमो नेव ।,0.2721,0.1477,0.7261,0.1683,-0.0013
bhuvanabhanu,47,6,अइकट्ठेर्ण भमए भिक्खाए जो घइग्गामं ॥४०८॥,0.2692,0.1709,0.6812,0.1902,-0.0014
bhuvanabhanu,47,7,पडिहंति तस्स भिक्खालाहं लाहंतरायरिउराओ ।,0.2727,0.2022,0.7051,0.2207,-0.0013
bhuvanabhanu,47,8,जेणं 'पणंतराया विसमा सिद्धंतए भणिआ ॥४०९॥,0.2681,0.2241,0.7238,0.2435,-0.0013
bhuvanabhanu,47,9,दाणं लाहो भोगो उवभोगो तह य बीरिअं चेव ।,0.2721,0.252,0.7133,0.2714,-0.0013
bhuvanabhanu,47,10,एएसिं पंचण्हें पडिसेहो अंतराएहि ॥४१००॥,0.2727,0.2752,0.6422,0.2937,-0.0016
bhuvanabhanu,47,11,*पायं पइषयमेसो महावयाहिं समावयंतीहिं ।,0.2762,0.3018,0.6824,0.3225,-0.0014
bhuvanabhanu,47,12,अइनिक्करुणमणाहि वेलाकूलं गओ कटुं ॥४११॥,0.2686,0.3246,0.6719,0.3456,-0.0029
bhuvanabhanu,47,13,तत्थ य केणावि वणिअपुत्तत्तेण ववहारिणा टविओ ।,0.2721,0.3559,0.7366,0.3783,-0.0025
bhuvanabhanu,47,14,जो जाओ पुण किंचि वि सकिंचणो तस्स पासाओ ॥४१२॥,0.2716,0.3778,0.8001,0.4002,-0.0022
bhuvanabhanu,47,15,जं च धणपिवासेसा पेरेइ कुणसु 'धणजणोवाए ।,0.2686,0.4058,0.7115,0.4268,-0.0013
bhuvanabhanu,47,16,बवहारेउ भर्वतो 'उवविसिऊणाऽऽवणेसु सयं ॥४१३॥,0.2721,0.4281,0.7413,0.4487,-0.0012
bhuvanabhanu,47,17,*रयणुक्कर-कणग-रजय-दुगुल्लवत्थाइअं अणेगविहं ।,0.2739,0.4551,0.6958,0.4783,-0.0014
bhuvanabhanu,47,18,कप्पास-लोह-' 'लक्खा-गुलिया-धन्नाई वणिउत्ते ॥४१४॥,0.2704,0.477,0.7669,0.4985,-0.0012
bhuvanabhanu,47,19,पेसेउ अवरदेसेसु कयाणगे भरिअ भूरिसगडाई ।,0.2686,0.5088,0.6981,0.5307,-0.0014
bhuvanabhanu,47,20,बालइ-रासह-करहाइवाहए तह पवत्तेसु ॥४१५॥,0.2692,0.5341,0.6742,0.5535,-0.0014
bhuvanabhanu,47,21,पूरेउ उत्तमुत्तमकयाणगापुण्णजाणवत्ताणि ।,0.2716,0.5603,0.6387,0.5809,-0.0016
bhuvanabhanu,47,22,जलहिम्मि तह 'गहिज्जउ 'मंडविआपट्टयप्पमुहं ॥ ४१६।॥,0.2686,0.5814,0.7815,0.6028,-0.0011
bhuvanabhanu,47,23,किजउ अ धाउवाओ ''सुकित्तिमकयक्कयाणगऽब्भासो ।,0.2704,0.6084,0.7634,0.6299,-0.0024
bhuvanabhanu,47,24,सिद्धरसग्गहणत्थं बिलप्पवेसो अ पाणेस ! ॥४१७७॥,0.2698,0.6316,0.7098,0.6509,-0.0013
bhuvanabhanu,47,25,इच्चाइ साहु कहिअं पिए ! तप अन्नहा न य हवंति !,0.2716,0.6629,0.7407,0.6853,-0.0012
bhuvanabhanu,47,26,* *सघरंगणेसु अ रयणरासीउ सुवण्णकूडाई ॥४१८॥,0.2745,0.6866,0.7209,0.7067,0.0
bhuvanabhanu,47,27,उवविट्ठो ताब रयण-कणगाइअआवणेसु पारद्धो ।,0.2686,0.7145,0.6865,0.7347,0.0
bhuvanabhanu,47,28,ववहारविही वि परं कलिअं लाहंतरापण ॥४१९॥,0.2692,0.7364,0.6976,0.7548,0.0
bhuvanabhanu,47,29,जइ वेसवणस्स इमो हविज्ज पासम्मि संठिओ नेव ।,0.2681,0.7634,0.7139,0.7827,-0.0013
bhuvanabhanu,47,30,**काणयकवडिआए लाहो चिंतिजए उ तया ॥४२०॥,0.2756,0.7862,0.7319,0.8064,0.0
bhuvanabhanu,47,31,१. शोचते ।। २. मार्गश्रमतः ॥ ३. चेष्टते ।। ४. पञ्चान्तरायाः ॥ ५. प्रायः प्रतिपद्मेषः ।। ६.,0.1486,0.8257,0.8834,0.8446,0.0
bhuvanabhanu,47,32,महापद्भिः समापतन्तीमिः ॥ ७. धनार्जनोपायान् ॥ ८. उपविश्य ॥ ९. रत्नोत्कर० ।। १०. लाक्षा ।। ११. वणि-,0.1008,0.8523,0.884,0.8716,0.0
bhuvanabhanu,47,33,"पुत्रान् ।। १२० गृह्यताम् ।। १३० मण्डपिकापट्टकप्रमुखम्, पट्टकाः शुल्कमण्डपिकादिपट्टकाः इत्यर्थः ।। १४० सुकृ-",0.0973,0.8798,0.8817,0.8995,0.0
bhuvanabhanu,47,34,त्रिमकृतक्रयाणकाभ्यासः ।। १५० स्वगृहाङ्गणेषु ।। १६. काणकपर्दिकायाः ।।,0.0979,0.9077,0.6096,0.9257,0.0
bhuvanabhanu,47,35,Jain Education International,0.0146,0.9747,0.1841,0.9828,0.0
bhuvanabhanu,47,36,For Private & Personal Use Only,0.4196,0.9751,0.62,0.9854,0.0
bhuvanabhanu,47,37,www.jainelibrary.org,0.8584,0.9755,0.9848,0.985,0.0
bhuvanabhanu,48,1,भुवणभाणुकेवलिचरियं,0.1043,0.0571,0.3007,0.0786,0.0
bhuvanabhanu,48,2,ইই,0.859,0.0588,0.8916,0.0756,0.0
bhuvanabhanu,48,3,""" तब्भावे अज मए आवणभाडयमुवजिअं नावि ।",0.2745,0.0975,0.715,0.1185,-0.0013
bhuvanabhanu,48,4,* तस्सऽज्जणे वणिअपुत्तवित्तिसंपायणे चिंता ॥४२१॥,0.2745,0.1202,0.7162,0.1417,-0.0013
bhuvanabhanu,48,5,*तस्संपत्तीए पुण भविस्सइ कहं गिहष्वयगलाहो ? ।,0.2721,0.1516,0.7418,0.173,-0.0012
bhuvanabhanu,48,6,तल्लाहे भोगुवभोगाइअमासंसए एसो ॥४२२॥,0.2675,0.1752,0.6655,0.1949,-0.0015
bhuvanabhanu,48,7,मममंतरायसत्तू चइज्ज जइ कह वि हुज साहु तओ ।,0.2686,0.2014,0.7383,0.2237,-0.0025
bhuvanabhanu,48,8,"इअ चिंतेइ ""धणपिवासासंजणिअट्टझाणगओ ॥४२३॥",0.271,0.2228,0.7255,0.2452,-0.0026
bhuvanabhanu,48,9,तयणु भयर्भतनित्तो को वि नरो आगओ तहिं तेण ।,0.2809,0.255,0.7471,0.2765,-0.0012
bhuvanabhanu,48,10,वेसवणो पगते नीओ चिताउलो झत्ति ॥४२४५॥,0.2686,0.2778,0.6509,0.2976,-0.0015
bhuvanabhanu,48,11,दंसेइ तस्स पुरिसो 'कर-सिर-कण्णाइआहरणरासिं ।,0.2686,0.3049,0.7337,0.3263,-0.0013
bhuvanabhanu,48,12,जेणं पुण विण्णायं चोराहरिओ अ एस त्ति ॥४२५॥,0.2663,0.3267,0.7232,0.3495,-0.0013
bhuvanabhanu,48,13,។,0.2704,0.3637,0.2826,0.3697,-1.5708
bhuvanabhanu,48,14,**आगारेहिं तह इंगिएहि चिट्ठाविहीहि वयणेहिं ।,0.2739,0.359,0.7104,0.3804,0.0
bhuvanabhanu,48,15,पुरिसाणं जाणिञ्जइ जम्हा अंतग्गओ भावो ॥४२६॥,0.2704,0.3817,0.7145,0.4032,-0.0013
bhuvanabhanu,48,16,तह वि धणपिवासा में मा आहरणाणि सामिअ ! चएसु ।,0.2681,0.4092,0.7821,0.4285,0.0
bhuvanabhanu,48,17,जं अग्गओ भविस्सइ करिस्सए तमिअ पेरेइ ॥४२७॥,0.2657,0.4311,0.7331,0.4508,-0.0012
bhuvanabhanu,48,18,तत्तो घेप्पर जो अप्पमुल्लयकयाणगाण दाणेण ।,0.2692,0.4633,0.6702,0.4835,-0.0015
bhuvanabhanu,48,19,आहरणाई ताई तक्करओ तक्खणेण गओ ॥४२८८॥,0.2681,0.4856,0.6841,0.5062,-0.0028
bhuvanabhanu,48,20,तप्पिट्ठमागएहिं च रायपुत्तेहि बंधिओ वणिओ ।,0.2698,0.5118,0.6964,0.5337,-0.0014
bhuvanabhanu,48,21,'लुत्तसहिओ श्च्विअ कओ पुरओ सो ''साहणिज्जंतो ॥४२९॥,0.2768,0.535,0.8112,0.5573,-0.0011
bhuvanabhanu,48,22,एएहिं किज्जंते विगोवणे रायमग्गमज्झम्मि ।,0.2698,0.5659,0.6579,0.5852,-0.0015
bhuvanabhanu,48,23,रायउले जो गहिओ कहिओ आहरणवित्तंतो ॥४३०॥,0.2681,0.5891,0.7232,0.6093,-0.0026
bhuvanabhanu,48,24,पंचण्हें गेहाई च साइणीए वि परिहरिज्जंति ।,0.2681,0.6161,0.6801,0.6368,-0.0014
bhuvanabhanu,48,25,एयं कयं न सञ्चं अवहरिआहरणचोरेण ॥४३१॥,0.2669,0.6389,0.6812,0.6599,-0.0014
bhuvanabhanu,48,26,भूवइणा ''आणत्तो वणिओ वज्झो असज्झरोगु व्व ।,0.2692,0.6707,0.7325,0.6921,-0.0025
bhuvanabhanu,48,27,तत्तो मिलिएण महाजणेण राया य विण्णत्तो ॥४३॥,0.2686,0.693,0.7331,0.714,-0.0013
bhuvanabhanu,48,28,१. तद्भावे ॥ २. आपणभाटकम् हस्यापि भाटकमित्यर्थः ॥ ३. तस्यार्जने ॥ ४. तत्सम्प्राप्तौ ॥ ५. गृह-,0.1521,0.7402,0.8817,0.7617,-0.0008
bhuvanabhanu,48,29,व्ययकलाभः ।। ६. आशंसति ।। ७. धनपिपासासन्ञ्जनितात्र्त्तध्यानगतः ।। ८. तदनु भयभ्रान्तनेत्रः ।। ९. कर-शिरः-,0.0967,0.7677,0.8834,0.7879,-0.0015
bhuvanabhanu,48,30,कर्णादि-आभरणराशिम् ।। १०. एतत्समानार्थकं पद्यं संस्कृते एवम् -,0.0973,0.7948,0.5647,0.8149,-0.0012
bhuvanabhanu,48,31,आकारैरिङ्गितैर्गत्या चेष्टया भाषणेन च ।,0.3409,0.8218,0.6113,0.839,0.0
bhuvanabhanu,48,32,नेत्र वक्त्रविकाराभ्यां ज्ञायतेऽन्तर्गतं मनः ।॥,0.3403,0.8493,0.6288,0.8673,0.0
bhuvanabhanu,48,33,सुभाषितरत्नभाण्डागारे तृतीयप्रकरणे राजनीतौ श्लो. २२६.१. १४७ ।।,0.3934,0.8755,0.8811,0.8965,-0.0012
bhuvanabhanu,48,34,"११. लोप्त्रसहितः, लोप्त्रम्-लुष्टितं वस्तु ॥ १२. संहन्यमानः ॥ १३. आज्ञप्तः वणिग् वध्यः असाध्यरोग इव ।।",0.1055,0.9034,0.8689,0.9231,0.0
bhuvanabhanu,48,35,Jain Education International,0.0146,0.9747,0.1841,0.9828,0.0
bhuvanabhanu,48,36,For Private & Personal Use Only,0.4196,0.9751,0.62,0.9854,0.0
bhuvanabhanu,48,37,www.jainelibrary.org,0.8584,0.9755,0.9848,0.985,0.0
bhuvanabhanu,49,1,सिरिइंदहंसगणिविरइयं,0.6888,0.0537,0.898,0.0713,0.0
bhuvanabhanu,49,2,तस्स उवर्रोहवसओ रायवरौ काउमुक्कडं दंडं ।,0.2826,0.0902,0.69,0.1103,-0.0014
bhuvanabhanu,49,3,चोरं चएइ जम्हा महाजणों मण्णए रण्णा ॥४३३॥,0.2791,0.1129,0.7191,0.1327,-0.0013
bhuvanabhanu,49,4,'तिण्हापिसाइआए गसिओ वाणिज्जयं अणेगविहं ।,0.2873,0.1387,0.7249,0.158,-0.0013
bhuvanabhanu,49,5,जो कुणइ नयरमज्झे लाहो थोवो वि नो तत्थ ॥४३४॥,0.2821,0.161,0.7686,0.1833,-0.0036
bhuvanabhanu,49,6,जं जं पयं तु जेर्ण उप्पाडिज्जर महावयाहिं पि ।,0.2809,0.1876,0.7069,0.2091,-0.0014
bhuvanabhanu,49,7,तं तं पयमणुगच्छतीहिं पीडिजए जो उ ॥४३५॥,0.2826,0.2104,0.7086,0.2319,-0.0014
bhuvanabhanu,49,8,जो पेरिओ पियाए सगडाहं भूरिवत्थुभरिआई ।,0.2809,0.2374,0.7162,0.2598,-0.0013
bhuvanabhanu,49,9,गहिउं गच्छइ देसंतरम्मि मुत्तुं सयणवग्र्ग ॥४३६॥,0.2838,0.2602,0.7145,0.2812,-0.0014
bhuvanabhanu,49,10,जो गच्छतो मम्गे कत्थ वि पडिओ महंतअडवीष ।,0.2786,0.2864,0.7296,0.3061,-0.0026
bhuvanabhanu,49,11,सव्वो वि असो सत्थो 'विसमततिसाउरो जाओ ॥ १३७,0.2832,0.3091,0.8036,0.3298,-0.0011
bhuvanabhanu,49,12,सव्वत्थ जणेण विलोइज्जंर्त पि सलिलं न खलु पत्तं ।,0.2821,0.3366,0.7547,0.3585,-0.0012
bhuvanabhanu,49,13,*मुच्छानिमीलिअच्छो पडिओ लोओ अ गयचिट्ठी ॥४३८॥,0.2832,0.3581,0.7931,0.3821,-0.0023
bhuvanabhanu,49,14,इत्थंतरम्मि तत्थ य महंतया चोरधाडिआ जंती ।,0.2821,0.386,0.7162,0.4066,-0.0027
bhuvanabhanu,49,15,तं सत्थं दडूणं सव्वस्सं मुसिअ झत्ति गया ॥४३९॥,0.2826,0.4092,0.7343,0.4345,-0.0026
bhuvanabhanu,49,16,कारुण्णपरो को वि अ कोविअपुरिसो समागओ तत्थ ।,0.2791,0.4401,0.7681,0.4616,-0.0024
bhuvanabhanu,49,17,तेणं आणेऊर्ण पाइअमीसिं जलं जस्स ॥४४०॥,0.2803,0.4629,0.6859,0.4826,-0.0014
bhuvanabhanu,49,18,"""सुत्थीभूओ सत्थो तेण जलेणं च थोवमित्तेण ।",0.2826,0.4903,0.6987,0.5118,-0.0028
bhuvanabhanu,49,19,तम्हा अवसरदाणं महग्घयं कित्तियं लोए ॥४४१॥,0.2809,0.517,0.7127,0.5367,-0.0027
bhuvanabhanu,49,20,यतः-,0.2786,0.5496,0.3467,0.5625,0.0
bhuvanabhanu,49,21,कचरलुअपाणिपण वि अवसरदिन्नेण मुच्छिओ जिअङ्ग ।,0.2803,0.5698,0.7751,0.5938,-0.0035
bhuvanabhanu,49,22,पच्छा मुआण सुंदरि ! घडसयदाणेण किं तेण ? ॥४४२॥,0.2809,0.593,0.7704,0.6149,-0.0024
bhuvanabhanu,49,23,एपसि लोआणं जलासओ देसिओ अ पहिएणं ।,0.2791,0.6204,0.7104,0.6402,-0.0014
bhuvanabhanu,49,24,केहि वि पीअ उदगं केहि वि पक्खालिअं अंगं ॥४४३॥,0.2797,0.6432,0.7611,0.6634,-0.0012
bhuvanabhanu,49,25,सव्वे समाहिमंता पुरओ गंतुं पुणो पवट्टेति ।,0.2791,0.6707,0.6766,0.6921,-0.0015
bhuvanabhanu,49,26,लोआ गया य 'संबलअभावओ ''अन्नठाणम्मि ॥४४४॥,0.2774,0.6926,0.7663,0.7115,-0.0012
bhuvanabhanu,49,27,वैसवणो वि [य] एगं ''गामं गंतेगरुक्खछाहीए ।,0.2797,0.7205,0.6999,0.7411,0.0
bhuvanabhanu,49,28,पडिओ कटुं व विगर्याचट्ठो दिटूठो अ केणावि ॥४४५।।,0.2803,0.7428,0.7716,0.7638,-0.0012
bhuvanabhanu,49,29,तस्स अइछुहाए बाहिज्जंतस्स य 'किवालुणा तेणं ।,0.2786,0.7699,0.7436,0.7922,-0.0013
bhuvanabhanu,49,30,''ओअणपमुहं दाविअमह जाओ तेण जो सुत्थो ॥४४६॥,0.2838,0.7922,0.7774,0.8132,-0.0024
bhuvanabhanu,49,31,१. तृष्णापिशाचिकया ।। २. प्रियया ॥ ३. विषमतमतृषातुरः-अत्यन्ततृष्णातुर इत्यर्थः ॥ ४. मूर्च्छानिमी-,0.1597,0.839,0.8951,0.8609,-0.0008
bhuvanabhanu,49,32,लिताक्षः ॥ ५. सर्वस्खम् ॥ ६. पायितमीषत् ॥ ७. सुस्थीभूतः स्वस्थीभूतः ॥ ८. उपदिष्टः ॥ ९. शम्बलाभावात् ।।,0.1049,0.8673,0.8916,0.8879,-0.0007
bhuvanabhanu,49,33,१०. अन्यस्थाने ।। ११. ग्रामं गत्वा एकवृक्षच्छायायाम् ।। १२० कृपालुना ॥ १३. ओदनप्रमुखम् ।।,0.109,0.8944,0.8106,0.9137,0.0
bhuvanabhanu,49,34,Jain Education International,0.0146,0.9747,0.1841,0.9828,0.0
bhuvanabhanu,49,35,For Private & Personal Use Only,0.4196,0.9751,0.62,0.9854,0.0
bhuvanabhanu,49,36,www.jainelibrary.org,0.8584,0.9755,0.9848,0.985,0.0
bhuvanabhanu,50,1,भुषणभाणुकेवलिचरियं,0.0897,0.0618,0.285,0.0837,-0.003
bhuvanabhanu,50,2,३३,0.8479,0.0661,0.8765,0.0824,0.0
bhuvanabhanu,50,3,अत्र सदृशापत्तया पूर्वोक्ता सप्त गाथाः (४०६-१२) [पुनरपि] लिख्यन्ते-,0.2564,0.0996,0.8765,0.1241,-0.0019
bhuvanabhanu,50,4,पुणरवि पुरओ जंतो संतो एसो न सक्कए गंतुं ।,0.2617,0.1254,0.6836,0.1473,-0.0014
bhuvanabhanu,50,5,निग्गच्छइ पायतलेसु सोणिअं च सुकुमालस्स ॥४४७७॥,0.2617,0.1473,0.7296,0.1687,-0.0025
bhuvanabhanu,50,6,जो मुच्छइ लुढइ पडइ अकंदइ सोअप अ विलवेइ ।,0.2564,0.1748,0.7261,0.1971,-0.0025
bhuvanabhanu,50,7,दुहिओ मग्गस्समओं धण-सयणाणं विओगाओ ॥४४८॥,0.2587,0.1971,0.7395,0.2198,-0.0024
bhuvanabhanu,50,8,तं नत्थि जं च दीणत्तणं गओ चिहुए इमो नेव ।,0.257,0.225,0.6882,0.2452,0.0
bhuvanabhanu,50,9,अइकट्ठेणं भमए भिक्खाए जो पइग्गामं ॥४४९।।,0.2564,0.2473,0.6766,0.2675,-0.0014
bhuvanabhanu,50,10,पडिहंति तस्स भिक्खालाहं 'लाहंतरायरिउराओ ।,0.2599,0.2739,0.7034,0.2928,-0.0013
bhuvanabhanu,50,11,जेणं पर्णतराया विसमा सिद्धूतए भणिआ ॥४५०॥,0.2552,0.2963,0.6935,0.3152,-0.0013
bhuvanabhanu,50,12,दाणं यहाँ भोगो उवभागो तह य बीरिअं चेव ।,0.2564,0.3237,0.6941,0.3435,0.0
bhuvanabhanu,50,13,एएसिं पंचण्डं पडिसेहो अंतरापहिं ॥४५१॥,0.2587,0.3465,0.6311,0.3654,0.0
bhuvanabhanu,50,14,*पायं पइपयमेसो महावयाहिं समावयंतीहिं ।,0.2617,0.3731,0.6608,0.3946,-0.0015
bhuvanabhanu,50,15,• अइनिक्करुणमणाहिं वेलाकूलं गओ कटुं ॥४५२॥,0.2465,0.3963,0.6626,0.4173,-0.0028
bhuvanabhanu,50,16,तत्थ वि केणावि वणिअपुत्तत्तेण ववहारिणा ठविओ ।,0.2582,0.4234,0.7348,0.4448,-0.0012
bhuvanabhanu,50,17,जो जाओ पुण किंचि वि सकिंचणो तस्स पासाओ ॥४५३॥,0.2582,0.4453,0.7861,0.468,-0.0011
bhuvanabhanu,50,18,जेणं तिण्हापेरिअमणेण 'आढप्पिअं च वाणिज्जं ।,0.2564,0.4732,0.6987,0.4921,-0.0013
bhuvanabhanu,50,19,विहवो समजिओ बहु तओ 'सुओ कत्थ वि सिलोगो ॥४५४॥,0.257,0.4955,0.8228,0.5182,-0.001
bhuvanabhanu,50,20,*उच्छुखित्तं समुद्दो अ जोणिपोसणमेव य ।,0.2617,0.5234,0.6416,0.5457,0.0
bhuvanabhanu,50,21,रण्णो पसायओ सज्जो निहणंति दरिद्दयं ॥४५५॥,0.2576,0.5453,0.6859,0.5655,-0.0014
bhuvanabhanu,50,22,तिण्हावसगो वणिओ कयाणगेहिं च भरिअ पोअमिगं ।,0.2552,0.5719,0.7465,0.5921,-0.0012
bhuvanabhanu,50,23,चडिओ एस समुद्दे गओ अ तम्मज्झदेसम्मि ॥४५६॥,0.2582,0.5964,0.7232,0.6166,0.0
bhuvanabhanu,50,24,"""तावुन्नओ जलहरो गज्जइ 'पज्जन्नओ समुद्दो वि ।",0.2593,0.6234,0.708,0.6436,0.0
bhuvanabhanu,50,25,विज्जुलया विज्ञाअइ रिउ व्व पडिकूलओ वाऊ ॥४५७७॥,0.2587,0.6449,0.7605,0.6664,-0.0012
bhuvanabhanu,50,26,भग्गो 'सयहा पोओ तुंगतरंगेहिं उच्छलं तेहि ।,0.2547,0.6724,0.6585,0.6926,-0.0014
bhuvanabhanu,50,27,निअहत्थगओ लाहो अहो ! गओ पिच्छमाणस्स ॥४५८।।,0.2593,0.6951,0.7436,0.714,0.0
bhuvanabhanu,50,28,लहिऊण फलगखंडं उच्छालिज्जतओ तरंगेहिं ।,0.2558,0.7226,0.6533,0.7415,-0.0015
bhuvanabhanu,50,29,''जलयरदुहाणि अणुहवमाणो लग्गो तडम्मि इमो ॥४५९॥,0.2611,0.7454,0.771,0.7669,-0.0011
bhuvanabhanu,50,30,जस्स जहिं नहि नामं पि मुणिज्जइ दूरदेसगमणेण ।,0.2564,0.7724,0.7209,0.7939,0.0
bhuvanabhanu,50,31,निअदेसे वुत्तंतो सुणिजए जस्स न य को वि ॥४६०॥,0.2558,0.7956,0.7279,0.8171,-0.0012
bhuvanabhanu,50,32,१. लाभान्तरायरिपुराजः ॥ २. प्रायः प्रतिपदमेषः ॥ ३. आरब्धम् ॥ ४. श्रुतः कुत्रापि श्लोकः ॥,0.1393,0.8343,0.87,0.8549,-0.0008
bhuvanabhanu,50,33,घ्नन्ति दरिद्रताम् ॥ भ. भा. पृ. २९४ ॥,0.5787,0.86,0.8689,0.8824,-0.002
bhuvanabhanu,50,34,५. इक्षुक्षेत्रं समुद्रश्च योनिपोषणमेव च । प्रसादो भूभुजां चैव सद्यो,0.0874,0.8605,0.5641,0.8828,-0.0012
bhuvanabhanu,50,35,६. भृत्वा ॥ ७. तावदुन्नतः ॥ ८. पर्जन्यकः ॥ ९. शतधा ॥,0.088,0.8884,0.5653,0.9098,-0.0012
bhuvanabhanu,50,36,खानीत्यर्थः ।।,0.0833,0.9124,0.1783,0.9296,0.0
bhuvanabhanu,50,37,१०. जलचरदुःखानि-जलचरजन्तुजनितखुः-,0.5897,0.8884,0.873,0.9081,0.0
bhuvanabhanu,50,38,Jain Education International,0.0146,0.9747,0.1836,0.9837,0.0
bhuvanabhanu,50,39,For Private & Personal Use Only,0.4196,0.9751,0.62,0.9854,0.0
bhuvanabhanu,50,40,www.jainelibrary.org,0.8584,0.9755,0.9848,0.985,0.0
bhuvanabhanu,51,1,३४,0.1072,0.0545,0.1369,0.0726,0.0
bhuvanabhanu,51,2,सिरिइंदहंसगणिविरइयं,0.6853,0.0489,0.8916,0.0678,0.0
bhuvanabhanu,51,3,दुहिअस्स जस्स पिट्ठे दुट्ठा रोगाऽऽवया 'उवेइ भिसं ।,0.2786,0.0919,0.7826,0.1142,-0.0012
bhuvanabhanu,51,4,दड्ढोवरि फोडयपडणसमाणा अइपमाणा य ॥४६१॥,0.2797,0.1159,0.7354,0.1348,-0.0013
bhuvanabhanu,51,5,तीप अणुभावेणं 'जररत्तिचरेण सव्वहा गसिओ ।,0.2762,0.1426,0.7185,0.1636,-0.0013
bhuvanabhanu,51,6,सिरबाहा-सूलाइअरोगाणं दत्तठाणो जो. ॥४६२॥,0.2786,0.1657,0.6888,0.1859,-0.0014
bhuvanabhanu,51,7,तिण्हावसंगओ जो वाणिज्जाई करेइ बहुआई ।,0.2774,0.1971,0.6812,0.2181,0.0
bhuvanabhanu,51,8,अज्जेइ उवक्कमिउं अणेगवारे धणं किंचि ॥४६३॥,0.2774,0.2198,0.7045,0.2387,0.0
bhuvanabhanu,51,9,कत्थ वि किंतु निवेहिं गहिअं कत्थ वि पुणऽग्गिणा दडूढं ।,0.2786,0.2465,0.8106,0.2675,0.0
bhuvanabhanu,51,10,कत्थ वि मुसिअं तक्करनिअरेहिं तं धणं जस्स ॥४६४॥,0.2791,0.2692,0.7488,0.2894,0.0
bhuvanabhanu,51,11,इअ जो अणेगदेसेसु अडंतो 'धाउवायमातणेइ ।,0.2786,0.301,0.7075,0.3216,0.0
bhuvanabhanu,51,12,सिद्धरसो अ हरिजइ *वंतर-रत्तिचराईहिं ॥४६५॥,0.2809,0.3229,0.722,0.3431,0.0013
bhuvanabhanu,51,13,कत्थ वि अ खन्नवायं करेइ जो वंतराइदेवेहिं ।,0.2803,0.3512,0.7069,0.3697,0.0
bhuvanabhanu,51,14,निहणिजइ भक्खिजिइ 'विञ्छिअ-सप्पाइपहिं पि ॥४६६॥,0.2786,0.374,0.7949,0.3933,0.0
bhuvanabhanu,51,15,इअ पञ्च्चहं महंताउ वेअणाओ सहंतओ जो उ ।,0.2803,0.4015,0.6976,0.4199,0.0
bhuvanabhanu,51,16,निव्विन्नमणो वि अ देस-दारचापण तिव्वदुहो ॥४६७॥,0.2786,0.4242,0.764,0.4457,0.0
bhuvanabhanu,51,17,जो गाम-नगरपमुहट्ठाणेसु चलंतओ सुणइ किं पि ।,0.2786,0.4556,0.7214,0.4775,-0.0013
bhuvanabhanu,51,18,'विज्ञामढम्मि पढिअं भणइ तहिं 'धम्मसत्थविऊ ॥४६८।।,0.2826,0.4783,0.8007,0.4985,0.0
bhuvanabhanu,51,19,धण-कणग-सयण-जुव्वणपमुहा भावा ''विणस्सरसहावा ।,0.278,0.5054,0.7774,0.5273,-0.0012
bhuvanabhanu,51,20,धम्मो 'महंतआवयताणपरो सरणमत्थि तहिं ॥ ४६९॥,0.2774,0.5277,0.7552,0.5474,-0.0012
bhuvanabhanu,51,21,गाहं सुणिउं चिंतइ जो जस्सऽग्गे कहिजए सदुहं ।,0.2768,0.5599,0.7348,0.5822,-0.0013
bhuvanabhanu,51,22,सो एवमेव भासइ न तए पुव्वं कओ धम्मो ॥४७०॥,0.278,0.5844,0.7436,0.6041,0.0
bhuvanabhanu,51,23,जीवाणमकयधम्माणमावयाओ सया वि ''पवडंति ।,0.2762,0.6106,0.7389,0.6295,-0.0013
bhuvanabhanu,51,24,तम्हा धम्मो सरणं संसारे दुहभरागारे ॥४७१॥,0.2786,0.6346,0.6935,0.6565,-0.0014
bhuvanabhanu,51,25,इत्थंतरम्मि चिंतइ मिच्छादंसणपिया कुदिट्ठी अ ।,0.278,0.6655,0.6678,0.6853,-0.0015
bhuvanabhanu,51,26,अजाऽऽगओ अवसरो अम्मो ! मज्झ चिरकालेणं ॥ ४७२॥,0.2791,0.6883,0.7774,0.708,-0.0023
bhuvanabhanu,51,27,पत्तम्मि इत्थ 'बेरग्गनामरिउमाणुसस्स य पवेसो ।,0.2797,0.7205,0.7203,0.7415,-0.0013
bhuvanabhanu,51,28,दीसइ तं जइ सम्महंसणधूआ उवेइ इमा ॥४७३॥,0.2762,0.745,0.6836,0.7643,-0.0014
bhuvanabhanu,51,29,सा अम्ह वेरिणी आगच्छंती चिंतिअत्थनासगरी ।,0.2751,0.7703,0.7203,0.79,-0.0013
bhuvanabhanu,51,30,इअ पेसिआ इमीए निअधूआ धम्मबुद्धि त्ति ॥४७४॥,0.2791,0.7948,0.7214,0.8158,-0.0026
bhuvanabhanu,51,31,१. उपेति ॥ २. ज्वररात्रिचरेण ज्वरराक्षसेनेत्यर्थः ॥ ३. अटन् ॥ ४. धातुवादमातनोति ॥ ५. व्यन्तर-,0.1573,0.842,0.8893,0.8622,-0.0008
bhuvanabhanu,51,32,रात्रिचरादिभिः ॥ ६. खन्यवादम् ॥ ७. वृश्चिक-सर्पादिकैः ॥ ८. प्रत्यहम् ॥ ९. विद्यामठे ॥ १०. धर्मशास्त्रविद् ।।,0.1061,0.869,0.8858,0.8901,-0.0015
bhuvanabhanu,51,33,११. विनश्वरस्वभावाः ।। १२. महाऽऽपत्त्राणपरः ॥ १३. प्रपतन्ति ।। १४. वैराग्यनामरिपुमानुषस्य ।।,0.1066,0.8965,0.8065,0.918,-0.0017
bhuvanabhanu,51,34,Jain Education International,0.0146,0.9747,0.1841,0.9828,0.0
bhuvanabhanu,51,35,For Private & Personal Use Only,0.4196,0.9751,0.62,0.9854,0.0
bhuvanabhanu,51,36,www.jainelibrary.org,0.8584,0.9755,0.9848,0.985,0.0
bhuvanabhanu,52,1,भुषणभाणुकेवलिचरियं,0.1101,0.0601,0.3036,0.0803,0.0
bhuvanabhanu,52,2,एसा तस्स समीवं समागया तप्पहावओ जाओ ।,0.2791,0.0979,0.7051,0.1151,0.0
bhuvanabhanu,52,3,धम्मविहाणाभिप्पाओ वेसवणस्स वणिअस्स ॥४७५।।,0.2786,0.1194,0.7214,0.137,0.0
bhuvanabhanu,52,4,सन्वेसि पि बुहाणं एसा वाणी जयम्मि जइ अत्थि ।,0.2762,0.146,0.7576,0.1649,0.0
bhuvanabhanu,52,5,'वंछिअपयत्थविअरणहेऊ धम्मो च्चिअ तय त्ति ॥४७६॥,0.2815,0.1683,0.7692,0.1885,0.0012
bhuvanabhanu,52,6,तुम्हा पढमं धम्मो न कीरए किमिअ एस जीएण ।,0.2774,0.1954,0.7314,0.2134,0.0
bhuvanabhanu,52,7,कजाणि हवंति 'जओ असउ च्चिअ हेउसब्भावे ॥४७७॥,0.2791,0.2181,0.7815,0.2362,0.0
bhuvanabhanu,52,8,तेणं गच्छामि अहं निअदेसं माय-ताय मिलणम्मि ।,0.2751,0.2452,0.7203,0.2641,0.0
bhuvanabhanu,52,9,धम्मो करिस्सइ मए ध्रुवमेवं एस चितेइ ॥४७८॥,0.2774,0.2675,0.7092,0.2894,0.0
bhuvanabhanu,52,10,तत्तो गओ अ वेलाकुलं जो कम्मकरगवित्तीए ।,0.2762,0.2984,0.6923,0.3177,0.0
bhuvanabhanu,52,11,आरुहिओ अ पवहणे लग्गो पोओ परतडम्मि ॥४७९।।,0.2768,0.3207,0.7587,0.3392,0.0
bhuvanabhanu,52,12,*थलमग्गेणं आगच्छंतो वंछंतओ सजम्मछमं ।,0.2786,0.3482,0.6731,0.3671,0.0
bhuvanabhanu,52,13,कहमवि चिरेण पत्तो निअदेसं जो सुहावासं ॥४८०॥,0.2751,0.371,0.7471,0.3903,0.0
bhuvanabhanu,52,14,जो जाव उवेइ पुरं ताव विवन्नो पिआ मया माया ।,0.2745,0.3976,0.7453,0.4178,0.0
bhuvanabhanu,52,15,को वि अ कत्थ वि सयणो 'सिण्णं हिमावणा पडिआ ॥४८१॥,0.2745,0.4204,0.8561,0.4397,0.0
bhuvanabhanu,52,16,अह जो तहाविहं दद्रूणं सोगस्स ठाणयं जाओ ।,0.2745,0.4521,0.7179,0.4723,0.0
bhuvanabhanu,52,17,विलवेइ तहा 'सुइरं बहुहा गरिहेइ अप्पाणं ॥४८२॥,0.2751,0.4745,0.7331,0.4959,0.0
bhuvanabhanu,52,18,धम्मम्मि मणं किंचि वि कुणंतओ अप्पणो कहँ पि अ जो ।,0.2751,0.5015,0.8141,0.5217,0.0
bhuvanabhanu,52,19,निअजणणी-जणयाणं जणेइ परलोगकिञ्चाई ॥४८३॥,0.2745,0.5238,0.7156,0.5444,0.0
bhuvanabhanu,52,20,इत्थंतरम्मि चारित्तधम्मपमुहेहिं भासिओ एसो ।,0.2751,0.5509,0.6766,0.5711,0.0
bhuvanabhanu,52,21,सब्बोहमंतिओ अडइ कम्मपरिणामपासम्मि ॥४८४॥,0.2739,0.5728,0.7075,0.593,-0.0013
bhuvanabhanu,52,22,गंतूण सो भणइ इअ पडिवन्नं जं तए महाराय ! ।,0.2727,0.6054,0.7133,0.6247,0.0
bhuvanabhanu,52,23,संसारिजिओ एसो तुम्ह सहाओ हविस्सइ जे ॥४८५॥,0.2745,0.6286,0.7547,0.6475,0.0
bhuvanabhanu,52,24,अम्हाणमज्ज वि वयणविसयं न ममागओ [पुणो] एसो ।,0.2727,0.6548,0.7902,0.6758,0.0
bhuvanabhanu,52,25,अस्स गया य अणताणंता पुग्गलपरावट्टा ॥४८६॥,0.2721,0.6797,0.6993,0.6982,0.0
bhuvanabhanu,52,26,तं ता किमेरिसमिमं ? पडिवन्नं नेव चलइ संताणं ।,0.2727,0.7089,0.7255,0.7282,0.0
bhuvanabhanu,52,27,कम्मनिवो उ 'भिउडिफुडउक्खेवपुरस्सरं वयइ ॥४८७॥,0.2727,0.7312,0.7622,0.7531,0.0
bhuvanabhanu,52,28,हे वच्छ ! न किं जाणसि ''हेवागं अम्ह बंधवाण इमं ।,0.2727,0.7591,0.7716,0.7789,-0.0012
bhuvanabhanu,52,29,तुम्हाभिमुहं नीओ जीओ वालिजप तेहिं ॥४८८॥,0.2716,0.781,0.7016,0.8033,-0.0027
bhuvanabhanu,52,30,३५,0.8666,0.0666,0.8969,0.0803,0.0
bhuvanabhanu,52,31,"१. वाञ्छितपदार्थवितरणहेतुः ॥ २. यतश्च स्वतः एव हेतुसद्भावे, 'पुष्टकारणसद्भावे हि कार्याणि स्वत एव",0.155,0.8257,0.8834,0.8446,0.0
bhuvanabhanu,52,32,जायन्ते' इति भ. भा. पृ. २९६ ॥ ३. पोतः-प्रवहणम् ॥ ४. स्थलमार्गेण ॥ ५. स्वजन्मक्षमाम्-स्वजन्मभूमिमि-,0.1031,0.8519,0.8852,0.8729,-0.0007
bhuvanabhanu,52,33,त्वर्थः ॥ ६. शीर्णम् ॥ ७. सुचिरं बहुधा गर्हति ॥ ८. वचनविषयम् ॥ ९. भृकुटिस्कुटोत्क्षेपपुरस्तरम् ॥ १००,0.0985,0.8802,0.8817,0.9017,0.0
bhuvanabhanu,52,34,हेवाकम्-स्वभावमित्यर्थः ।।,0.1031,0.9081,0.2838,0.9261,0.0
bhuvanabhanu,52,35,Jain Education International,0.0146,0.9747,0.1841,0.9824,0.0
bhuvanabhanu,52,36,For Private & Personal Use Only,0.4196,0.9747,0.62,0.985,0.0
bhuvanabhanu,52,37,www.jainelibrary.org,0.8584,0.9755,0.9848,0.985,0.0
bhuvanabhanu,53,1,३६,0.1125,0.0528,0.1416,0.0691,-0.02
bhuvanabhanu,53,2,सिरिइंदहंसगणिविरइयं,0.6853,0.0502,0.8957,0.0691,0.0
bhuvanabhanu,53,3,जइ तारिसओ निअघरविरोहओ क्रिर हयास अत्थि भिसं ।,0.2803,0.0846,0.8211,0.1043,0.0
bhuvanabhanu,53,4,किमहं करेमि मंतीस ! ? ता तया इत्थ कजम्मि ॥४८९।।,0.2832,0.1086,0.7855,0.1271,0.0
bhuvanabhanu,53,5,न य एगस्स च्चिअ मह कयं कया विहु हवेइ इह किं पि ।,0.2832,0.1357,0.8211,0.1571,0.0
bhuvanabhanu,53,6,किंतु इमा लोगठिई तहभव्वत्तणसहावो अ ॥४९०॥,0.2821,0.1576,0.7261,0.1786,0.0
bhuvanabhanu,53,7,काल-परिणईडच्चाइणो वि 'वावारवंतया इत्थ ।,0.2803,0.1855,0.6987,0.2044,0.0
bhuvanabhanu,53,8,तेहिं समं 'विआरिअ करिस्सइ हिअं भवंताणं ॥४९१।।,0.2821,0.207,0.764,0.2263,0.0
bhuvanabhanu,53,9,अप्पपडिवन्नमेअं मज्झ वि 'विस्सरणमागअं नत्थि ।,0.2809,0.2349,0.7471,0.2525,0.0
bhuvanabhanu,53,10,भणइ अ सुबोहमंती न तह वि समओ किमम्हाणं १ ॥ ४९२॥,0.2809,0.2572,0.8042,0.2769,0.0
bhuvanabhanu,53,11,तस्स जिअस्स समीवम्मि धम्मबुद्धी सुणिजइ इआणि ।,0.2826,0.2847,0.7529,0.3053,0.0
bhuvanabhanu,53,12,जइ किर गया तओ सो कम्मनिवो तग्गिरा हसिओ ॥४९३॥,0.2786,0.307,0.8083,0.3272,0.0
bhuvanabhanu,53,13,*निअमंतिसहावा भिहहत्थतले तालिअं पयाऊणं ।,0.2832,0.3345,0.6853,0.3538,0.0
bhuvanabhanu,53,14,कम्मनिवालेणुत्तं अहो ! कहं धम्मबुद्धी सा ॥४९४॥,0.2826,0.3581,0.7203,0.3774,0.0
bhuvanabhanu,53,15,नामेण धम्मबुद्धी परिणामेणं तु पावबुद्धी सा ।,0.2797,0.3851,0.6527,0.4053,0.0
bhuvanabhanu,53,16,भुवणं पि इमा वंचेइ नामसामण्णमत्ताओ ॥४९५॥,0.2809,0.4126,0.7296,0.4324,0.0
bhuvanabhanu,53,17,सम्मदंसणधूअं जं अवगच्छसि तुमं निअमणम्मि ।,0.2809,0.4388,0.6871,0.4594,0.0
bhuvanabhanu,53,18,अवरा य धम्मबुद्धी एसा सब्बोहमंतीस ! ॥४९६॥,0.2803,0.4624,0.6766,0.4822,0.0
bhuvanabhanu,53,19,जम्हा उ अमिअबुट्ठी जीवाणं सा हवेइ लोअम्मि ।,0.2809,0.4891,0.7343,0.5101,-0.0013
bhuvanabhanu,53,20,तुम्होदयकारणयं सरणं सव्वाण भव्वाणं ॥४९७७॥,0.2815,0.5131,0.7092,0.5333,-0.0014
bhuvanabhanu,53,21,एसा पुण तुम्हाणं विसं व विच्छेअकारणं निच्चं ।,0.2821,0.5393,0.7209,0.5603,0.0
bhuvanabhanu,53,22,नामेण य तुल्ला अवि अत्था कजम्मि विहडंति ॥४९८॥,0.2791,0.5616,0.7617,0.5822,-0.0012
bhuvanabhanu,53,23,यतः-,0.2815,0.5947,0.3497,0.6067,0.0
bhuvanabhanu,53,24,धत्तूर-नागवल्लीदलाण पत्ताभिहा समा होइ ।,0.2826,0.617,0.6707,0.6368,0.0
bhuvanabhanu,53,25,तंब-कणगाइनाणय-नाणयनामं समं चेव ॥४९९॥,0.2803,0.6398,0.6976,0.6591,-0.0014
bhuvanabhanu,53,26,अंब-निंबाइरुक्खेसु रुक्खसण्णा सरिच्छया ।,0.2809,0.6672,0.662,0.6874,0.0
bhuvanabhanu,53,27,सव्वेसि परिणामो उ भिन्नरूवो पवट्टइ ॥५००॥,0.2826,0.6896,0.6958,0.7097,0.0
bhuvanabhanu,53,28,पअं अम्हाणं पुण वत्तुं जुत्तं न सव्वहा अत्थि ।,0.2821,0.7166,0.6958,0.7381,0.0
bhuvanabhanu,53,29,सा अम्ह बंधवसइवधूआ जेणं जणक्खाया ॥५०१।।,0.2803,0.7398,0.7284,0.7613,-0.0013
bhuvanabhanu,53,30,परमम्हाणं सच्चं जंपंताणं जहट्ठिअसरूवं ।,0.2826,0.7673,0.6509,0.7879,-0.0016
bhuvanabhanu,53,31,मित्ताणममित्ताणं को दोसो ताव नायव्वो ? ॥५०२॥,0.2803,0.79,0.7343,0.8094,-0.0013
bhuvanabhanu,53,32,तत्तो सहावमंती भणेइ किमिमेण देव ! कहणेणं ? ।,0.2821,0.8167,0.722,0.8368,-0.0013
bhuvanabhanu,53,33,एए 'अणुहोंत च्चिअ जाणंति न तस्स रूवं किं ? ॥५०३॥,0.2826,0.8394,0.7698,0.8609,-0.0012
bhuvanabhanu,53,34,१. व्यापारवन्तः अत्र ॥ २. विचार्य ॥ ३. विस्मरणम् ॥ ४. निजमन्त्रिस्वभावामिधहस्ततले तालिकां,0.1585,0.8793,0.8939,0.8978,0.0
bhuvanabhanu,53,35,प्रदाय ।। ५. नामसामान्यमात्रतः ६० अमृतवृष्टिः ॥ ७. सचिवदुहिता ८. यथास्थितस्वरूपम् ॥ ९. अनुभवन्तः ॥,0.1084,0.9073,0.8916,0.9261,0.0
bhuvanabhanu,53,36,Jain Education International,0.0146,0.9747,0.1841,0.9828,0.0
bhuvanabhanu,53,37,For Private & Personal Use Only,0.4196,0.9747,0.62,0.985,0.0
bhuvanabhanu,53,38,www.jainelibrary.org,0.8584,0.9755,0.9848,0.985,0.0
bhuvanabhanu,54,1,सुवणभाणुकेवलिचरिये,0.1037,0.0558,0.3024,0.0764,0.0
bhuvanabhanu,54,2,३७,0.859,0.0644,0.8899,0.079,0.0
bhuvanabhanu,54,3,अह कम्मनरिंदो वि अ धूणिअससिरो कहेइ ताव इमं ।,0.2733,0.091,0.7593,0.1159,0.0048
bhuvanabhanu,54,4,'नहछोडिआउ दाउं सच्चं उत्तं तए मंति ! ॥५०४॥,0.2803,0.1151,0.7156,0.1357,0.0054
bhuvanabhanu,54,5,3,0.4073,0.3671,0.419,0.3731,0.0
bhuvanabhanu,54,6,जेणं धुत्तो तरुणो सब्बोहो एस लोअविक्खाओ ।,0.2675,0.1421,0.6766,0.1644,0.0028
bhuvanabhanu,54,7,एअस्स किमण्णायं तीए चरिअमिममेरिसयं ॥५०५া,0.2727,0.1649,0.7302,0.1851,0.0038
bhuvanabhanu,54,8,किंतु इमो अज्जजणे वुड्ढे पुरिसे तहा कहावेइ ।,0.2727,0.1915,0.6976,0.2143,0.0041
bhuvanabhanu,54,9,विण्णावेइ अ अम्हे विज्ञा धुत्तस्स नेआ सा ॥५०६॥,0.2681,0.2147,0.7319,0.2374,0.005
bhuvanabhanu,54,10,अह 'कण्णपिहाणपरो सबोहो भासए महाराय । ।,0.2663,0.2417,0.7028,0.2611,0.004
bhuvanabhanu,54,11,तुममेवमादिससु कि तुम्ह पसाउ च्चिअ समग्गो ॥५०७३,0.2698,0.2632,0.7652,0.286,0.0035
bhuvanabhanu,54,12,तं अम्हे गच्छामो जं किंचि वि अम्ह जुग्गयं इत्थ ।,0.2675,0.2907,0.7331,0.313,0.005
bhuvanabhanu,54,13,तं सव्वं अम्हाणं आदिसिअव्वं नरेस । तए ॥५०८॥ा,0.2669,0.3134,0.7267,0.3349,0.0063
bhuvanabhanu,54,14,कम्मनिवेण वि भणिअं जहा हिअं तह करिस्सई तुहाण ।,0.2686,0.3405,0.7739,0.3641,0.0046
bhuvanabhanu,54,15,गच्छंतस्स तुह 'पहा हवंतु अणुवछ्वा सययं ।॥५०९॥,0.2669,0.3645,0.7517,0.386,0.0036
bhuvanabhanu,54,16,स गओ मैती निअठाणम्मि निवेपइ अप्पनाहस्स ।,0.2663,0.3903,0.7314,0.4126,0.0038
bhuvanabhanu,54,17,नीसेससमायारं इओ अ वेसवणवुत्तंतो ॥५१०॥,0.2681,0.4143,0.655,0.4367,0.003
bhuvanabhanu,54,18,जणणी-जणयाइअदुहभरतत्तमणो कुदिद्विपुत्तीए ।,0.2663,0.4414,0.6603,0.4641,0.0044
bhuvanabhanu,54,19,जीओ विसेसओ जो वणिओ किर धम्मकरणम्मि ॥५१११३,0.2663,0.4629,0.7774,0.4848,0.0046
bhuvanabhanu,54,20,तीए अ साविओ जो सयंभुनामस्स तप्पुरठिअस्स ।,0.2675,0.4912,0.7092,0.514,0.004
bhuvanabhanu,54,21,तावसतिदंडिणो सासणम्मि धम्मं सुनिव्विन्नो ॥५१२॥,0.2646,0.5131,0.7442,0.5354,0.0036
bhuvanabhanu,54,22,तस्स पुण तावसेणं पइदिणमागइ-अभिग्गहो दिन्नो ।,0.2628,0.5406,0.7314,0.5616,0.0012
bhuvanabhanu,54,23,आगच्छंतो तम्मयवासिअचित्तो इमो जाओ ॥५६३॥,0.2681,0.5629,0.7139,0.5865,0.0039
bhuvanabhanu,54,24,जेणं तु तंबभायण-कोवीणाइउवगरणपब्भारो ।,0.2617,0.5912,0.6748,0.6114,0.0014
bhuvanabhanu,54,25,पउणीकओ तओ तव्वयमायरिअं पमोयण ॥५१॥,0.2657,0.6136,0.697,0.6333,0.0014
bhuvanabhanu,54,26,परलोगगयम्मि गुरुम्मि तस्स ठाणभ्भि जो उ उवविट्ठो ।,0.2663,0.6402,0.7675,0.6629,0.0023
bhuvanabhanu,54,27,उम्मग्गं भासइ सम्मग्गं दूसइ अहोरत्तं ॥५१५८॥,0.264,0.6642,0.6824,0.684,0.0014
bhuvanabhanu,54,28,मच्छरमावहइ अ जो उत्तमपुरिसेसु धम्मवंतेसु !,0.2622,0.6917,0.6952,0.7136,0.0013
bhuvanabhanu,54,29,सव्वत्थ वि विक्खाओ अप्पाणं पंडिॲमन्नो ॥५१६॥,0.264,0.714,0.7115,0.7355,0.0026
bhuvanabhanu,54,30,अह जो मढाइमुच्छिअमणो मुणी पूरिऊण अप्पभवं ।,0.2634,0.7419,0.729,0.7634,0.0013
bhuvanabhanu,54,31,दुद्धम्मबुद्धिवसगो गओ अ एगिदिअमुहेतु ॥५१७७॥,0.264,0.7647,0.7045,0.7875,0.0013
bhuvanabhanu,54,32,भमिओ तेसु वि जीओ 'सीआयववेअणाइदुहलक्खं ।,0.2663,0.793,0.7308,0.8158,0.0013
bhuvanabhanu,54,33,सहमाणो परवसगो अणंतपुग्गल परावट्टे ॥५१८॥,0.2617,0.8162,0.6795,0.8381,0.0014
bhuvanabhanu,54,34,"१. नखच्छोटिका भाषायाम्-"" चपटी' इति ख्याता ॥ २. कर्णपिधानपरः ॥ ३. पन्थानः ॥ ४. अनुपद्रवाः ॥",0.1463,0.8592,0.8759,0.8806,0.0008
bhuvanabhanu,54,35,५. आत्मनाथस्य-निजस्वामिनः ॥ ६. श्रावितः ।॥ ७. ताम्रप्रभाजन्कौपीनायुपकरणप्राग्भारः ॥ ८. शीतातप वेदनादिदुःखं-,0.0932,0.8871,0.877,0.9085,0.0007
bhuvanabhanu,54,36,लक्षम् ॥,0.0886,0.9146,0.1509,0.9287,0.0
bhuvanabhanu,54,37,Jain Education International,0.0146,0.9747,0.1841,0.9828,0.0
bhuvanabhanu,54,38,For Private & Personal Use Only,0.4196,0.9747,0.62,0.985,0.0
bhuvanabhanu,54,39,www.jainelibrary.org,0.8584,0.9755,0.9848,0.985,0.0
bhuvanabhanu,55,1,३८,0.1101,0.0618,0.1393,0.0764,0.0
bhuvanabhanu,55,2,सिरिइंदहंसगणिविरइयं,0.6824,0.0597,0.8939,0.0786,0.0
bhuvanabhanu,55,3,तत्तौ अधम्मबुद्धीइ रंजिआ किर कुदिद्विनिअमाया ।,0.2768,0.0949,0.6847,0.1151,0.0
bhuvanabhanu,55,4,तीए मिच्छादंसणदइओ तेणावि मोहनिवो ॥५१९॥,0.2768,0.1181,0.7162,0.1374,0.0
bhuvanabhanu,55,5,प्रणरवि आणीओ जो कम्मनरिंदेण माणवभवम्मि ।,0.2786,0.1447,0.722,0.1644,0.0
bhuvanabhanu,55,6,दिअभदत्ततणओ नामेणं सोमदत्तो अ ॥५२०॥,0.2797,0.1675,0.6503,0.1868,0.0
bhuvanabhanu,55,7,तत्थ वि कुदिद्विनामा समागया 'सयण-कंतसंजुत्ता ।,0.278,0.1949,0.7174,0.2147,0.0
bhuvanabhanu,55,8,*ससुअं पुरओ काउं जिअस्स पासम्मि मिगनित्ता ॥ ५२१॥,0.2815,0.2168,0.8071,0.2383,0.0
bhuvanabhanu,55,9,*कुग्गाह-वहप्पमुहं दुट्ठबलं पिटुओ अ पट्टविअं ।,0.2797,0.2439,0.6941,0.2662,-0.0014
bhuvanabhanu,55,10,रुद्रेण मोहबइणा तीए *साहजदाणटुं ॥५२२॥,0.278,0.2671,0.6591,0.2868,0.0
bhuvanabhanu,55,11,तप्पेरिएण जेर्ण 'जन्ना नाणाविहा कया सययं ।,0.278,0.2937,0.7028,0.3117,0.0
bhuvanabhanu,55,12,विहिओ वहो पसृर्ण गिद्धेर्ण भक्खिों मंसं ॥ ५२३॥,0.2762,0.3216,0.7209,0.3405,0.0
bhuvanabhanu,55,13,दाणाणि जेण दिन्नाणि 'जुत्त हल-लोह-लवण-सुरहीणं ॥,0.2768,0.3482,0.7529,0.3684,0.0
bhuvanabhanu,55,14,पुहवीसंसत्ततिलय-कप्पासाईण वत्थूणं ॥५२४॥,0.2774,0.371,0.6777,0.392,0.0
bhuvanabhanu,55,15,कन्नाविवाहकार णपमुहाई जेण अन्नपावाई ।,0.278,0.3976,0.6533,0.4182,0.0
bhuvanabhanu,55,16,धम्ममिसेणं काउं नरथसु गयं असरणेणं ॥५२५॥,0.278,0.4208,0.6958,0.441,0.0
bhuvanabhanu,55,17,एवं परम्मुहो जो नीओ पगिदिआइठाणेसु ।,0.2768,0.4478,0.6608,0.4684,0.0
bhuvanabhanu,55,18,तेहि भर्मतो रुद्धो अणंतपुग्गलपरावट्टे ॥ ५२६॥,0.2756,0.4702,0.6713,0.4912,0.0
bhuvanabhanu,55,19,इअ अवरावरताहागयप्पमुहदंसणाणि अणुजम्मे ।,0.2768,0.4985,0.6964,0.5182,0.0
bhuvanabhanu,55,20,कारेइ करेइ अ जो धम्ममिसा विविहपावाई ॥५२७७॥,0.2745,0.5204,0.7483,0.5397,0.0
bhuvanabhanu,55,21,मिच्छत्तमंतिणा जो अर्णतसो वालिओ अ पइवारं ।,0.2745,0.547,0.7034,0.5663,0.0
bhuvanabhanu,55,22,एगिदिआइसु गओ अणंतपुग्गलपरावट्टे ॥५२८॥,0.278,0.5693,0.6783,0.5908,0.0015
bhuvanabhanu,55,23,अन्नय कयाइ माणुखित्तालंकार हार भूअम्मि ।,0.2768,0.596,0.6789,0.617,0.0014
bhuvanabhanu,55,24,सोहनपुरे नयरे सुंदरनामेण गिहनाहो ॥५२९॥,0.2762,0.6196,0.6498,0.638,0.0
bhuvanabhanu,55,25,वरुणाभिहाणओ जो उप्पाइञ्जइ 'गिहाहिवइपुत्तो ।,0.2768,0.6462,0.7045,0.6677,0.0014
bhuvanabhanu,55,26,कम्माभिहनाहेणं तओ निवो चितए एवं ॥५३०॥,0.2762,0.669,0.683,0.6891,0.0014
bhuvanabhanu,55,27,नेअव्यो एस मए समए चारित्तधम्मपासम्मि ।,0.2762,0.696,0.6556,0.7145,0.0015
bhuvanabhanu,55,28,परमेअं पडिभासइ किजंत दुग्घर्ड ताव ॥५३१॥,0.2762,0.7188,0.6935,0.7407,0.0014
bhuvanabhanu,55,29,नामेण धम्मबुद्धी एसा परिणामओ महापावा ।,0.2739,0.7467,0.6649,0.7651,0.0015
bhuvanabhanu,55,30,जइ तस्स समीबाओ हविज ''निद्धाडिआ नेव ॥५३२॥,0.2739,0.769,0.7727,0.7892,0.0012
bhuvanabhanu,55,31,अंगीकारे सम्मदंसणधूआण सुद्धि-बुद्धीणं ।,0.2704,0.7956,0.6131,0.8171,0.0017
bhuvanabhanu,55,32,तीए निद्धाडणयं निद्वारिजइ तिलोअम्मि ॥५३३॥,0.2721,0.8179,0.715,0.8394,0.0026
bhuvanabhanu,55,33,१. स्वजनकान्तसंयुक्ता ॥ २. स्वसुताम् ॥ ३. मृगनेत्रा ॥ ४. कुग्राहवधप्रमुखम् ॥ ५. साहाय्यदानार्थम् ॥,0.1544,0.8622,0.8864,0.8828,0.0008
bhuvanabhanu,55,34,६. यज्ञाः ॥ ७. योक्त्र-हल-लोह-लदण-सुरभीनाम् ॥ ८. अपरापरताथागतप्रमुखदर्शनानि-अन्यान्यसौगतप्रमुखदर्शनानी-,0.1061,0.8849,0.8904,0.9068,0.0007
bhuvanabhanu,55,35,स्यर्थः ॥ ९. गृहाधिपतिपुत्रः ॥ १०० निर्धाटिता ॥,0.0979,0.9068,0.451,0.9261,0.0
bhuvanabhanu,55,36,Jain Education International,0.0146,0.9747,0.1841,0.9828,0.0
bhuvanabhanu,55,37,For Private & Personal Use Only,0.4196,0.9747,0.62,0.985,0.0
bhuvanabhanu,55,38,www.jainelibrary.org,0.8584,0.9755,0.9848,0.985,0.0
bhuvanabhanu,56,1,मुवणभाणुकेव लिचरियं,0.1061,0.061,0.3007,0.0829,-0.006
bhuvanabhanu,56,2,तासिं अंगीकार करेइ सयमेव ताव एस जिआओ ।,0.271,0.0962,0.7016,0.1168,0.0
bhuvanabhanu,56,3,पआसिं तु विसेसे विण्णाए सम्मभावेण ॥५३४।।,0.2762,0.1207,0.6952,0.1404,0.0
bhuvanabhanu,56,4,'निम्मल सिद्धंतस्सुइदूईए किर कहिजमाणो उ ।,0.2786,0.1468,0.6946,0.1683,0.0
bhuvanabhanu,56,5,*अवगच्छिज्जइ तासि झत्ति विसेसो असेसो वि ॥५३५॥,0.278,0.1687,0.7686,0.1894,-0.0012
bhuvanabhanu,56,6,तहूईसंगमणं विसुद्धसिद्धंतसन्निहाणम्मि।,0.2733,0.1958,0.634,0.2177,-0.0016
bhuvanabhanu,56,7,"सो सिद्धंतो ""सुहगुरुतडट्ठिओ विलसइ सया वि ॥५३६५",0.2733,0.222,0.7832,0.2443,-0.0011
bhuvanabhanu,56,8,तम्हा आणेमि अहं सुहगुरुरायें इमस्स पासम्मि ।,0.2721,0.2499,0.7086,0.2714,-0.0027
bhuvanabhanu,56,9,चितिजंतं सव्वं हविज्ज 'सुत्थं जओ एॐ ॥५३७॥,0.2733,0.2726,0.7098,0.2933,-0.0013
bhuvanabhanu,56,10,कम्मनिवस्साऽऽकूअं इअ सोउँ मोहभूवई भीओ ।,0.2739,0.2988,0.697,0.3203,-0.0028
bhuvanabhanu,56,11,खुहिओ अ सगसीहो 'कोवगइँदो अ तासगओ ॥५३८॥,0.2721,0.3216,0.7459,0.3431,-0.0025
bhuvanabhanu,56,12,दंभोलिनिद्दलिमिव जायं सच्चे पि मोहरायस्स ।,0.2733,0.3529,0.7267,0.3727,-0.0013
bhuvanabhanu,56,13,"""खणमित्तेण कुटुंबं अमच्चवग्गो तओ मिलिओ ॥५३९॥",0.2768,0.3753,0.7465,0.3959,-0.0012
bhuvanabhanu,56,14,सव्वेहि तेहिं कहिअं जाओ तुह मोह ! एरिसो खोहो ।,0.2727,0.4027,0.7692,0.4234,-0.0012
bhuvanabhanu,56,15,हेलाखो हिअतिहुअणजणस्स वि कहं महंततमो ? ॥५४० ॥,0.2739,0.4246,0.7686,0.447,-0.0024
bhuvanabhanu,56,16,अह दीहं नीससिउं मोहमहीवो कहेइ मंतिवरा ! ।,0.2751,0.4564,0.722,0.4757,-0.0013
bhuvanabhanu,56,17,जह तुब्भे भणह तयं तहेव सव्वं अहो ! हूअं ॥५४१॥,0.2704,0.4783,0.7436,0.5006,-0.0025
bhuvanabhanu,56,18,मह उत्तरणसएण चि खोहिज्जते 'सहस्सनयणाई ।,0.2716,0.5058,0.7226,0.5243,-0.0013
bhuvanabhanu,56,19,न उ को वि अम्हकेरं पराहवितुमित्थ सर्वोइ ॥५४२॥,0.2751,0.5286,0.7453,0.5492,-0.0012
bhuvanabhanu,56,20,परमम्हेहि किजइ किं ? भग्गा घरविरोहओ अम्हे ।,0.2739,0.5556,0.729,0.5758,-0.0013
bhuvanabhanu,56,21,तत्तो तेहि कहिअं किं ''नव्वं वट्टए नाह ! ? ॥५४३॥,0.2716,0.5784,0.7424,0.5985,-0.0012
bhuvanabhanu,56,22,कम्मन रिंदेण समें केण चि चालिजए कया वि कहं ? ।,0.2721,0.6093,0.7523,0.6282,-0.0012
bhuvanabhanu,56,23,एअं ''नव्वं गण्णं सोअच्वं मोहनिवउत्तं ॥५४४॥,0.2727,0.632,0.6929,0.6501,-0.0028
bhuvanabhanu,56,24,जम्हा उ तुम्ह 'नाए संसारिजिअम्मि युद्धसिद्वेतो ।,0.2721,0.6587,0.7273,0.6805,-0.0026
bhuvanabhanu,56,25,आणेउं आरद्धो सुणिजइ सुहगुरुणा सड्ढं ॥५४५॥,0.2727,0.6818,0.7174,0.7037,-0.0039
bhuvanabhanu,56,26,सुद्धागमसत्तू जो अम्हाणं मूलओ विणासगरो ।,0.2733,0.7089,0.6684,0.7304,-0.0044
bhuvanabhanu,56,27,जा 'अम्हवंसकेलीकत्तणकरवालवल्लि व्व ॥५४६॥,0.271,0.7304,0.7063,0.7518,-0.004
bhuvanabhanu,56,28,एसो तं सुइदूई पेसिस्सइ तस्स पायमूलम्मि ।,0.2739,0.7583,0.6772,0.7802,-0.0029
bhuvanabhanu,56,29,**हुकारचायकारीहि भणिअं तेहि सन्देहिं ॥५४७॥,0.278,0.7806,0.7139,0.8042,-0.0053
bhuvanabhanu,56,30,८.,0.5192,0.8643,0.5367,0.8712,0.0
bhuvanabhanu,56,31,१. निर्मलसिद्धान्तश्रुतिदूत्या ॥ २. अवगम्यते ॥ ३० शुभगुरुतटस्थित्त-सद्दूरुसमीपस्थः इत्यर्थः ॥ ४. सुस्थम् ॥,0.1562,0.8283,0.8875,0.851,-0.0008
bhuvanabhanu,56,32,५. आकूतम् ॥ ६. कोपगजेन्द्रः ॥ ७. क्षणमात्रेण ॥ उत्तानशयेन बालेनेत्यर्थः ॥ ९. सहस्रनयनाद‌यः,0.1072,0.854,0.8869,0.8781,-0.0022
bhuvanabhanu,56,33,शक्रादय इत्यर्थः ॥ १०. नव्वम्-नव्यम्-नूतनम् ॥ ११. नूतनं गणनीयम् ।। १२. ज्ञाते ।। १३. अस्न दूँशकदली-,0.1066,0.8832,0.8869,0.9047,-0.0022
bhuvanabhanu,56,34,कर्तनकरवालवल्लिरिव ।। १४. हुंकारत्यागकारिभिः ॥,0.1061,0.9111,0.4493,0.9326,-0.0034
bhuvanabhanu,56,35,Jain Education International,0.0146,0.9747,0.1841,0.9828,0.0
bhuvanabhanu,56,36,For Private & Personal Use Only,0.4196,0.9751,0.62,0.9854,0.0
bhuvanabhanu,56,37,www.jainelibrary.org,0.8584,0.9755,0.9848,0.985,0.0
bhuvanabhanu,57,1,सिरिइंदहंसगणिविरइय,0.6824,0.0635,0.8957,0.082,0.0
bhuvanabhanu,57,2,जइ एर्व ता को वि अ मणम्मि खोहो तए न कायव्वो।,0.2803,0.1039,0.789,0.1245,-0.0011
bhuvanabhanu,57,3,अम्हे तह करिस्सामो आगच्छइ सो गुरू न जहा ॥५४८॥,0.2809,0.1275,0.7861,0.1473,-0.0012
bhuvanabhanu,57,4,'मोहावणिबालो 'तव्व्यणुस्सासिअमणो भणइ एअं ।,0.2861,0.1537,0.7348,0.1748,-0.0013
bhuvanabhanu,57,5,बच्छा ! विहेह एवं पूरेह मणोरहे मज्झ ॥५४९॥,0.2815,0.1769,0.7185,0.1962,-0.0027
bhuvanabhanu,57,6,तस्सिन्नभडाः विअडा तओ गया अप्पठाणमेपहिं ।,0.292,0.204,0.7209,0.2224,-0.0014
bhuvanabhanu,57,7,तकिअमागच्छंतो निसेहिअव्वो गुरू इत्थ ॥५५०।।,0.2809,0.2263,0.711,0.2469,-0.0027
bhuvanabhanu,57,8,* तत्थाऽऽर्गतुअगुरुणो अवसउणा पैसिआ तओ तेहिं,0.2855,0.2529,0.7465,0.2752,-0.0013
bhuvanabhanu,57,9,"""सिम्सजणऽज्झावणयाइव्वावारस्स वक्खेवो ॥५५१।।",0.2838,0.2808,0.7383,0.2997,-0.0013
bhuvanabhanu,57,10,"""पत्थिवविरोहपमुहा पच्चूहा निम्मिआ अणेगविहा ।",0.2861,0.3074,0.7558,0.328,0.0
bhuvanabhanu,57,11,'मग्गंऽतरालदेसे सिरबाहाई य रोगा य ॥५५२॥,0.2855,0.3298,0.6993,0.3495,0.0
bhuvanabhanu,57,12,एएहिं सव्वेहिं 'आईतो सम्गुरू खणा ''खलिओ ।,0.2838,0.3577,0.7337,0.377,0.0
bhuvanabhanu,57,13,संसारवसंतजिआ लहंति दुहओ [जओ] सुगुरुं ।॥५५३॥॥,0.2838,0.3804,0.7628,0.4015,0.0
bhuvanabhanu,57,14,इतश्च-,0.2832,0.4118,0.3543,0.4259,0.0
bhuvanabhanu,57,15,वरुणो कुदिविधू आसुविप्पयारिअमणो कुणइ निचं ।,0.2826,0.4332,0.6946,0.4551,0.0
bhuvanabhanu,57,16,षावाई विविहाई अमुणंतो धम्मकवडेणं ॥५५४॥,0.2832,0.4573,0.7238,0.4779,0.0
bhuvanabhanu,57,17,गसिओ भिसं च अनिसं महावयाए इमो वहंतीए ।,0.285,0.4848,0.743,0.5032,0.0
bhuvanabhanu,57,18,संहरिओ मरणेणं अकालपत्तेण अत्ताणो ॥५५५।।,0.2821,0.5075,0.6923,0.5247,0.0
bhuvanabhanu,57,19,पुणरवि मोहभडेहिं परम्मुहेहिं पर मुहं नीओ ।,0.2832,0.5337,0.6999,0.5547,0.0
bhuvanabhanu,57,20,गिदिआइसु पुणो अणंतकालं इमो धरिओ ॥५५६॥,0.2943,0.5565,0.7337,0.5771,0.0
bhuvanabhanu,57,21,तत्तो पुणरवि माणुसखित्तम्मि विमलपुरम्मि नयरम्मि ।,0.2832,0.5839,0.7646,0.6046,0.0
bhuvanabhanu,57,22,रमणाभिहाणसिट्ठी अत्थि 'सुहाबुद्विसमदिट्टी ॥५५७॥,0.2832,0.6063,0.736,0.6286,0.0
bhuvanabhanu,57,23,पुत्तो सुमित्तनामो तस्स य जाओ जणेसु विक्खाओ ।,0.2838,0.6342,0.7378,0.6548,0.0
bhuvanabhanu,57,24,'जुव्वणपव्वयसिहरं आरुहिओ वाणरु व्व इमो ॥५५८॥,0.2867,0.6574,0.7832,0.6763,0.0
bhuvanabhanu,57,25,अह अन्नय मोहसुहडबल खलणस्सं ऽतराल कालम्मि ।,0.2855,0.684,0.7279,0.7037,0.0013
bhuvanabhanu,57,26,बहुसालिअउज्ज्ञाणे सुगुरू कम्मेण आणीओ ।॥५५९॥,0.2821,0.7072,0.6917,0.7265,0.0
bhuvanabhanu,57,27,नामेणं गुणजलही परिणामेणावि तारिसों चेव ।,0.2826,0.7338,0.6801,0.7514,0.0
bhuvanabhanu,57,28,संजमसिरीइ वरिओ पसमाहरणेण क़यसोहो ॥५६०॥,0.2826,0.7553,0.7494,0.7759,0.0012
bhuvanabhanu,57,29,जो अ तवतेअलच्छीपराजिआइञ्च्चनिश्ञ्चलपयावो ।,0.2826,0.7832,0.7005,0.8038,0.0014
bhuvanabhanu,57,30,निअमुहसंपत्तीप अणुकुणमाणो सयलचंदं ॥५६१॥,0.2838,0.8068,0.7156,0.8278,0.0
bhuvanabhanu,57,31,१. मोहावनिपालः-मोहनृप इत्यर्थः ॥ २. तद्वचनोच्छ्वसितमनाः ॥ ३. विधद्ध्वम् ॥ ४. तत्सैन्यभटाः,0.1632,0.8446,0.8963,0.8669,0.0008
bhuvanabhanu,57,32,विकटाः ॥ ५. तत्रागन्तुकगुरोः ॥ ६. अपशकुनाः ॥ ७. शिष्यजनाध्यापनकादिव्यापारस्य व्याक्षेपः ॥ ८. पार्थि-,0.1096,0.8682,0.8969,0.8879,0.0007
bhuvanabhanu,57,33,वविरोधप्रमुखाः प्रत्यूहाः ॥ ९. मार्गान्तरालदेशे ।। १०. आयन्-आगच्छन् ॥ ११. स्खलितः ॥ १२. अजानन् ॥,0.1113,0.8901,0.8951,0.9111,0.0007
bhuvanabhanu,57,34,१३. सुधावृष्टिरिव समदृष्टिर्यस्य सः ॥ १४. यौवनपर्वतशिखरम् ॥,0.1119,0.9133,0.567,0.9326,0.0
bhuvanabhanu,57,35,Jain Education International,0.0146,0.9747,0.1841,0.9828,0.0
bhuvanabhanu,57,36,For Private & Personal Use Only,0.4196,0.9747,0.62,0.985,0.0
bhuvanabhanu,57,37,www.jainelibrary.org,0.8584,0.9755,0.9848,0.985,0.0
bhuvanabhanu,58,1,भुषणभाणुकेवलिचरियं,0.1218,0.0635,0.3176,0.0829,0.0
bhuvanabhanu,58,2,'निम्मलगुणोहपरिमल फुरंतभव्वं गिभसलकेलि सुमं ।,0.2966,0.1,0.7302,0.1211,0.0
bhuvanabhanu,58,3,जो सीलसुरहिचंदणविलेववासिअसमग्गंगो ॥५६२॥,0.2896,0.1228,0.7366,0.1434,0.0013
bhuvanabhanu,58,4,थिरयरदंमणमूलो जो सुररुक्ख व्व सोहए सुइरं ।,0.2908,0.1498,0.7366,0.1713,0.0013
bhuvanabhanu,58,5,रिउजलणगणसमुच्चयपखूणपब्भारआहारो ॥५६३॥,0.2902,0.173,0.7121,0.1928,0.0014
bhuvanabhanu,58,6,*निट्ठापत्तसुनिम्मलमइसुअनाणंकुरप्पभवभूमी ।,0.2931,0.2001,0.6876,0.2203,0.0
bhuvanabhanu,58,7,जो अयलवयपइन्नो । वसुद्धसिद्धतधारी अ ॥५६४॥,0.2885,0.2224,0.7209,0.2426,0.0
bhuvanabhanu,58,8,*विमलागम सुइरमउक्कंठिअचित्ता य सुगुरुपासम्मि ।,0.2908,0.249,0.7459,0.2714,0.0013
bhuvanabhanu,58,9,नरवइ-अमच्च-सिट्ठिप्पमुहा गच्छंति भत्तीए ॥५६५।।,0.2861,0.2718,0.7273,0.2937,0.0013
bhuvanabhanu,58,10,तत्तो जाव सुमित्तो वि अ तत्थ गभिस्सए कयावि इमो ।,0.2879,0.2984,0.7803,0.3186,0.0012
bhuvanabhanu,58,11,इअ ताव 'तव्वइअरो विण्णाओ मोहनरवइणा ॥५६६॥,0.285,0.3212,0.7517,0.3413,0.0012
bhuvanabhanu,58,12,रे रे ! गिण्हह गिण्हह जंतं तं अन्नहा हया सव्वे ।,0.2838,0.3478,0.7512,0.3671,0.0025
bhuvanabhanu,58,13,इअ साहंतो मोहाहिवो समुट्ठेइ संरंभा ॥५६७॥,0.285,0.371,0.7075,0.3912,0.0014
bhuvanabhanu,58,14,पेसेई मोहनिवई इमं 'निवारेउमुग्गभडसेणिं ।,0.2821,0.398,0.6772,0.4182,0.0
bhuvanabhanu,58,15,ते विक्कंता नेआ परअणइकंतबलवंता ॥५६८।।,0.2797,0.4208,0.6672,0.4414,0.0
bhuvanabhanu,58,16,पगो आलस्सरिऊ जस्स समो तक्करो परो नत्थि ।,0.2838,0.4491,0.708,0.4663,0.0
bhuvanabhanu,58,17,हरिओ अ धम्मलाहो आगच्छंतो जओ जेण ॥५६९॥,0.285,0.4719,0.7348,0.4903,0.0
bhuvanabhanu,58,18,घरसयणाइसिणेहो मोहो किं किण्हमट्टिआपंको ।,0.2826,0.4981,0.7098,0.52,0.0
bhuvanabhanu,58,19,जत्थ 'निमन्नो अप्पं न ''म (णा) गओ कड्रिढउं सक्को ॥५७०॥,0.2809,0.5213,0.8199,0.541,0.0
bhuvanabhanu,58,20,किं पि न मुणंति मुणिणो को वा धम्मो इमेसि समणाणं ? ।,0.2826,0.5483,0.8234,0.5689,0.0
bhuvanabhanu,58,21,साडूण गुणा के वा ? ' 'महावइरिणी इअ अवन्ना ॥५७१॥,0.2768,0.5711,0.7681,0.5908,0.0
bhuvanabhanu,58,22,जाइ-कुलाइअभंदिरअहिव्त्रयामंठिओ वि एस जिओ ।,0.278,0.5977,0.7448,0.6183,0.0
bhuvanabhanu,58,23,पाडिजइ अह जेहि ते अठमया महारिउणो ॥५७२॥,0.2768,0.6213,0.7348,0.6398,0.0
bhuvanabhanu,58,24,काहो जलणु व्व जलंतो पज्जालेइ अप्पमवरं वा ।,0.2739,0.6479,0.6952,0.6672,0.0
bhuvanabhanu,58,25,पीइ घरं च दहिज्जइ जेणं हाणिगरपढमेण ॥५७३॥,0.2756,0.6702,0.7197,0.69,0.0
bhuvanabhanu,58,26,'पंचप्पयारवयणो पमायपंचाणणो बली जेणं ।,0.2797,0.6986,0.6742,0.7153,0.0
bhuvanabhanu,58,27,१३ जीअगए छिन्नम्मि अ पडंति धम्मगुणमुत्ताओ ॥५७४॥,0.2797,0.7205,0.7756,0.7415,0.0
bhuvanabhanu,58,28,संते धणम्मि दाणं न दिज्जए खजए व पिजइ वा,0.2739,0.7484,0.7203,0.7673,0.0
bhuvanabhanu,58,29,रक्खावालसमेणं किविणत्तेणं सया जीओ ॥५७५८॥,0.2762,0.7707,0.6801,0.7896,-0.0014
bhuvanabhanu,58,30,१,0.4971,0.5247,0.5058,0.5303,0.0
bhuvanabhanu,58,31,"१. निर्मलगुणौघपरिमलस्फुर‌द्भव्याङ्गिभ्रमर केलिसुमम्, सुमं-पुष्पम् ॥ २. निष्ठाप्राप्तसु निर्मलमतिश्रुतज्ञानापुर-",0.1538,0.8192,0.884,0.8416,-0.0008
bhuvanabhanu,58,32,प्रभवभूमिः ॥ ३. विमला गमश्रुतिरसोत्कष्टितचित्ताः ॥ ४. तद्वयतिकरः ॥ ५. यान्तम् गच्छन्तम् ॥ ६. कथयन् ॥,0.1031,0.8459,0.8846,0.869,-0.0015
bhuvanabhanu,58,33,७. निवारयितुम् ॥ ८. कृष्णमृत्तिकापङ्कः ।। ९. निमग्नः ॥ १०. मनार् अल्पांशेनापि ।। ११. महावैरिणी इति,0.1031,0.8725,0.8875,0.8948,-0.0015
bhuvanabhanu,58,34,अवज्ञा ।। १२. मद्य-विषय-कषाय-निद्रा-विकथेति पञ्चप्रकारवदनः ।। १३. जीवगजे ।।,0.1008,0.9021,0.6946,0.9219,-0.0029
bhuvanabhanu,58,35,४१,0.88,0.0691,0.9103,0.0842,0.0
bhuvanabhanu,58,36,Jain Education International,0.0146,0.9747,0.1841,0.9828,0.0
bhuvanabhanu,58,37,For Private & Personal Use Only,0.4196,0.9751,0.62,0.9854,0.0
bhuvanabhanu,58,38,www.jainelibrary.org,0.8584,0.9755,0.9848,0.985,0.0
bhuvanabhanu,59,1,सिरिइंदहंसगणिविरइयं,0.6812,0.052,0.8893,0.0717,0.0
bhuvanabhanu,59,2,सत्तपुढवीपमुहदु हसवणभएणं विपक्खरूवेणं ।,0.2774,0.0867,0.6573,0.1082,0.0
bhuvanabhanu,59,3,धम्मट्ठाणगमणपरिहारो कारिजइ जिएण ॥५७६॥,0.2756,0.1099,0.7104,0.1301,0.0
bhuvanabhanu,59,4,पिअ-पुत्त-मित्त-मायाविओगसोगो महंतरोगु व्व,0.2762,0.137,0.6742,0.1576,0.0
bhuvanabhanu,59,5,पीलेइ तह मणं जह जिअस्स धम्मम्मि का चिता ? ॥५७७॥,0.2745,0.1602,0.8013,0.179,0.0
bhuvanabhanu,59,6,अन्नाणमंकुरो इव 'कुदिद्विवयणोअगेण अइसित्तं ।,0.2774,0.1868,0.7028,0.2078,0.0
bhuvanabhanu,59,7,जिअमणसरिआतीरे पवड्ढए मूलबंधेणं ॥५७८।।,0.2791,0.2095,0.6929,0.2297,0.0
bhuvanabhanu,59,8,गेहा-ऽऽवण-किसि-पत्थिवसेवाविसओ अहि व्व वक्खेवो ।,0.2745,0.237,0.7832,0.2555,0.0
bhuvanabhanu,59,9,जं गसइ आसिलेसइ पाववितं तं सथा पुरिसं ॥५७९॥,0.2739,0.2598,0.7587,0.2812,0.0
bhuvanabhanu,59,10,भवनाडयमप्पगयं अणुहवमाणो [वि] सव्वया जीवो ।,0.2739,0.2928,0.7453,0.3134,0.0
bhuvanabhanu,59,11,नडनट्टाइविणोए रंजिज्जइ जं इमो अम्मो ! (अव्वो १) ॥५८०।।,0.2751,0.3147,0.7995,0.3358,0.0
bhuvanabhanu,59,12,बाल-तरुणाइकीलाउ साइणीउ व्व जस्स पासम्मि ।,0.2745,0.3426,0.7028,0.3628,0.0
bhuvanabhanu,59,13,वट्टति सो परवसो न जाणइ सुहं व असुहं वा ॥५८१॥,0.2745,0.3658,0.7605,0.3864,0.0
bhuvanabhanu,59,14,एपहिं तेरससंखेहिं वीरेहि सत्तवंत्तेहिं ।,0.2756,0.3937,0.6195,0.4126,0.0
bhuvanabhanu,59,15,आगंतूण सुमित्तो धरिओ काउ गलग्गाहं ॥५८२॥,0.2756,0.4165,0.6911,0.438,-0.0028
bhuvanabhanu,59,16,तुमप सुगुरुसमीवे गंतव्त्रं नेव एगवारं पि ।,0.2768,0.4483,0.6661,0.471,-0.003
bhuvanabhanu,59,17,इअ आणापडिवत्तीप मुक्को तेहि वि सुमित्तो ॥५८३।।,0.2791,0.4706,0.7296,0.4933,-0.0026
bhuvanabhanu,59,18,अन्नदिणे गुरुराओ विहरइ अन्नत्थ 'पुण्णलाहकरो ।,0.2751,0.4994,0.7249,0.5208,-0.0013
bhuvanabhanu,59,19,सो वि कया वि सुमित्तो 'पेअवइघरातिही जाओ ॥५८४।।,0.2762,0.5208,0.7762,0.5419,-0.0023
bhuvanabhanu,59,20,तत्तो तेहिं रुद्धो धिद्धी ! सुविरुद्धमाणसेहिं च ।,0.2774,0.5487,0.6958,0.5698,-0.0014
bhuvanabhanu,59,21,एगिदिजाइठाणे अणंतकालं दुहनिहाणे ॥५८५॥,0.2786,0.5715,0.6754,0.5942,-0.0029
bhuvanabhanu,59,22,पुणरवि कम्मनिवेणं आणीओ माणुसेगजम्मम्मि ।,0.2768,0.5985,0.704,0.6217,-0.0041
bhuvanabhanu,59,23,एसो कहमवि सग्गुरुसमागमो तत्थ संजाओ ।॥५८६॥,0.2791,0.623,0.7319,0.6432,-0.0026
bhuvanabhanu,59,24,* अल सत्तणाइपडिहयमणस्स जस्स य तहेव सुइजोगो ।,0.2809,0.6449,0.7558,0.6664,-0.0025
bhuvanabhanu,59,25,मिलिओ न कया वि सुहापाणं तिसिअस्स नेव जहा ॥५८७।।,0.2791,0.6677,0.8263,0.6896,-0.0011
bhuvanabhanu,59,26,तत्थ वि मओ अ नीओ कुदिद्विधूआहि कालयमणंतं ।,0.2791,0.6999,0.7284,0.7209,-0.0026
bhuvanabhanu,59,27,एगिंदिआइसु इमो इअ ताव अणंतबारा जा ॥५८८॥,0.2786,0.7226,0.7284,0.7441,-0.0039
bhuvanabhanu,59,28,अन्नय कयाइ जणिओ अवंतिआनामिआइ नयरीइ ।,0.2751,0.7497,0.7104,0.7703,-0.0027
bhuvanabhanu,59,29,कम्मेण गंगदत्तगिहत्थघरे सिंधुदत्तसुओ ॥५८९॥,0.2762,0.7737,0.6463,0.7939,-0.0016
bhuvanabhanu,59,30,पत्तो जो जोव्वणभरकेलिहरे जाव आगया ताव ।,0.2786,0.8003,0.7168,0.8205,-0.004
bhuvanabhanu,59,31,सुगुरू गुणमणिरोहणगिरी 'पहाणागमा झत्ति ॥५९०॥,0.2768,0.8222,0.7488,0.8454,-0.0074
bhuvanabhanu,59,32,१. कुरुष्टिवचनोदकेन ॥ २. व्याक्षेपः ॥ ३० पुण्यलाभकरः ॥ ४. प्रेत्तपतिगृहातिथिः- यमगृहातिथिरित्यर्थः ।।,0.155,0.869,0.8869,0.8927,-0.004
bhuvanabhanu,59,33,"५. मलसत्वादिप्रतिहतमनसः, अलसत्वम्-आलस्यम् ॥ ६. प्रधानागमाः- आगमविशारदा इत्यर्थः ॥",0.1049,0.897,0.7657,0.9201,-0.0035
bhuvanabhanu,59,34,Jain Education International,0.0146,0.9751,0.1841,0.9828,0.0
bhuvanabhanu,59,35,For Private & Personal Use Only,0.4196,0.9751,0.62,0.9845,0.0
bhuvanabhanu,59,36,www.jainelibrary.org,0.8584,0.9755,0.9848,0.985,0.0
bhuvanabhanu,60,1,भुषणभाणुकेवलिचरियं,0.0909,0.0635,0.2855,0.0854,-0.003
bhuvanabhanu,60,2,तेरसरिउणो धिक्करिऊण बलेणं च कम्मनरना हो ।,0.2587,0.1005,0.6923,0.1189,0.0
bhuvanabhanu,60,3,आणेइ सुगुरुपासे तं कुमरं गंगदत्तसुअं ॥५९१॥,0.2593,0.1241,0.6533,0.1438,0.0
bhuvanabhanu,60,4,इअ नाउं मोहनिवो महंतचिंतासमुद्दमज्झगओ ।,0.2599,0.1503,0.669,0.1709,0.0
bhuvanabhanu,60,5,कि किज्जइ ? अज्ज पुणो जंपइ भो मंतिसामंता ! ॥५९२॥,0.2587,0.1735,0.7669,0.1932,0.0
bhuvanabhanu,60,6,'भत्थाएं जे बाणा ते मुत्ता संति जं तओ अ कहं ।,0.2657,0.2005,0.7121,0.2203,0.0
bhuvanabhanu,60,7,पअस्स सत्तुणो किर भविस्सइ निवारण अब्वो ? ! ॥५९३॥,0.2599,0.222,0.7809,0.2439,0.0
bhuvanabhanu,60,8,सुइसंगमो अ लग्गो इमस्स तत्तो अ वयइ सामंतो ।,0.2582,0.2512,0.7063,0.2692,0.0
bhuvanabhanu,60,9,नाणावरणसुनामो कयप्पणामो बलुद्दामो ॥५९४॥,0.2558,0.2735,0.6503,0.2945,0.0
bhuvanabhanu,60,10,देवेण आदिसिज्जउ इअ मा जेणऽत्थि सामिसिन्नमिणं ।,0.2576,0.2997,0.7547,0.3182,0.0
bhuvanabhanu,60,11,बहुअं नाऽऽकरिसिजइ अज वि भरिआउ सायरो ॥५९५॥,0.2587,0.322,0.7972,0.3426,0.0
bhuvanabhanu,60,12,तमिआणि मह धूआइ सुन्नय.ए इहऽत्थि पत्थावो ।,0.2558,0.3491,0.7051,0.3693,0.0013
bhuvanabhanu,60,13,सुइसंगमो वि विहलो हविज्ञ तस्सन्निहाणम्मि ॥५९६॥,0.2564,0.3723,0.7477,0.3924,0.0
bhuvanabhanu,60,14,तम्हा पेसिज्जउ सा मोहनिवेणं तहेव ताव कयं ।,0.2564,0.3989,0.6731,0.4169,0.0
bhuvanabhanu,60,15,सा तत्थ तक्खणेणं गया समुब्भूअससरुवा ॥५९७॥,0.2523,0.4229,0.6906,0.4431,0.0
bhuvanabhanu,60,16,गुरुरायसन्निष्हाणे जाओ कुमरस्स जस्स 'सुइलाहो ।,0.257,0.4495,0.7179,0.4697,0.0
bhuvanabhanu,60,17,तीए मिच्छादंसणदोसा कहिआ सुई तहा ॥१९८॥,0.2547,0.4719,0.6731,0.4921,0.0
bhuvanabhanu,60,18,तोइ कुदिहिसुआए दोसा 'सम्मत्तअत्तयाइ गुणा ।,0.2552,0.4981,0.6562,0.5191,0.0015
bhuvanabhanu,60,19,भणिआ य 'मोहमम्मुग्धाडो 'तस्सिन्नविणिवेसो ॥५९९।।,0.2564,0.52,0.7523,0.5419,0.0024
bhuvanabhanu,60,20,चारित्तधम्मतत्तं तस्सिन्नुब्भवसुहं तहा कहिअं ।,0.2541,0.5483,0.6457,0.5689,0.0015
bhuvanabhanu,60,21,गुरुरायभासिअऽत्थो विण्णाओ जेण नेष परं ॥ ६००।।,0.2547,0.5715,0.7121,0.5921,0.0013
bhuvanabhanu,60,22,जम्हा उ सुन्नयाए अहिडिओ पुव्वमेव अच्चंतं ।,0.2523,0.5985,0.6562,0.6196,0.0
bhuvanabhanu,60,23,'को हं ? का एसा ? कि कहणं ?' इञ्चवि न विष्णायं ॥६०११॥,0.2552,0.6209,0.8054,0.6423,0.0011
bhuvanabhanu,60,24,परिसाइ उट्ठिआए केण वि 'पिच्छा कया य पुरिसेण ।,0.2547,0.6475,0.7529,0.6707,0.0023
bhuvanabhanu,60,25,तुमए सुंअं किमिह भो ! ? न किं पि जाणामि इथ वुत्तं ॥ ६०२॥,0.2529,0.6707,0.8287,0.693,0.001
bhuvanabhanu,60,26,अन्नदिणेसु वि 'मित्ताईणुवरोहेण सुगुरुपासम्मि ।,0.2494,0.6982,0.6941,0.7196,0.0013
bhuvanabhanu,60,27,स गओ जाओ सुइसंगमो परं सुन्नयाइ हओ ॥६०३॥,0.2506,0.7218,0.7179,0.7415,0.0
bhuvanabhanu,60,28,जह चालणीइ ३६गं न चिट्ठए बिंदुमित्तमवि 'जाओ,0.2512,0.7488,0.7185,0.769,0.0
bhuvanabhanu,60,29,तह तत्थ टिअं रुगुरूवएसवयणं न किंचि अहो ! ॥ ६०४॥,0.2523,0.7711,0.7535,0.7918,0.0
bhuvanabhanu,60,30,अह अन्नत्थ गया सुहगुरु-सुद्धतमागमा तओ जस्स ।,0.2506,0.8008,0.708,0.8188,0.0
bhuvanabhanu,60,31,पासे समागयाओ कुदिद्री अ कुधम्मबुद्धी अ ॥ ६०५॥,0.2494,0.8214,0.6684,0.8403,0.0
bhuvanabhanu,60,32,मोह-,0.8287,0.8596,0.8671,0.8798,0.0
bhuvanabhanu,60,33,१. भख्खायाम् ॥ २. शून्यतायाः ॥ ३० श्रुतिलाभः ॥ ४. सम्यक्त्वात्मजायाः सम्थग्दर्शनदुहितुः,0.1323,0.8596,0.7914,0.8802,0.0
bhuvanabhanu,60,34,मर्मादु‌द्घोष्टः ६. तत्सैन्यविनिवेशः तत्सैन्यविलसितानीत्यर्थः ॥ ७. पृच्छा ॥ ८. मित्रादीनामुपरोधेम ॥ ९. बस्याः,0.0828,0.8854,0.8654,0.9068,0.0
bhuvanabhanu,60,35,शुन्यतायाः ॥,0.0822,0.9184,0.1684,0.9304,0.0
bhuvanabhanu,60,36,Jain Education International,0.0146,0.9747,0.1841,0.9828,0.0
bhuvanabhanu,60,37,For Private & Personal Use Only,0.4196,0.9747,0.62,0.985,0.0
bhuvanabhanu,60,38,www.jainelibrary.org,0.8584,0.9755,0.9848,0.985,0.0
bhuvanabhanu,61,1,४४,0.1049,0.058,0.1364,0.0721,0.0
bhuvanabhanu,61,2,सिरिइंदहंसगणिविरइयं,0.6841,0.0524,0.891,0.0726,0.0
bhuvanabhanu,61,3,ताहिं नीओ जो 'भागवयाइअसत्थसन्निहाणम्मि ।,0.2791,0.091,0.7139,0.1103,0.0
bhuvanabhanu,61,4,जस्स य तया समीवं 'चएइ सा सुन्नया सिग्धं ॥ ६०६॥,0.2803,0.1129,0.7657,0.1331,-0.0012
bhuvanabhanu,61,5,भागवयाइवयणमवगच्छइ सव्वं जहाकहिअमेसो ।,0.2774,0.1404,0.708,0.1597,-0.0014
bhuvanabhanu,61,6,तब्भासिअं च काउ मृग्तिमं पावमज्जेइ ॥ ६०७।।,0.2786,0.1623,0.6958,0.1821,-0.0014
bhuvanabhanu,61,7,पुणरवि निवट्टिओ जो धरिओ पगिंदिआइठाणेसु ।,0.2803,0.1894,0.7308,0.2108,0.0
bhuvanabhanu,61,8,जाव अणंतं कालं तेहिं वइरं वहंतेहिं ॥६०८॥,0.2768,0.2121,0.6719,0.2314,0.0
bhuvanabhanu,61,9,अह कग्मनरिंदेणं विचितिअं अन्नया इंअ अहो ! जो ।,0.2751,0.2396,0.7424,0.2581,0.0
bhuvanabhanu,61,10,चारित्तधम्मसेणापवेसमजावि न ल्हेइ ॥६०९।।,0.2756,0.2623,0.6585,0.2817,0.0
bhuvanabhanu,61,11,जम्हा बलवंता मज्झ बंधवा अह तहा मुणामि अहं ।,0.2762,0.2894,0.7418,0.3091,0.0
bhuvanabhanu,61,12,तेसि जहा अबल्या हवेइ सव्वेसिमचिरेण ॥६६०॥,0.2762,0.3117,0.7191,0.3306,0.0
bhuvanabhanu,61,13,परमेवं किज्जते तेसि सरीरमवचयमुवेइ धुवं ।,0.2751,0.3392,0.6929,0.3602,0.0
bhuvanabhanu,61,14,जइ (ह) अम्ह सरीराओ न संति भिन्ना कयावि इमे ॥६१६।।,0.2733,0.3607,0.8263,0.3817,-0.0011
bhuvanabhanu,61,15,तेसि सरीरविणासे परमद्वेणं खओ उ मज्झेव ।,0.2756,0.3886,0.7028,0.4083,-0.0014
bhuvanabhanu,61,16,संपज्जइ तेण अहं कट्टमहो ! किं करेमि ? अहो ! ॥६१२॥,0.2756,0.4109,0.7739,0.4315,-0.0023
bhuvanabhanu,61,17,जइ वा पाल्ताणं पडिवन्नं जं हवेइ तं होउ ।,0.2756,0.4384,0.6777,0.4581,-0.0014
bhuvanabhanu,61,18,जम्हा सत्थे एवं सुणिजए लोअमज्झम्मि ॥६१३॥,0.2756,0.4603,0.7028,0.4818,-0.0014
bhuvanabhanu,61,19,चंदो कलंकमप्पगमुदही अगिंग विसं सिवो वा वि ।,0.2751,0.4882,0.7413,0.5084,-0.0012
bhuvanabhanu,61,20,न कयाइ चण्इ जहा तहा महंता सपडिवन्नं ॥६१४॥,0.2756,0.5105,0.7389,0.5303,-0.0013
bhuvanabhanu,61,21,*उवगारकारिणो जे नरा न ते अप्पणो गणंति खयं ।,0.2751,0.538,0.743,0.556,0.0
bhuvanabhanu,61,22,*दीवदसाउ पगासं जओ जणंति तणुदाहेणं ॥६१५॥,0.2774,0.5599,0.7238,0.5805,-0.0013
bhuvanabhanu,61,23,चारित्तधम्मपमुहा जइ वि परमसत्तुणो इमे अम्हं ।,0.2721,0.5869,0.6888,0.6088,-0.0028
bhuvanabhanu,61,24,'सविणासगरा इअ कि इमेसिमुवगारकरणेणं ? ॥६१६॥,0.2774,0.6101,0.7552,0.632,-0.0024
bhuvanabhanu,61,25,इज्ञ्चवि न चितिअव्वं जम्हा गयमच्छरोवगारिसु जं ।,0.2751,0.6372,0.7343,0.6587,-0.0013
bhuvanabhanu,61,26,सदओ ता किं परमवराहिसु सुहिओ जइ स संतो ॥ ६१७॥,0.2721,0.6604,0.7879,0.6805,-0.0011
bhuvanabhanu,61,27,लच्छी हरिआ जेणं विमद्दिओ अद्दिणोदही हरिणा ।,0.271,0.687,0.7267,0.7076,-0.0013
bhuvanabhanu,61,28,सो तस्स देइ ठाणं न मच्छरो जेण धीराणं ॥६१८॥,0.2716,0.7097,0.7267,0.7304,-0.0013
bhuvanabhanu,61,29,जइ वा मह सुहपक्खस्स पोसणं ते कुणंति रिउणो वि ।,0.2692,0.7364,0.7692,0.7583,-0.0023
bhuvanabhanu,61,30,निच्चं 'सवित्थरं अम्ह सरूवं ते श्चिअ मुणंति ॥६१९॥,0.2704,0.7596,0.7488,0.781,-0.0024
bhuvanabhanu,61,31,तत्तो श्चिअ मं सम्मं लोप 'पक्खाषणं इमे निति ।,0.2686,0.7875,0.722,0.8068,-0.0013
bhuvanabhanu,61,32,जाणावंति पसिद्धि भुवणतिअयम्मि मज्झ पुणो ॥ ६२०॥,0.2657,0.8094,0.7506,0.8317,-0.0012
bhuvanabhanu,61,33,१. भागवतादिकशास्त्रसन्निधाने ॥ २. त्यजति ॥ ३. परमार्थेन ॥ ४. उपकृतिराभसिकतया क्षितिमपि गण-,0.148,0.848,0.8846,0.8686,-0.0008
bhuvanabhanu,61,34,बन्ति नात्मनो गुणिनः । जनयन्ति हि प्रकाशं दीपदशाः स्वाङ्गदाहेन ॥१॥ भ. भा. पृ. ३०२ ॥ ५. दीपदशाः ॥,0.0962,0.8768,0.8805,0.8961,0.0
bhuvanabhanu,61,35,३. स्वविनाशकरा ॥ ७. सविस्तरम् ॥ ८. माम् ॥ ९. प्रख्यापनं प्रसिद्धिम् ॥,0.0985,0.9043,0.6358,0.9231,0.0
bhuvanabhanu,61,36,Jain Education International,0.0146,0.9747,0.1841,0.9828,0.0
bhuvanabhanu,61,37,For Private & Personal Use Only,0.4196,0.9751,0.62,0.9854,0.0
bhuvanabhanu,61,38,www.jainelibrary.org,0.8584,0.9755,0.9848,0.985,0.0
bhuvanabhanu,62,1,भुषणभाणुकेलिचरियं,0.1061,0.0623,0.2984,0.0833,0.0
bhuvanabhanu,62,2,कहमन्नहा य नामं पि मज्झ होइ ? कहमित्थ आणा वा ? ।,0.2692,0.0979,0.7943,0.1181,0.0
bhuvanabhanu,62,3,तं किं न सहते जं पसिद्धिअहिलासिणा पुरिसा ? ॥६२१॥,0.2698,0.1211,0.789,0.1417,0.0
bhuvanabhanu,62,4,'खेइज्जंतो वि समी चपइ न खमंधयारनिअरेण ।,0.2739,0.1481,0.7273,0.1683,0.0
bhuvanabhanu,62,5,कुत्थेरिसी पसिद्धी अन्नत्थ जओ वसंताणं ? ॥६२२॥,0.2716,0.1705,0.7244,0.1906,0.0
bhuvanabhanu,62,6,इच्चाइ चिंतिऊणं नयर विजयवद्वणम्मि कम्मेण ।,0.271,0.1975,0.6364,0.2168,0.0
bhuvanabhanu,62,7,नामेण सुलसधणिणो पुत्तो उप्पाइओ स जिओ ॥६२३॥,0.2692,0.2194,0.7407,0.2413,0.0012
bhuvanabhanu,62,8,निअघरनंदण जम्माणंदभरापूरिएण सुळसेण ।,0.2716,0.2469,0.6416,0.2662,0.0
bhuvanabhanu,62,9,नंदणनामं ठविअं सुअस्स कयसयणसम्माणं ॥६२४॥,0.2663,0.2692,0.7034,0.2903,-0.0013
bhuvanabhanu,62,10,तत्तो कम्मनिवेणं समप्पिओ पासवट्टिणा समए ।,0.2675,0.2963,0.6882,0.316,0.0
bhuvanabhanu,62,11,पच्छन्नमेव अस्स उ जहापवित्तकरणुग्गअसी ॥६२५॥,0.2681,0.3186,0.6894,0.3383,0.0
bhuvanabhanu,62,12,सवणे 'साविअमेअं जिअन्स कम्माभिहेण भूवेण ।,0.2657,0.3456,0.6981,0.3654,0.0
bhuvanabhanu,62,13,तिक्रखेणं खग्गेणं इमेण छेओ इअ विहेओ ॥६२६॥,0.2657,0.3693,0.7005,0.3877,0.0
bhuvanabhanu,62,14,मोहस्स अप्परिउणो सत्तरितममेगभागमूणयरं ।,0.2628,0.3959,0.6638,0.4156,0.0
bhuvanabhanu,62,15,मोतुं सेसा छिजा एगूणसत्तरितणुभाया ॥६२७।।,0.2646,0.4182,0.6777,0.4388,0.0
bhuvanabhanu,62,16,तह नाण-दंसणावरण-वेअ-विग्घाण तीसतममंसं ।,0.2646,0.4448,0.6818,0.4633,-0.0014
bhuvanabhanu,62,17,ऊणं चइउं भिजा एगुणतीसंगअहिअंसा ॥६२८॥,0.2622,0.4676,0.6737,0.4878,-0.0014
bhuvanabhanu,62,18,बीसतममंसमूणं रिऊण दुण्हें पि नाम-गुत्ताणं ।,0.2622,0.4946,0.6812,0.5161,0.0
bhuvanabhanu,62,19,चइऊण खंडिअव्वा एगुणवीसंगअहिअंसा ॥६२९॥,0.2628,0.5165,0.6847,0.5371,-0.0014
bhuvanabhanu,62,20,तेहिं इअ छिन्नेहिं तम्सिन्नं खंडिंअं भविस्सइ ता ।,0.2611,0.544,0.7156,0.5642,0.0
bhuvanabhanu,62,21,"तत्तो ""अणाउलत्तं खणं पि तुह भावि जीव ! अहो ! ॥ ६३०॥",0.2617,0.5663,0.7925,0.5878,0.0011
bhuvanabhanu,62,22,सन्त्रसुहभर निबंधणसम्मदंसणसुमंतिगेहस्स ।,0.2611,0.5938,0.6469,0.6153,-0.0015
bhuvanabhanu,62,23,बारं अदिदुपुष्वं दंसिस्मसि अह तुमं जीव ! ॥६३१॥,0.2593,0.6161,0.7261,0.638,0.0
bhuvanabhanu,62,24,तं पुण रागद्दोससुघणमं ठिकवाड पिहिअमञ्च्चंतं ।,0.2593,0.6423,0.6597,0.6642,-0.0029
bhuvanabhanu,62,25,तस्सुग्बाडणविसप तुज्झ उवायं कहिस्सामि ॥६३२॥,0.2611,0.6664,0.7139,0.6874,0.0
bhuvanabhanu,62,26,जं तु मए तुह उवइट्ठभिआणि तं च कुणसु जीअ ! तुमं ।,0.2587,0.6887,0.7832,0.7106,0.0
bhuvanabhanu,62,27,तेणं जीएणं तं (तं) तहेव सव्वं कयं ताव ॥६३३।।,0.2593,0.7162,0.6958,0.7364,0.0
bhuvanabhanu,62,28,अह तप्पुरवट्टिसहस्संबवणुज्जाणयम्मि कम्मनिवो ।,0.2587,0.7432,0.6626,0.7638,0.0
bhuvanabhanu,62,29,आणेइ सुगुरुरायं सिद्धंतममलवयणसोहं ॥६३॥,0.2593,0.7651,0.676,0.7866,-0.0014
bhuvanabhanu,62,30,तग्गुरुपासम्मि गओ अ नंदणो सिट्रिट्ठनंदणो एसो,0.2582,0.7926,0.6876,0.8141,0.0
bhuvanabhanu,62,31,तस्स य कम्मनिवेणं सहाइणी दक्खया दिन्ना ॥६३५॥,0.2587,0.8158,0.708,0.8356,0.0
bhuvanabhanu,62,32,"१. खेद्यमानः-खण्डयमानः इत्यर्थः । देहेऽपि जनितदाहं, सिन्धुर्वडवानलं शशी शशकम् । न त्यजति कलङ्ककरें,",0.1393,0.8536,0.87,0.8738,0.0
bhuvanabhanu,62,33,प्रतिपन्नपरा हि सत्पुरुषाः ॥१॥ भ. भा. पृ. ३-२ ॥ २. खं गगनम् ॥ ३. यथाप्रवृत्त करणोप्रसिः ॥ ४. श्रावितं,0.0897,0.8824,0.8724,0.9017,0.0
bhuvanabhanu,62,34,निवेदितमित्यर्थः ॥ ५. अनाकुलत्वम् ॥ ६० उपदिष्टम् ॥,0.0868,0.9094,0.4703,0.9283,0.0
bhuvanabhanu,62,35,Jain Education International,0.0146,0.9747,0.1841,0.9828,0.0
bhuvanabhanu,62,36,For Private & Personal Use Only,0.4196,0.9747,0.62,0.985,0.0
bhuvanabhanu,62,37,www.jainelibrary.org,0.8584,0.9755,0.9848,0.985,0.0
bhuvanabhanu,63,1,सिरिइंदहंसग्रणिविरइय,0.6935,0.052,0.898,0.0721,0.0
bhuvanabhanu,63,2,तीप भएण सा सुन्नया पणट्टा इओ अ मोहनिवो ।,0.2855,0.0889,0.7121,0.1099,0.0
bhuvanabhanu,63,3,मुच्छइ रोअंति तहा न णावरणाइसामंता ॥६३६॥,0.2855,0.1125,0.6742,0.1322,0.0
bhuvanabhanu,63,4,विरुवति नाम-गुत्ताणि रात्र सीहपमुहं सयलसिंन्नं ।,0.2855,0.1387,0.6795,0.1597,0.0
bhuvanabhanu,63,5,'जायमईव ससोगं अक्कंदर तह य उच्चसरं ॥ ६३७॥,0.2902,0.1619,0.7261,0.1812,0.0
bhuvanabhanu,63,6,तत्तो मिच्छादंसणमंती अवलंबिऊण धिटुत्तं ।,0.2855,0.1881,0.6422,0.2091,0.0
bhuvanabhanu,63,7,उहंतो अवलोअइ सिन्नं सव्वं पि तयवत्थं ॥६३८।।,0.2838,0.2108,0.7279,0.2306,0.0
bhuvanabhanu,63,8,अह अमरिसभरिओ सो 'आपायसिरं सुदुद्ठचुण्णभरं ।,0.2821,0.2387,0.7768,0.2598,0.0
bhuvanabhanu,63,9,*अस्सद्धाणाभिहमादाऊणं सत्तरं चलिओ ॥६३९॥,0.2861,0.2611,0.683,0.2808,0.0
bhuvanabhanu,63,10,नंदणपासे पत्तो मंती सग्गुरु-सयागमेहिं च ।,0.2821,0.292,0.6608,0.3122,0.0
bhuvanabhanu,63,11,सुद्ध सुइमुहेण कहिज्जइ मोहन्नरून यं जस्स ॥६४०॥,0.2821,0.3156,0.704,0.3358,0.0
bhuvanabhanu,63,12,मिच्छादंसणपमुहं मृणाविअं तेहि जस्स तदोसा ।,0.2797,0.3426,0.6807,0.3628,0.0
bhuvanabhanu,63,13,चारित्तधम्म-सम्मदंसणमुहगुणविआरो वि ॥६४१॥,0.2797,0.3641,0.6585,0.3856,0.0
bhuvanabhanu,63,14,धम्मामिअतरुणो सुरलोआ मुक्खो फलाणि अ हवंति ।,0.2809,0.3912,0.7547,0.4131,-0.0012
bhuvanabhanu,63,15,कडुपावपायवस्स उ फलाणि नरगाइणो भणिआ ॥६४॥,0.2803,0.4135,0.7727,0.4345,-0.0012
bhuvanabhanu,63,16,एमो सन्चो अत्थो विन्नाओ दक्खयापहावेण ।,0.2803,0.4465,0.6649,0.4646,0.0
bhuvanabhanu,63,17,जेणं च नंदणेणं सग्गुरु-सुद्धागमक्खाओ ॥६४३॥,0.2762,0.4702,0.6375,0.4895,0.0
bhuvanabhanu,63,18,इत्थंतरम्मि मिच्छादंसणमंतीसरेण दिन्नमिणं ।,0.2797,0.4955,0.6608,0.5148,-0.0015
bhuvanabhanu,63,19,विअडं कडुअं चुण्णं अस्सद्धाणाभिहं जस्स ॥६४४॥,0.2797,0.5191,0.6946,0.5397,0.0
bhuvanabhanu,63,20,तब्भाविपण जेणं चितिज्जइ कुत्थ अत्थि सो मोहो ? ।,0.2786,0.5496,0.7378,0.5706,-0.0013
bhuvanabhanu,63,21,के ते मिच्छादंसणपमुहा ? किर केण दिट्ठा वा ? ॥६४५॥,0.2774,0.5732,0.7442,0.5938,0.0
bhuvanabhanu,63,22,कुत्थ य संजमधम्मो ? ते सम्मत्ताइणो वि न समक्खा ।,0.2797,0.6003,0.7284,0.6204,0.0
bhuvanabhanu,63,23,न य धम्मो पात्रं को समागओ सग्ग-नरगेहिं ? ॥६४६॥,0.278,0.6217,0.7686,0.641,-0.0012
bhuvanabhanu,63,24,इअ गुरुवयणविलासों महंतसाहसधरा त्ति चितंतो ।,0.2774,0.6539,0.7314,0.6758,-0.0013
bhuvanabhanu,63,25,पार्साद्धअपुरिसाणं कहेइ सणिअं किमेअं ? जो ॥६४७॥,0.2745,0.6767,0.7471,0.6986,-0.0012
bhuvanabhanu,63,26,उवहसइ तओ जो हत्थतालि आपाडणेण अह रुट्ठो ।,0.278,0.7037,0.7203,0.7243,-0.0013
bhuvanabhanu,63,27,कम्मनरिंदो जस्स य तुझ्टा मोहाइणो सव्वे ॥६४८॥,0.278,0.7274,0.7185,0.7484,-0.0013
bhuvanabhanu,63,28,पुणरवि पुट्ठा पडिपुन्नसरीरा ते खणेण संजाया ।,0.2768,0.7587,0.7249,0.7802,0.0
bhuvanabhanu,63,29,वालंति जं सरोसा *सम्मत्तामञ्चघरबारा ।।६४९।।,0.2762,0.7815,0.6737,0.8008,-0.0015
bhuvanabhanu,63,30,जो कारिओ इमेहिं पायसहस्साणि मोहपमुहेहिं ।,0.2751,0.8076,0.6976,0.8287,-0.0014
bhuvanabhanu,63,31,पुणरवि एगक्खाइसु अणंतकालं च धरिओ जो ॥६५०॥,0.2756,0.8317,0.7681,0.8527,0.0
bhuvanabhanu,63,32,१. जातमतीव सशोकम् ॥ २. तदवस्थम् ॥ ३. आपादशिरः सुदुष्टचूर्णभरम् ॥ ४. अश्रद्धानाभिधमादाय-गृही-,0.1544,0.8733,0.8893,0.8957,-0.0008
bhuvanabhanu,63,33,स्वा सत्वरं चलितः ॥ ५. सम्यक्त्त्वामात्यगृहद्वारात् ॥ ६. एकाक्षादिषु एकेन्द्रियादिषु इत्यर्थः ॥,0.1014,0.9008,0.7407,0.921,-0.0009
bhuvanabhanu,63,34,Jain Education International,0.0146,0.9747,0.1841,0.9828,0.0
bhuvanabhanu,63,35,For Private & Personal Use Only,0.4196,0.9751,0.62,0.9854,0.0
bhuvanabhanu,63,36,www.jainelibrary.org,0.8584,0.9755,0.9848,0.985,0.0
bhuvanabhanu,64,1,सुवणभाणु केवलिचरियं,0.0956,0.052,0.289,0.0726,0.0
bhuvanabhanu,64,2,इअ कत्थ वि नरए कत्थ वि सन्निपणिदितिरिअमणुएसु ।,0.2646,0.088,0.7686,0.1112,0.0012
bhuvanabhanu,64,3,कत्थ वि सुरेसु जेणं गएण मोहाइणो निहया ॥६५१॥,0.2611,0.1121,0.7209,0.1314,0.0
bhuvanabhanu,64,4,पुव्वुत्तपयारेणं अणंतवारा समागओ तहारूवे ।,0.2628,0.1387,0.6591,0.1593,-0.0015
bhuvanabhanu,64,5,सम्म सण मंतिवर भवणदुवारे इमो जीवो ॥६५२३॥,0.2611,0.1602,0.6597,0.1829,0.0
bhuvanabhanu,64,6,न परं तत्थ पवेसो कओ समजिअमहंतपावेण ।,0.2628,0.1881,0.6772,0.2052,0.0
bhuvanabhanu,64,7,एपण जिएण कया वि तं सुणह पावमेगमणा ॥६५३॥,0.2587,0.21,0.7279,0.2306,0.0
bhuvanabhanu,64,8,कत्थ वि रागाईहि अस्सद्ध णेण कत्थइ व पावं ।,0.2582,0.237,0.6515,0.2559,0.0
bhuvanabhanu,64,9,कोहाईहिं विसयात्तिमु हेहिं जिएण कयं ॥६५४॥,0.2576,0.2593,0.6783,0.2799,0.0014
bhuvanabhanu,64,10,'पुठपरिपुट्ठपुण्णीक़यमोहाईहिं वालिओ अ ठिओ ।,0.2634,0.2855,0.7016,0.3083,0.0027
bhuvanabhanu,64,11,पगिदिआइसु जिओ अनंतकालं च पइवेलं ॥६५५॥,0.2599,0.3083,0.7016,0.3285,0.0013
bhuvanabhanu,64,12,इत्थंतरम्मि माणुसखित्ते मलयपुरमत्थि पुररम्मं ।,0.2599,0.3358,0.6754,0.3559,0.0
bhuvanabhanu,64,13,तत्थ नरिंदो इंदो विजया नामेण तस्स पिया ॥६५६॥,0.2576,0.3581,0.7069,0.3774,0.0013
bhuvanabhanu,64,14,ताणं तणओ जाओ 'पत्थुअजीओ कयाइ कम्मचसा ।,0.2535,0.3856,0.7179,0.4053,0.0
bhuvanabhanu,64,15,नामं च जस्स ठविअं नरवइणा विस्फ्सेण त्ति ॥६५७॥,0.2547,0.4079,0.7127,0.4281,0.0013
bhuvanabhanu,64,16,सो बालो परिवड्ढइ चंपयछोडुव्व पयडतणुसोहो ।,0.2558,0.4354,0.7127,0.4547,0.0
bhuvanabhanu,64,17,गुणवंतो अ पढतो सत्थाणि अ जुष्वणं पत्तो ॥६५८॥,0.2582,0.4573,0.7179,0.4779,0.0
bhuvanabhanu,64,18,अन्नय नरेसरकुमरपरिअरिओ रायपुत्तओ जाइ ।,0.2547,0.4843,0.6865,0.5049,0.0
bhuvanabhanu,64,19,एसो असोगसुंदरनामुज्जाणम्मि कीलंतो ॥६५९॥,0.2552,0.5062,0.6381,0.5273,0.0
bhuvanabhanu,64,20,तत्थ य कम्मवसेणं दिट्ठा सग्गुरु-सयागमा जेणं ।,0.2552,0.5337,0.6568,0.5526,0.0
bhuvanabhanu,64,21,तदंसणुल्लसंतसुमहंतबीरिअज्जुओ जाओ ॥६६०॥,0.2529,0.5565,0.6603,0.5771,0.0
bhuvanabhanu,64,22,जेणं कम्ममहीवालदिन्नषुञ्युत्ततिक्खखग्गेण ।,0.2512,0.5835,0.6235,0.6046,0.0
bhuvanabhanu,64,23,पुव्युतछेअविहिणा छिन्ना मोहाइणो रिउणो ॥६६१॥,0.2529,0.6063,0.6923,0.6269,0.0
bhuvanabhanu,64,24,तेहि अक्स्खलिओ जो पासे सग्गुरु-सयागमाण गओ ।,0.2483,0.6329,0.6748,0.6509,0.0
bhuvanabhanu,64,25,परिवारेणं सहिओ नमेइ विणयावणयसीसो ॥६६२॥,0.2541,0.6556,0.711,0.6745,0.0
bhuvanabhanu,64,26,सुइसंगमो अ गुरुणा कारविओ जस्स सन्निसण्णस्स ।,0.25,0.6827,0.7191,0.7029,0.0
bhuvanabhanu,64,27,सुद्धागमं भणित्ता कहेइ तक्कण्णलग्गा सा ॥६६३॥,0.2523,0.7063,0.6678,0.7252,0.0
bhuvanabhanu,64,28,भो ! भद्द मुद्धबुद्धी ! तुमं इमं भामिओ भवसमुहं ।,0.2506,0.7321,0.7086,0.754,0.0013
bhuvanabhanu,64,29,*दुम्मोहमहीवइणो मिच्छादंसण पहाणेणं ॥ ६६४।।,0.2529,0.7557,0.6334,0.7767,0.0015
bhuvanabhanu,64,30,जम्हा कुदिट्रीधरणि समं सधूआइ धम्मबुद्धीप ।,0.2488,0.7827,0.6276,0.8029,0.0
bhuvanabhanu,64,31,पेसेइ मंतिराओ 'सकूडघरघडणसुत्तहरो ॥६६५॥,0.2477,0.8064,0.6713,0.827,0.0
bhuvanabhanu,64,32,अत्थेण पावलक्खणसहावरूवं नडि व्व वहमाणा ।,0.2453,0.8334,0.6812,0.8514,0.0
bhuvanabhanu,64,33,सा धम्मबुद्धीनामा सव्वजणे विप्पयारेइ ॥६६६॥,0.2471,0.8553,0.6568,0.8746,0.0
bhuvanabhanu,64,34,४७,0.8491,0.0588,0.8788,0.0713,0.0
bhuvanabhanu,64,35,१. पुष्टपरिपुष्टपूर्णीकृतमोहादिमिर्वालितथ्य स्थितः ॥ २. प्रस्तुतजीवः ॥ ३. दुमर्मोहः दुष्टमोहः ॥ ४. सकूटगृङ्घटनसूत्रधारः ॥,0.1195,0.8987,0.8636,0.9201,0.0
bhuvanabhanu,64,36,Jain Education International,0.0146,0.9747,0.1841,0.9828,0.0
bhuvanabhanu,64,37,For Private & Personal Use Only,0.4196,0.9751,0.62,0.9854,0.0
bhuvanabhanu,64,38,www.jainelibrary.org,0.8584,0.9755,0.9848,0.985,0.0
bhuvanabhanu,65,1,४८,0.1125,0.055,0.1404,0.0657,0.0
bhuvanabhanu,65,2,सिरिइंदहंसगणिविरइयं,0.6876,0.0472,0.8963,0.0661,0.0
bhuvanabhanu,65,3,कारेइ धम्ममिसओ पावाणि वयणअगोअरगयाणि ।,0.2815,0.0863,0.7389,0.1056,0.0
bhuvanabhanu,65,4,पाडेइ 'पयडवेअणभरागरेसु नरगेसु नरे ॥ ६६७।।,0.2815,0.1099,0.7127,0.1292,0.0
bhuvanabhanu,65,5,निअजणणी-जणयाणं कुदिनि-मिच्छत्तनामधारीणं ।,0.2838,0.1365,0.6836,0.1546,0.0
bhuvanabhanu,65,6,सेवं विहावइ इमा जीवाणमणंतगभवेसु ॥६६८॥,0.2826,0.1597,0.6946,0.1786,0.0
bhuvanabhanu,65,7,मिच्छत्त-कुदिद्विकयं वण्णिजइ कित्तिअं च तुह अग्गे ? ।,0.2826,0.1851,0.7395,0.2061,0.0
bhuvanabhanu,65,8,किं पि तहाचि अहं दसेमि अ तं 'वण्णिआमित्तं ॥६६९॥,0.2815,0.2082,0.7786,0.228,0.0
bhuvanabhanu,65,9,रागाइदोसअकलुसमणेसु गुणभायणेसु देवेसु ।,0.2844,0.2366,0.6812,0.2576,0.0
bhuvanabhanu,65,10,सासयठाणगप्सु अ जणंति ताओ अदेवमई ॥६७०॥,0.2797,0.2589,0.7244,0.2795,-0.0013
bhuvanabhanu,65,11,सुगुरुसु 'करणावरुणालप्सु परिहरिअसव्दसंगेसु ।,0.2821,0.2855,0.7279,0.307,-0.0013
bhuvanabhanu,65,12,कारंति अगुरुबुद्धि ताओ विवरीअरूवाओ ।॥६७१।।,0.2809,0.3079,0.7104,0.3289,-0.0014
bhuvanabhanu,65,13,दाण-दया-सील-छमा-नाण-ज्झाणाइ सुद्धधम्मम्मि ।,0.2815,0.3358,0.6964,0.3564,-0.0014
bhuvanabhanu,65,14,ताओ रयंति अरई 'वहरूवे *पक्खवायं च ॥ ६७२॥,0.2797,0.3594,0.7325,0.3783,0.0
bhuvanabhanu,65,15,देव-गुरु-धम्मगोअर-विवरीअत्तं गया सया जीवा ।,0.2832,0.389,0.722,0.41,0.0013
bhuvanabhanu,65,16,पावं संचिअ दुक्खं सर्हति ते तप्पसापणं ॥६७३॥,0.2786,0.4135,0.7104,0.4337,0.0
bhuvanabhanu,65,17,तत्तो मोहाईहिं तुमं पि हा ! दूमिओ विवक्रखेहिं ।,0.2821,0.4397,0.7179,0.4603,0.0
bhuvanabhanu,65,18,मिलिएहि सव्वेहिं अच्चतमणंतकालं जा ॥६७४॥,0.2809,0.462,0.6853,0.4826,0.0014
bhuvanabhanu,65,19,एस विसेसेण रिऊ तुह सम्मदंसणाभिहो मंती ।,0.2809,0.4899,0.6871,0.5097,0.0
bhuvanabhanu,65,20,सकुटुंबो दुद्रुमई अणंतदुहलक्खदाणपरो ॥६७५॥,0.2797,0.5127,0.6894,0.5341,0.0
bhuvanabhanu,65,21,तब्भज्ज्ञा-धूआहिं जं दुक्खं तुज्झ निम्मिअं तत्थ ।,0.2797,0.5444,0.6964,0.5655,0.0
bhuvanabhanu,65,22,तं वण्णिउं न सक्कइ सहस्सवयणो त्रि को वि सुरो ॥६७६॥,0.2797,0.5668,0.8205,0.5874,0.0
bhuvanabhanu,65,23,इअ सोउं सुइदंसिअबिभीसिअं भीअमाणसो कुमरो ।,0.2797,0.5938,0.7407,0.6153,0.0013
bhuvanabhanu,65,24,गग्गयवंतगिराए सुगुरुं भासइ इअ नर्मतो ॥६७७॥,0.2797,0.6161,0.7086,0.6376,0.0014
bhuvanabhanu,65,25,एआवंतं कालं पअं सामिअ ! मए न विष्णायं ।,0.2797,0.6441,0.6999,0.6625,0.0014
bhuvanabhanu,65,26,ता किं पि पुरा कत्थ वि अन्नाणतिमिरहयमणेण ॥६७८।।,0.2774,0.6664,0.7815,0.6874,0.0012
bhuvanabhanu,65,27,तं ताव मज्झ सम्णुज्झिअस्स कि नाह ! लोअमज्झम्मि ।,0.2791,0.693,0.7739,0.714,0.0012
bhuvanabhanu,65,28,ताणं हविस्सइ अहो ! भावारिदवग्गितविअस्स ? ६७९॥,0.278,0.7162,0.7686,0.7368,0.0012
bhuvanabhanu,65,29,गुरुपेरिआ सुई तं भणेइ पुणरवि अणंतसो भद्द ! ।,0.2809,0.7471,0.7185,0.769,0.0013
bhuvanabhanu,65,30,तुज्झं मए निवेइअमओ परं निष्फलं जायं ॥ ६८०॥,0.2791,0.7699,0.7197,0.7922,0.0026
bhuvanabhanu,65,31,"कत्थ वि अ सुन्नयाए असद्धाए ""मपण मोहेण ।",0.2786,0.8016,0.6614,0.8218,0.003
bhuvanabhanu,65,32,दोसेणं सढयाए उवएसतरू न ते फलिओ ॥६८१॥,0.2762,0.8248,0.6882,0.845,0.0042
bhuvanabhanu,65,33,१. प्रक्ट वेदनाभराकरेषु ॥ २. वर्णिकामात्रम् लेशमात्र मित्यर्थः ॥ ३. करुणावरुणालयेषु करुणासमुद्रेषु इत्यर्थः ॥,0.1585,0.8682,0.8869,0.8901,0.0008
bhuvanabhanu,65,34,४. वधरूपे ॥ ५. पक्षपातम् ॥ ६. विशेषेण-विशेषता इत्यर्थः ॥ ७. मदेन-मदादित्यर्थः ॥ ८. शाठयात् ॥,0.1061,0.8957,0.8304,0.9163,0.0008
bhuvanabhanu,65,35,Jain Education International,0.0146,0.9751,0.1841,0.9828,0.0
bhuvanabhanu,65,36,For Private & Personal Use Only,0.4196,0.9747,0.62,0.985,0.0
bhuvanabhanu,65,37,www.jainelibrary.org,0.8584,0.9755,0.9848,0.985,0.0
bhuvanabhanu,66,1,भुवणभाणुकेवलिचरियं,0.0997,0.0571,0.296,0.0764,0.0
bhuvanabhanu,66,2,कत्थ वि 'कुदिद्विपुत्तीदढेगयरसाइरेगरागेण ।,0.2675,0.0945,0.6474,0.1151,0.0015
bhuvanabhanu,66,3,तुमप अणेगवारा विहलं गुरुवयणमित्थ कयं ॥ ६८२॥,0.2686,0.1172,0.7273,0.1387,0.0025
bhuvanabhanu,66,4,अवहिअचित्तेण तप सोअव्यं सव्वमेवं वयणं मे ।,0.2652,0.1434,0.701,0.1627,0.004
bhuvanabhanu,66,5,सुणइ 'उबओगर्षतो कर्यजलिउडो तओ कुमरो ॥६८३॥,0.2675,0.1662,0.7465,0.1889,0.0049
bhuvanabhanu,66,6,तीए 'उत्तं चारित्तधम्मसम्मज्ज [ग्ग] भारधरणुक्को ।,0.2652,0.1928,0.6707,0.2155,0.0043
bhuvanabhanu,66,7,सम्मदंसणमंती इह अत्थि सयागमसुबंधू ॥६८४॥,0.2669,0.216,0.641,0.2374,0.0047
bhuvanabhanu,66,8,निम्सेसजंतुहिअओ सच्बोहो जस्म बंधवो नेओ ।,0.2634,0.2426,0.6818,0.2641,0.0028
bhuvanabhanu,66,9,कंपर जन्नाम (प) सवणवसेण मोहनिषसिन्नदलं ॥६८५॥,0.2628,0.2658,0.7179,0.2868,0.0026
bhuvanabhanu,66,10,मिच्छादंसणमंती गयचिट्ठो होइ जब्बलेण रिऊ ।,0.2634,0.2928,0.6608,0.3139,0.0029
bhuvanabhanu,66,11,*दाराऽवश्वउवेओ असेसदोसाण पयवीदं ॥६८६।॥,0.2657,0.3156,0.6876,0.3371,0.0055
bhuvanabhanu,66,12,अववग्गरक्खमूलं धम्माहारो गुणागरो जो अ ।,0.2622,0.3431,0.6713,0.3637,0.0028
bhuvanabhanu,66,13,जो सेविओ समिद्धि सुहं सया देश जीवाणं ॥ ६८७॥,0.2617,0.3645,0.7255,0.3864,0.0038
bhuvanabhanu,66,14,जस्स सुआ लोए विक्खाया नामेण धम्मबुद्धि त्ति ।,0.2617,0.392,0.6999,0.4135,0.0027
bhuvanabhanu,66,15,परिणामेण बि सच्चा समग्गसोहग्गजश्वगुणा ॥ ६८८॥,0.2622,0.4139,0.7121,0.4371,0.0052
bhuvanabhanu,66,16,सा चित्ते धरिआ सुहमसेसजंतूण कुणइ तक्खणओ ।,0.2587,0.4418,0.7174,0.4637,0.0051
bhuvanabhanu,66,17,जं अमिअवाहिणीए संगो निस्सीमतोसगरो ॥६८९॥,0.2611,0.4629,0.7133,0.4843,0.0039
bhuvanabhanu,66,18,सेयंति जंतुणो जे उ धम्मबुद्धि इमेसि दंसेइ ।,0.2599,0.4908,0.6649,0.5127,0.0029
bhuvanabhanu,66,19,सम्मदंसणमंतीसरमेसा तं पसन्नमणा ॥६९००।,0.2617,0.5135,0.6189,0.5341,0.0049
bhuvanabhanu,66,20,दिट्ठो सो सव्वेसि जीवाणं *ताणमेव होइ जए ।,0.2605,0.5397,0.6999,0.562,0.0027
bhuvanabhanu,66,21,"जेसि 'दुहत्ताणं तद्भूआप नत्थि ""अत्थित्तं ॥६९१॥",0.2582,0.5633,0.69,0.5857,0.004
bhuvanabhanu,66,22,तेसि कहं च परित्ताणं ते तं नेव समवलोअंति ।,0.2541,0.5908,0.6853,0.6101,0.0027
bhuvanabhanu,66,23,तं जइ तुह अत्थि किमवि तीए अत्थित्तणं वच्छ ! ॥६९२।।,0.2558,0.6131,0.7966,0.6355,0.0043
bhuvanabhanu,66,24,दंसेमि तओ तमहं जह ते 'सुत्थत्तणं हविज्ञ्ज सया ।,0.2564,0.6398,0.7191,0.6617,0.0038
bhuvanabhanu,66,25,चिट्ठामि अहं ''पउणो सामिअ ! किज्जउ महपसाओ ॥६९३।।,0.2547,0.6668,0.8071,0.6904,0.0042
bhuvanabhanu,66,26,दंसिजउ सा सुगुरो ! मम 'तदंसणसमुच्छुअमणस्स ।,0.2547,0.6939,0.7337,0.7188,0.0024
bhuvanabhanu,66,27,तव्वयणेण य गुरुणा विन्नाया जुग्गया तस्स ॥६९४॥,0.2535,0.7162,0.7121,0.7389,0.0038
bhuvanabhanu,66,28,मोहस्स ताव दोसा मिच्छादंसण-कुदिद्विदोसा य ।,0.2535,0.7445,0.6399,0.7643,0.0015
bhuvanabhanu,66,29,तद्म्मबुद्धिदोसा पयासिआ तस्स सग्गुरुणा ॥६९५॥,0.2523,0.7664,0.6777,0.7883,0.0027
bhuvanabhanu,66,30,सुद्धागम-सुइमुहओ गुरुणा भणिआ य सुद्धधम्मगुणा ।,0.2523,0.7939,0.704,0.8167,0.0026
bhuvanabhanu,66,31,जह उम्मीलिजइ तस्स धम्मकरणेगबुद्धीए ॥६९६॥,0.2517,0.8167,0.6871,0.839,0.0027
bhuvanabhanu,66,32,१. कुदृष्टिपुत्रीदृढैकतारसातिरेकरागेण ॥ २. उपयोगवान् ॥ ३. उक्तम् ॥ ४. दारापत्य-उपेतः ॥ ५०,0.1329,0.8583,0.8642,0.8815,0.0016
bhuvanabhanu,66,33,त्राणमेव ॥ ६. दुःखार्तानाम् ॥ ७. अर्थित्वम् ॥ ८. अर्थित्वम् ॥ ९० सुस्थत्वम्-सौस्थ्यम् ॥ १०. प्रगुणः ॥,0.081,0.8862,0.8619,0.9098,0.0007
bhuvanabhanu,66,34,११. तदर्शनसमुत्यु कमनसः ॥,0.0816,0.9103,0.2704,0.9287,0.0
bhuvanabhanu,66,35,Jain Education International,0.0146,0.9747,0.1841,0.9828,0.0
bhuvanabhanu,66,36,For Private & Personal Use Only,0.4196,0.9747,0.62,0.985,0.0
bhuvanabhanu,66,37,www.jainelibrary.org,0.8584,0.9755,0.9848,0.985,0.0
bhuvanabhanu,67,1,६०,0.1026,0.0717,0.134,0.0829,-1.5708
bhuvanabhanu,67,2,सिरिइंदहंसगणिविरइयं,0.6801,0.0661,0.8893,0.0846,0.0
bhuvanabhanu,67,3,संवरिअमणेण तओ तेणुत्तं धम्मबुद्धिआ जाया ।,0.2739,0.1039,0.6929,0.1241,0.0
bhuvanabhanu,67,4,तुम्ह 'कयाउ 'सयागमसुडप्पसायाउ मह भयवं ! ॥६९७।।,0.2751,0.1271,0.757,0.146,0.0
bhuvanabhanu,67,5,तस्संपत्तीए चितेमि करेमि कहिअं भवंतेहिं ।,0.2739,0.1533,0.6667,0.1709,0.0
bhuvanabhanu,67,6,धम्मं सम्मं सामिअ ! कामिअदाणेगकप्पदुमं ॥६९८।।,0.2733,0.1756,0.7279,0.1962,0.0
bhuvanabhanu,67,7,तह परिहरेमि सुगुरो ! कुदिद्वि-दृद्धम्मबुद्धिमुहसंगं ।,0.2733,0.2078,0.6999,0.228,0.0
bhuvanabhanu,67,8,*तकहह कयपसाया निअधम्मविहाणुवायविहिं ॥६९९।।,0.2786,0.2301,0.7494,0.2499,0.0
bhuvanabhanu,67,9,अह गुरुणा भणिअमिमं जइ तुज्झ इमाइ धम्मबुद्धीए ।,0.2727,0.2576,0.7314,0.2778,0.0
bhuvanabhanu,67,10,*अविणस्सरा य रायकुमर ! अत्थि अणुराइआ एसा ॥७००॥,0.2768,0.2799,0.8071,0.2997,0.0
bhuvanabhanu,67,11,अम्हाणं उच्छाहं स चिअ कारेइ वच्छ ! 'पिहुवच्छ ! ।,0.2733,0.3117,0.7622,0.3328,0.0
bhuvanabhanu,67,12,धम्मविहाणम्मि उवायकहणपमुहप्पयारेसु ॥७०१॥,0.2727,0.334,0.7034,0.3555,0.0
bhuvanabhanu,67,13,सम्मंसणमंतिअपडिवत्ती पुव्वमेव कायव्वा ।,0.2739,0.3607,0.6445,0.3821,0.0
bhuvanabhanu,67,14,सामित्तेणं तुमए सद्धम्मं काउकामेण ॥७०२॥,0.2704,0.3839,0.6579,0.4032,0.0
bhuvanabhanu,67,15,सम्मत्ते मण-वयणंऽगाणं एगग्गया य धरिअव्वा ।,0.2733,0.4156,0.7092,0.4324,0.0
bhuvanabhanu,67,16,सुद्धपडम्मि व तम्मि अ कालुस्सं रक्खए दक्खो ॥७०३॥,0.2844,0.4384,0.7861,0.459,0.0
bhuvanabhanu,67,17,आसेविओ अ सम्मं एस च्चिअ तह पसीअइ अमच्चो ।,0.2733,0.465,0.743,0.4839,0.0
bhuvanabhanu,67,18,सव्वो वि उत्तरुत्तरगुणलाहो होइ भद्द ! जहा ॥७०४॥,0.2733,0.4886,0.7383,0.5075,0.0
bhuvanabhanu,67,19,चितेइ रायकुमरो अहो ! 'महंतप्पहावओ को वि ।,0.2698,0.5195,0.7185,0.5397,0.0
bhuvanabhanu,67,20,सम्मदंसणनामं पि सुंदरं वट्टए ताव ॥७०५॥,0.2681,0.5419,0.6247,0.5638,-0.0016
bhuvanabhanu,67,21,सो केवलं तु 'दिस्सो मए कहं च उवलक्खिअव्यो वा ? ।,0.2692,0.5693,0.7844,0.5891,0.0
bhuvanabhanu,67,22,इअ झायइ रायसुओ ता नाओ कम्मणाऽवसरो ॥७०६।॥,0.271,0.5925,0.7471,0.6119,0.0
bhuvanabhanu,67,23,*उज्जल अज्झवसायस्सरूत्रयाऽपुव्वकरणनामो उ ।,0.2721,0.6247,0.6876,0.6445,0.0
bhuvanabhanu,67,24,तस्स सुतिक्खक्कुढारो समप्पिओ कम्मराएण ॥७०७॥,0.2692,0.6462,0.7092,0.6668,0.0
bhuvanabhanu,67,25,किंचि वि सवणे साविअमिमेण छन्नं तओ सुलद्धबलो ।,0.2716,0.6775,0.7529,0.6982,0.0
bhuvanabhanu,67,26,जो ''राग-द्दोससुघणअररिजुअं भंजप तेण ॥७०८॥,0.2681,0.7003,0.6976,0.7218,-0.0014
bhuvanabhanu,67,27,मोहाइसत्तुनिवर्ह पइसमयं निद्दयं हणंतो अ ।,0.2669,0.7316,0.6521,0.7523,0.0
bhuvanabhanu,67,28,जो पत्तो अंतरकरणरायगेहंऽगणमहीए ॥७०९॥,0.2657,0.7553,0.6672,0.7724,0.0
bhuvanabhanu,67,29,''सम्मत्त मंतिसंबंधिचंदपहतग्यहंऽगणठिअस्स ।,0.2739,0.787,0.676,0.8055,0.0
bhuvanabhanu,67,30,तुट्टो कम्मनिवो जस्स निव्वहिअनिअपइन्नस्स ॥७१०॥,0.2686,0.8098,0.7308,0.83,0.0
bhuvanabhanu,67,31,१. कृतात् ॥ २. सदागमश्रुतिप्रसादात् ॥ ३० तत् कथयत ॥ ४. अविनश्वरा च राजकुमार ! १.५.,0.1503,0.8587,0.8776,0.8781,0.0
bhuvanabhanu,67,32,पृध्रुवक्षः ॥ ६. शुद्धपटे इव तस्मिन् ॥ ७. महान् ॥ ८. दृश्यः द्रष्टव्यः ॥ ९. उज्ज्वलाध्यवसाय स्वरूपापूर्वकरण-,0.0979,0.8862,0.8782,0.9051,0.0
bhuvanabhanu,67,33,नामा १०० रागद्वेषसुघनअररियुगम् कपाटयुगम् ॥ ११. सम्यक्त्वमन्त्रिसम्बन्धिचन्द्रप्रभतद्गृहाङ्गणस्थितस्य ।।,0.0973,0.9128,0.8193,0.933,0.0
bhuvanabhanu,67,34,Jain Education International,0.0146,0.9747,0.1841,0.9828,0.0
bhuvanabhanu,67,35,For Private & Personal Use Only,0.4196,0.9751,0.62,0.9854,0.0
bhuvanabhanu,67,36,www.jainelibrary.org,0.8584,0.9755,0.9848,0.985,0.0
bhuvanabhanu,68,1,भुवणभाणुकेव लिचरियं,0.109,0.0691,0.3019,0.0897,0.0
bhuvanabhanu,68,2,निम्मलतममणपरिणामरूष अनिअट्टिकरणनामवहो,0.2751,0.1065,0.6579,0.1245,0.0
bhuvanabhanu,68,3,'सुपयंडवजदंडो समप्पिओ जस्स तेण फुडो ॥७११॥,0.2786,0.1284,0.7442,0.149,0.0
bhuvanabhanu,68,4,* मोहमहारायतणय दोससुआ कोह-माणअभिहाणा ।,0.2774,0.1554,0.6789,0.1756,0.0
bhuvanabhanu,68,5,बलवंता य अणंताणुबंधिणो लोअविक्खाया ॥७१२॥,0.2745,0.1782,0.7174,0.1988,0.0
bhuvanabhanu,68,6,तह मोहरायअंगयरागमइंददुहिआ हवइ माया ।,0.2698,0.2052,0.6655,0.2263,0.0
bhuvanabhanu,68,7,सा वि सबला अणंताणुबंधिणी अइविसमरूवा ॥७१३॥,0.2698,0.2284,0.7512,0.2477,0.0
bhuvanabhanu,68,8,रागसुओ अ अणंताणुबंधिओ लोहनामओ सुहड़ो ।,0.2721,0.2559,0.6935,0.2765,0.0
bhuvanabhanu,68,9,सो पुण मिच्छादंसणअमञ्चचदो अ भवकंदो ॥७१४।।,0.271,0.2787,0.6952,0.2984,0.0
bhuvanabhanu,68,10,पंच वि ते सामरिसा हणिजमाणा वि 'पिट्टिममुअंता ।,0.2716,0.3091,0.771,0.3293,0.0
bhuvanabhanu,68,11,दुट्ठमणा रिउणो कुमरेणं 'निद्धाडिआ य तहा ॥७६५॥,0.271,0.3366,0.7471,0.3585,0.0
bhuvanabhanu,68,12,जह जीविअसेसा ते नट्ठा 'मणवित्तिअडविमज्झम्मि ।,0.2692,0.3637,0.7442,0.3839,0.0
bhuvanabhanu,68,13,कत्थ वि निलीणया पुण चिटुंति सुमुच्छिअप्पाणो ॥७१६।॥,0.2692,0.3869,0.7896,0.407,0.0
bhuvanabhanu,68,14,जेण पविटूठेण तओ अंतरकरणाभिहम्मि मंतिगिहे ।,0.2669,0.4135,0.6964,0.4337,0.0
bhuvanabhanu,68,15,दिट्ठो सम्मदंसणमंती ओवसमिअंगधरो ॥७१७॥,0.2681,0.4367,0.6579,0.4556,0.0
bhuvanabhanu,68,16,जमणाइकालपज्ज्ञलिअमोहमुहसत्तुदावदड्ढो वि ।,0.2681,0.4676,0.6766,0.4891,-0.0014
bhuvanabhanu,68,17,"""अमिअदहस मतदंसणेण जो सीअलो जाओ ॥७१८॥",0.2704,0.4912,0.7104,0.5105,0.0
bhuvanabhanu,68,18,जह हवइ पुक्खरावट्टमेहवरिसेण द्रावदड्रढदुमो ।,0.2646,0.5182,0.6958,0.5393,-0.0014
bhuvanabhanu,68,19,जह वा गिम्हे मरुदेसपंथउ व्व 'सरवारिसेगेण ॥७१९।।,0.2628,0.541,0.7576,0.5595,0.0
bhuvanabhanu,68,20,जह वा ''अइवल्लहवल्लहाविओगऽद्दिओ जणो को वि ।,0.2628,0.5681,0.7483,0.5874,0.0
bhuvanabhanu,68,21,अवितक्किअलद्धपिआसंजोगेण हरिसमुवेइ ॥७२०॥,0.2634,0.5904,0.6888,0.6114,0.0
bhuvanabhanu,68,22,अह जस्स तस्सरूवं सवित्थरं सुगुरुणा पुणो भणिअं ।,0.2622,0.6226,0.7383,0.6436,0.0
bhuvanabhanu,68,23,सम्मदंसणमंती पुणो वि सो ''पञ्च्चहिण्णाओ ॥७२१॥,0.2628,0.6449,0.7034,0.6651,0.0
bhuvanabhanu,68,24,सिक्खं देइ अ सुगुरू तप नरिंदसुअ ! पालिअच्या य ।,0.2622,0.6724,0.7453,0.6921,0.0
bhuvanabhanu,68,25,जावज्जीवमिमो मह सामी 'नऽवरो इअ पइन्ना ॥७२२॥,0.2611,0.6947,0.757,0.7136,0.0
bhuvanabhanu,68,26,सम्मदंसणथिरया चत्तव्या नेव पाणनासे वि ।,0.2605,0.7222,0.669,0.7407,0.0
bhuvanabhanu,68,27,चालिअचित्तेण वि सुरवंदेहिं इंदसहिएहिं ॥७२३॥,0.2599,0.7445,0.701,0.7647,0.0
bhuvanabhanu,68,28,पंचण्हं दोसाणं परिहारो दंसणम्मि कायव्वो ।,0.2599,0.7711,0.6678,0.7896,0.0
bhuvanabhanu,68,29,संका-कंख-विगिच्छा पसंसणं संथवो अ त्ति ॥ ७२४।॥,0.2593,0.7939,0.7249,0.8128,0.0
bhuvanabhanu,68,30,१. सुप्रचण्डवञ्जदण्डः ॥ २. मोहमहाराजतनयद्वेषसुतौ ॥ ३. मोहगजाङ्ग जरागमृगेन्द्रदुहिता ॥ ४. पृष्टिममु,0.141,0.8407,0.8695,0.8622,-0.0008
bhuvanabhanu,68,31,चन्तः ॥ ५. निर्धाटिताः निष्कासिताः इत्यर्थः ॥ ६. मनोवृत्त्यटवीमध्ये चित्तवृत्त्यटवीमध्ये ॥ ७. औपशमिकाज-,0.0903,0.8686,0.8724,0.8871,0.0
bhuvanabhanu,68,32,धरः ॥ ८. अमृतद्रहसमतद्दर्शनेन ॥ ९. सरोवारिसेकेन ॥ १०. अतिवल्लभवल्लभावियोगार्दितः ।। ११० प्रत्यभिज्ञालः ॥,0.0892,0.8957,0.8695,0.9167,0.0
bhuvanabhanu,68,33,१२. नाऽपरः 1।,0.0909,0.9244,0.201,0.9352,0.0
bhuvanabhanu,68,34,Jain Education International,0.0146,0.9747,0.1841,0.9828,0.0
bhuvanabhanu,68,35,For Private & Personal Use Only,0.4196,0.9751,0.62,0.9854,0.0
bhuvanabhanu,68,36,५६,0.8642,0.0743,0.8951,0.0884,0.0
bhuvanabhanu,68,37,www.jainelibrary.org,0.8584,0.9755,0.9848,0.985,0.0
bhuvanabhanu,69,1,५२,0.1066,0.061,0.1352,0.073,0.0
bhuvanabhanu,69,2,सिरिइदहंसगणिविरइयं,0.6824,0.0588,0.8922,0.0786,0.0028
bhuvanabhanu,69,3,तत्तं जिणिदउत्तं अत्थि व नऽत्थि त्ति संसओ संका ।,0.278,0.094,0.7535,0.1116,0.0
bhuvanabhanu,69,4,सम्मत्तचंदमज्झे पडिभासइ सा कलंकु व्व ॥७२५॥,0.2786,0.1172,0.7168,0.1374,0.0
bhuvanabhanu,69,5,आकंखा परदंसणिधम्मविहाणम्मि जो अ अहिलासो ।,0.2768,0.1438,0.7523,0.1632,0.0012
bhuvanabhanu,69,6,दंसणविसुद्धसलिले 'अहिद्भिठअमलु व्व सा नेआ ॥७२६॥,0.2768,0.1662,0.7803,0.1885,0.0012
bhuvanabhanu,69,7,दाण-तवाइअधम्मे किजंते जो फलम्मि संदेहो ।,0.2751,0.1932,0.6987,0.2125,0.0014
bhuvanabhanu,69,8,*दंसणदिप्पपईवंऽजणरेह व्व हवइ विगिच्छा ॥७२७॥,0.278,0.2155,0.7483,0.2357,0.0012
bhuvanabhanu,69,9,विज्ञा-विणोअपमुहं 'दट्ठूणमपुव्वयं चमक्कारं ।,0.2733,0.243,0.6841,0.2645,0.0014
bhuvanabhanu,69,10,धम्मो इमो वि रम्मो चिंतइ नेआ इअ पसंसा ॥७२८॥,0.2727,0.2653,0.7512,0.2855,0.0012
bhuvanabhanu,69,11,आलवणाइअकरणं कुलिगिवग्गेण चत्तमग्गेण ।,0.2733,0.2924,0.6661,0.3126,0.0
bhuvanabhanu,69,12,सो संथवो इअ इमे 'इसुणो दोसा य चत्तव्वा ॥७२९॥,0.2733,0.3147,0.7587,0.3353,0.0
bhuvanabhanu,69,13,पिंडप्पयाणपमुहा परिहरिअव्वा परे वि दोसा य ।,0.2721,0.3418,0.7232,0.3624,0.0013
bhuvanabhanu,69,14,दंसणकालुस्सगरा किर अहिएसिणा तुमए ॥७३०॥,0.2739,0.365,0.7459,0.3856,0.0012
bhuvanabhanu,69,15,कलुसीकयम्मि ईसि पि तम्मि मोहाइणो हवंति गुरु ।,0.2721,0.3903,0.7395,0.4126,0.0012
bhuvanabhanu,69,16,*पुव्वावकयाणि सरंतो ते गाढं पकुप्पंति ॥७३१॥,0.2751,0.4139,0.704,0.4341,0.0
bhuvanabhanu,69,17,'निअदंतदट्ठउट्ट्ठा इमे सरोसा गलेण गहिऊणं ।,0.2751,0.4414,0.704,0.4616,0.0
bhuvanabhanu,69,18,'सवसत्तणम्मि नेऊण निद्दया 'अहिअमहंति ॥७३२॥,0.2786,0.4641,0.7366,0.483,0.0
bhuvanabhanu,69,19,तेणं च न दायव्यो अवगासो तेसि दुट्ठचित्ताणं ।,0.2716,0.4912,0.7145,0.5131,0.0
bhuvanabhanu,69,20,तुमप कयावि भो वच्छ ! वच्छलेणं निअप्पस्स ॥७३३॥,0.2733,0.514,0.7622,0.5333,0.0
bhuvanabhanu,69,21,सम्मं निसेविओ सो सम्मदंसणमहंतमंतिवरो ।,0.2727,0.5406,0.6807,0.5586,0.0
bhuvanabhanu,69,22,चारित्तधम्मचक्कि दंसेइ ''अणंतसुहृदं तं ॥७३४॥,0.2704,0.5625,0.6737,0.5839,0.0014
bhuvanabhanu,69,23,एसो अ चक्कवट्टी नमंतजणवलहो सभत्तीए ।,0.2721,0.5891,0.6562,0.6101,0.0015
bhuvanabhanu,69,24,आसेविओ निअसरीराओ न य होइ ''वइरित्तो ॥७३५।।,0.2716,0.6127,0.7721,0.632,0.0
bhuvanabhanu,69,25,देसविरइ-सव्वविरइनामाणं 'अप्पपुत्तिआण कमा ।,0.2721,0.6398,0.6742,0.6612,0.0
bhuvanabhanu,69,26,पाणिग्गहणं कारिस्सइ चक्की सो अ परितुट्ठो ॥७३६॥,0.2686,0.6625,0.7535,0.6836,0.0
bhuvanabhanu,69,27,'*ताओ परमिट्ठाओ वरलक्खणलक्खलक्खिअंगीओ ।,0.2745,0.6887,0.7348,0.7093,-0.0013
bhuvanabhanu,69,28,"""सुहसंदोहपयाओ गुणसव्वस्सअववरिआओ ॥७३७॥",0.2791,0.7115,0.7319,0.7325,-0.0013
bhuvanabhanu,69,29,आराहणं व ताणं दुहसज्झं निउणरंजिअमणाणं ।,0.2675,0.7377,0.6871,0.7604,-0.0014
bhuvanabhanu,69,30,"ताणं च चित्तकलुसत्तणं जणेइ न ""सुहेसिजणो ॥७३८॥",0.2681,0.7608,0.7564,0.7827,-0.0012
bhuvanabhanu,69,31,१. अधिष्ठितमल इव ।। २. दर्शनदीप्रप्रदीपाऽञ्जनरेखा इव ।। ३. दृष्ट्‌वा अपूर्वम् ।। ४. इषवः पश्ञ्चसंख्याः ।।,0.1463,0.8033,0.8776,0.8248,-0.0008
bhuvanabhanu,69,32,५. आत्महितैषिणा ।। ६. पूर्वापकृतानि ॥ ७. निजदन्तदष्टौष्ठाः ॥ ८. स्ववशत्वे-स्ववशतायाम् ।। ९० अधिकम्,0.0967,0.8313,0.8823,0.8519,-0.0007
bhuvanabhanu,69,33,मर्दयन्ति ।। १०. अनन्तसुखदम् ॥ ११. व्यतिरिक्तः मिन्नः इत्यर्थः ।। १२. आत्मपुत्रिकाणाम् ।। १३. ताः,0.0956,0.8574,0.8794,0.8785,-0.0007
bhuvanabhanu,69,34,"परमेष्ठाः वरलक्षण-लक्षलक्षिताङ्गयः ।। १४. सुखसन्दोहप्रदाः गुणसर्वस्वापवरिकाः, अपवरिकाः भाषायाम् 'ओरडी' ।।",0.0938,0.8854,0.8765,0.9064,-0.0007
bhuvanabhanu,69,35,१५. मुझेषिजनः ।।,0.0927,0.9098,0.2279,0.9283,0.0
bhuvanabhanu,69,36,Jain Education International,0.0146,0.9747,0.1841,0.9828,0.0
bhuvanabhanu,69,37,For Private & Personal Use Only,0.4196,0.9751,0.62,0.9854,0.0
bhuvanabhanu,69,38,www.jainelibrary.org,0.8584,0.9755,0.9848,0.985,0.0
bhuvanabhanu,70,1,भुषणभाणुकेषलिचरियं,0.0932,0.055,0.289,0.0751,-0.003
bhuvanabhanu,70,2,ताओ निसेवमाणो तुमं पि सुहमणुदिणं अणुहवंतो ।,0.2593,0.0906,0.7191,0.1121,0.0
bhuvanabhanu,70,3,निव्वुइनामपुरीए पाविस्ससि पज्जसंमज्जं ('वज्जमेसज) ॥७३९।।,0.2617,0.1142,0.8188,0.1344,0.0
bhuvanabhanu,70,4,विण्णाण-दंसणाणं बल-सुक्खाण य अर्णतया जत्थ ।,0.2611,0.1421,0.7057,0.161,0.0
bhuvanabhanu,70,5,माणुसखित्तपमाणं तं नेअं सामयं ठाणं ॥७४०॥,0.2582,0.1636,0.6678,0.1842,0.0
bhuvanabhanu,70,6,एवं सम्मं सुच्चा पडिवन्नं तेण रायकुमरेण ।,0.2617,0.1906,0.6469,0.2108,-0.0015
bhuvanabhanu,70,7,खाओवसमिअपररूवधारिसम्मत्तवंतेणं ॥७४१॥,0.2582,0.213,0.6585,0.2323,-0.0015
bhuvanabhanu,70,8,पमुइअमणो पणमिउं पयपंकेरुहजुनं गुरुवरस्स ।,0.2593,0.2404,0.676,0.2611,-0.0014
bhuvanabhanu,70,9,परिवारजुओ समिहं गओ नरेसरसुओ ताब ॥७४२॥,0.2617,0.2623,0.7185,0.2834,-0.0013
bhuvanabhanu,70,10,तत्तो पस भरंतो तं गुरुवयणं तदुत्तविहिपुच्त्रं ।,0.2599,0.2903,0.6766,0.3117,0.0
bhuvanabhanu,70,11,सम्मदंसणसेर्व कुत्र्यंतो वासरे गमइ ॥ ७४३॥,0.2587,0.3126,0.6166,0.3323,0.0
bhuvanabhanu,70,12,अह कम्मनिवइचितिअमहो ! अ निष्वाहिआ पइन्ना सा ।,0.257,0.3392,0.7517,0.3585,0.0
bhuvanabhanu,70,13,अज्ज मए चिंता मह 'विगयप्पाया य संजाया ॥७४४।॥,0.257,0.362,0.7372,0.3809,0.0
bhuvanabhanu,70,14,जं मेलिओ अ सम्मदंसणमंती इओ जइ इमस्स ।,0.2564,0.3894,0.6591,0.4092,0.0
bhuvanabhanu,70,15,मह बंधुणो बलड्ढा किलेसनिअरं करिस्संति ॥७४५॥,0.2587,0.4113,0.7273,0.4341,-0.0012
bhuvanabhanu,70,16,तह वि भवो तस्स च्विअ अवडूढपुग्गलपरावट्टे ।,0.257,0.444,0.6754,0.4654,-0.0014
bhuvanabhanu,70,17,पुरओ 'तस्सिन्नसहो निव्वुइनयरिं लहिस्सइ सो ॥७४६॥,0.2605,0.4659,0.7541,0.4886,-0.0024
bhuvanabhanu,70,18,"अह अन्नया पिआ नरवई ""जममिहातिहित्तणं पत्तो ।",0.2552,0.4916,0.7209,0.5127,-0.0038
bhuvanabhanu,70,19,पालेइ विस्ससेणो तं रज्जं मंतिअहिसित्तो ॥७४७॥,0.257,0.5152,0.6678,0.5359,-0.0028
bhuvanabhanu,70,20,अन्नय भग्गमयं गयवावारं तं निरिक्खइ सपक्खं ।,0.2552,0.5423,0.7121,0.5629,-0.0038
bhuvanabhanu,70,21,मोहनिबजेटुपुत्तो रागमइंदो तओ कुविओ ॥७४८॥,0.2547,0.5655,0.6608,0.5891,-0.0043
bhuvanabhanu,70,22,एसो पुण काऊणं कुदिद्विरागेगरूवमप्पस्स ।,0.2576,0.593,0.616,0.6153,-0.0049
bhuvanabhanu,70,23,निअजणयं नमिऊणं च निग्गओ 'सावठाणाओ ॥७४९॥,0.2564,0.6153,0.7378,0.6355,-0.0048
bhuvanabhanu,70,24,सो रागकेसरी विस्ससेणवसुहाहिवस्स पासम्मि ।,0.2558,0.6428,0.6544,0.6647,-0.0044
bhuvanabhanu,70,25,पत्तो चिट्ठर छिदं अवलाअंतो महाधुत्तो ॥७५०॥,0.2576,0.6651,0.6696,0.6878,-0.0042
bhuvanabhanu,70,26,तत्तो अन्नय रण्णो साऊणं दंसणस्स पडिवत्ति ।,0.2552,0.6913,0.6672,0.7119,-0.0042
bhuvanabhanu,70,27,नामेण विस्सभूई तिदंडिओ आगओ तत्त्थ ॥७५११॥,0.2529,0.714,0.6585,0.7364,-0.0057
bhuvanabhanu,70,28,पुष्वपरिचिअत्तेणं सामरिसो सो नराहिनाहम्मि ।,0.2558,0.7428,0.6894,0.7673,-0.0054
bhuvanabhanu,70,29,नयरुञ्जाणम्मि ठिओ विज्ञ्जा-मंताइकूडगरो ॥७५२॥,0.2547,0.7647,0.6812,0.7875,-0.0082
bhuvanabhanu,70,30,'आवज्जिओ अ तेणं अन्नाणतवेण मंत-जंतेहिं ।,0.2593,0.7922,0.6608,0.8128,-0.0058
bhuvanabhanu,70,31,सब्यो वि नयरलोओ आगच्छर तस्स पासम्मि ॥७५३॥,0.2529,0.8137,0.7418,0.8364,-0.006
bhuvanabhanu,70,32,"१. प्राज्यसाम्राज्यम् (वर्यमैश्वर्यम्) पज्वसंमत्तं इत्यपि पाठः, तत्र प्राज्यसम्यक्त्वम् इत्वर्थः ॥ २. भरंतो-",0.1364,0.8557,0.8642,0.8828,-0.008
bhuvanabhanu,70,33,स्मरन् ॥ ३. विगतप्राया ॥ ४. तत्सैन्यसहः ॥ ५. यमगृहातिथित्वम् मरणमित्यर्थः ॥ ६. भग्नमदम् गतव्यापारम् ॥,0.0839,0.8845,0.8631,0.9085,-0.0052
bhuvanabhanu,70,34,"७. सौवस्थानात्, सौवम् निजमित्यर्थः ॥ ८. भावर्जितः अमिमुखं कृतः इत्यर्थः ॥",0.0868,0.9085,0.6439,0.9313,-0.0031
bhuvanabhanu,70,35,Jain Education International,0.0146,0.9747,0.1841,0.9828,0.0
bhuvanabhanu,70,36,For Private & Personal Use Only,0.4196,0.9751,0.62,0.9854,0.0
bhuvanabhanu,70,37,www.jainelibrary.org,0.8584,0.9755,0.9848,0.985,0.0
bhuvanabhanu,71,1,५४,0.0967,0.0691,0.1265,0.0803,0.0
bhuvanabhanu,71,2,सिरिइंदहंसगणिविरइय,0.6737,0.0631,0.8829,0.0816,0.0
bhuvanabhanu,71,3,राया उ उर्वेइ न निअदंसणमालिन्नसंभवभएणं ।,0.2692,0.0988,0.6987,0.1185,0.0
bhuvanabhanu,71,4,तस्स कलावंतस्स वि तवस्सिणो पासदेसम्मि ॥७५४॥,0.2675,0.1211,0.7401,0.1413,-0.0025
bhuvanabhanu,71,5,कस्स वि पासा उ तओ नरनाहो भाणिओ इमं तेण ।,0.2675,0.1537,0.7488,0.1726,-0.0012
bhuvanabhanu,71,6,पुष्वपरिचयस्लेअं पज्जवसाणं किमावन्नं ? ॥७५५॥,0.2675,0.1756,0.6976,0.1971,-0.0014
bhuvanabhanu,71,7,तुमए जमेगवारं पि गम्मए इत्थ ता विणस्सइ किं ? ।,0.2669,0.2065,0.7442,0.2284,-0.0012
bhuvanabhanu,71,8,चंदं जहा 'चगोरो वंछामि अहं तह भवंतं ॥७५६॥,0.2657,0.2301,0.7162,0.2486,0.0
bhuvanabhanu,71,9,पुव्वप्पीइविसेसेण पेरिओ तग्गिरोवरोहेण ।,0.2681,0.2559,0.6562,0.2782,-0.0015
bhuvanabhanu,71,10,एअस्स तावसस्स उ पासम्मि गओ नराहिवई ॥७५७॥,0.2675,0.2782,0.7465,0.2988,-0.0012
bhuvanabhanu,71,11,विज्जामंतविणोआ चित्तचमक्कारकग्णविहिदक्खा ।,0.2652,0.3104,0.6946,0.3293,0.0
bhuvanabhanu,71,12,रायम्स दंसिआ तेण तावसेर्ण अणेगे वि ॥७५८॥,0.2657,0.3328,0.6964,0.3521,-0.0014
bhuvanabhanu,71,13,अह लद्धावसरेणं अहिहिओ जो कुदिद्विराएण ।,0.2652,0.3594,0.6608,0.3813,-0.0015
bhuvanabhanu,71,14,*तस्सन्निहाणओ पुण तिइंडिणा रंजिओ राओ ॥७५९॥,0.2692,0.3817,0.7541,0.4036,-0.0024
bhuvanabhanu,71,15,अन्नदिणे वि निवस्साऽऽगयस्स कोउअसयाणि तावसओ ।,0.264,0.4126,0.7803,0.4328,-0.0011
bhuvanabhanu,71,16,अषरावराणि दंसेइ तम्मणो चिटुइ निवो वि ॥७६०॥,0.264,0.4358,0.7343,0.4564,-0.0012
bhuvanabhanu,71,17,बंधइ अ 'कंडयाई करेइ रक्खाउ पञ्चए निश्चं ।,0.2652,0.4633,0.6847,0.4826,-0.0014
bhuvanabhanu,71,18,पूरेइ ताव सो तावसो निवइणो परिजणस्स ॥७६१॥,0.2657,0.4856,0.7232,0.5054,-0.0013
bhuvanabhanu,71,19,तेणं जाव नरिंदो गसिओ अ कुदिदिरागसीहेण ।,0.264,0.5174,0.6783,0.5354,0.0
bhuvanabhanu,71,20,सम्मदंसणविसए जहा विरत्तो निवो जाओ ॥७६२॥,0.2634,0.5397,0.6935,0.5595,0.0
bhuvanabhanu,71,21,जो जंपइ जणपञ्च्चक्खमिमे न मुणंति किं पि सेअवडा ।,0.2634,0.5711,0.7657,0.5921,-0.0012
bhuvanabhanu,71,22,सप्पञ्चयं च नाणं तिदंडिणो जणिअअच्छेरं ॥७६३॥,0.2634,0.5938,0.7092,0.6127,0.0
bhuvanabhanu,71,23,अह चिंतिअं च सम्मदंसणमंतीसरेण ताव अहो ! ।,0.2617,0.6256,0.6783,0.6453,-0.0014
bhuvanabhanu,71,24,* रागत्तिअमज्झाओ पत्तो अ कुदिद्विरागहरी ॥७६४॥,0.2663,0.6479,0.6911,0.6677,-0.0014
bhuvanabhanu,71,25,अन्नाणविअडचरडो घट्टइ बीओ जरु व्व रोगाण ।,0.2628,0.6797,0.7045,0.7003,-0.0013
bhuvanabhanu,71,26,"किं तत्थ किर कहिज्जइ जमेरिसा ""संहई तेसिं ॥ ७६५।।",0.2628,0.7012,0.7523,0.7209,-0.0012
bhuvanabhanu,71,27,जत्थेगो मिलिओ तत्थ कोह-माणाइणो अ अवरे वि ।,0.2622,0.7334,0.7331,0.7531,-0.0012
bhuvanabhanu,71,28,पयडा पच्छन्ना वा आगच्छंति किर सव्वे वि ॥७६६॥,0.2617,0.7557,0.7407,0.7754,-0.0012
bhuvanabhanu,71,29,तम्हा अम्हाणं सममेपहिं संगई न जुत्त त्ति,0.2611,0.7879,0.6387,0.8085,0.0
bhuvanabhanu,71,30,चितिअ सम्मदंसणमंती अ अदंसणीभूओ ॥७६७॥,0.2605,0.8145,0.6591,0.8351,0.0
bhuvanabhanu,71,31,१. चकोरः ॥ २. तत्सन्निधानतः तत्सन्निधानात् ॥ ३. कण्डकानि ॥ ४. श्वेतपटाः साधवः इत्यर्थः ।।,0.1422,0.8609,0.8724,0.8815,0.0
bhuvanabhanu,71,32,५. रागन्त्रिकमध्यात् कुदृष्टिराग-स्नेहराग-विषयरागरूपत्रयमध्यादाद्यरूपधारी कुदृष्टिरागकेशरीत्यर्थः ॥ ६. ज्वर इव ॥,0.0909,0.8879,0.8706,0.9085,-0.0007
bhuvanabhanu,71,33,७. संहतिः ॥,0.0892,0.9137,0.183,0.93,0.0
bhuvanabhanu,71,34,Jain Education International,0.0146,0.9747,0.1841,0.9828,0.0
bhuvanabhanu,71,35,For Private & Personal Use Only,0.4196,0.9751,0.62,0.9854,0.0
bhuvanabhanu,71,36,www.jainelibrary.org,0.8584,0.9755,0.9848,0.985,0.0
bhuvanabhanu,72,1,भुवणभाणुकेलिचरियं,0.0932,0.0631,0.2861,0.0829,0.0
bhuvanabhanu,72,2,मिच्छादंसणमंती लद्धपवेसो कुओ वि उब्भूओ ।,0.2617,0.0979,0.6527,0.1198,-0.0015
bhuvanabhanu,72,3,'पत्तरिउम्मि व रायकुमरम्मि कुविओ भिसं अव्वो ! ॥७६८८।,0.2657,0.1207,0.8071,0.1421,-0.0011
bhuvanabhanu,72,4,तेण गले महिऊणं आणीओ तावसरण पासे जो ।,0.2599,0.1481,0.6946,0.1662,-0.0013
bhuvanabhanu,72,5,अन्नापतवगराणं कूडकुमेताइकुसलाणं ।॥७६९।।,0.2617,0.1717,0.6422,0.1911,-0.0015
bhuvanabhanu,72,6,तत्तो पुणरवि जो धम्मकम्मकवडेण विहिअपावभरो ।,0.2605,0.1971,0.7314,0.2185,0.0
bhuvanabhanu,72,7,मरणेणं संहरिओ कुप्पंतेणमिव परलच्छि ॥७७०।।,0.2634,0.2194,0.6888,0.24,-0.0014
bhuvanabhanu,72,8,अह तेहिं मोहाइअरिऊहिमेगिंदिआइसु अ नीओ 1,0.2564,0.2469,0.6836,0.2671,0.0
bhuvanabhanu,72,9,तेसु वि धरिओ जो बहुकालं दुहदावसंतत्तो ॥७७१॥,0.2576,0.2692,0.7249,0.2915,-0.0012
bhuvanabhanu,72,10,तत्तो अन्नय पुणरवि कम्मनरिंदेण मणुअखित्तम्मि ।,0.2564,0.2997,0.6935,0.322,-0.0013
bhuvanabhanu,72,11,धणदत्त सिट्टिगेहे पुत्तो उप्पाइओ जो उ ।॥७७२।।,0.2599,0.3229,0.6626,0.3448,-0.0029
bhuvanabhanu,72,12,नामेणं सुहगो जो सोहग्गगुणागरो अ वड्ढतो ।,0.2564,0.3499,0.6702,0.3705,-0.0014
bhuvanabhanu,72,13,तारुण्णकणगभूसण विभूसिअसरीरओ जाओ ॥७७३॥,0.2552,0.3718,0.7005,0.3929,-0.0013
bhuvanabhanu,72,14,सुगुरु-सयागमपासे 'खाओवसमिअमणुण्णरूवधरं ।,0.2593,0.4027,0.6987,0.4246,-0.0027
bhuvanabhanu,72,15,• सम्मदंसणमंति कम्मनिवो दंसए जस्स ॥७७॥,0.243,0.4264,0.6305,0.4461,-0.0015
bhuvanabhanu,72,16,मिच्छत्ताई सत्तू तहेव नट्ठर खणेण कट्ठगरा ।,0.2617,0.4547,0.6358,0.4736,-0.0016
bhuvanabhanu,72,17,सम्मदंसणसेवा तओ कया जेण 'कइवासा ॥७७५॥,0.2558,0.4749,0.6964,0.4955,-0.0026
bhuvanabhanu,72,18,जस्स य पाणिग्गहणं सुकुलुप्पन्नाइ इब्भकन्नाए ।,0.2541,0.5028,0.6719,0.5251,-0.0028
bhuvanabhanu,72,19,*सध्वसयणसक्कारणपुरस्सरं कारिअं पिउणा ॥७७६॥,0.2576,0.5238,0.7092,0.5474,-0.0039
bhuvanabhanu,72,20,तीए समे तिअसभोगसमे भोगे अ भुजमाणस्स ।,0.2547,0.556,0.6824,0.5775,-0.0014
bhuvanabhanu,72,21,जस्स सुरोवमरूवस्स सुओ जाओ सपडिबिंबो ॥७७७७॥,0.2547,0.5784,0.7325,0.6003,-0.0024
bhuvanabhanu,72,22,अह रागमईंदो जं बीअसिणेहेगरामरूवधरो ।,0.2517,0.6058,0.6416,0.626,-0.0015
bhuvanabhanu,72,23,*सावसरं नाऊणं आगंतूणं च सेवेइ ॥७७८।।,0.2558,0.6299,0.6404,0.6488,-0.0015
bhuvanabhanu,72,24,तस्सन्निहाणओ जस्स य जाओ निश्चलो सिणेहभरो ।,0.2541,0.6552,0.7279,0.6741,-0.0025
bhuvanabhanu,72,25,जणणी-जणएसु तहा बंधुसु बहिणीसु सयणेसु ॥७७९॥,0.2541,0.678,0.7267,0.7012,-0.0037
bhuvanabhanu,72,26,कि बहुणा भणिपणं ? दासीपमुहं पि माणुसं किं पि ।,0.2535,0.7089,0.7343,0.7329,-0.0036
bhuvanabhanu,72,27,घरमागओ जइ न जो पासइ पुच्छइ अ कुत्थ गये ? ॥७८०॥,0.2517,0.7329,0.7832,0.7535,-0.0033
bhuvanabhanu,72,28,अवगणिअछुहाइदुहो संभंतो तव्विलोअणं कुणइ ।,0.2547,0.7638,0.6789,0.7866,-0.0041
bhuvanabhanu,72,29,जो ताव जाब दिटुं तओ रई लहइ संतमणो ॥७८१॥,0.2547,0.7866,0.7127,0.8081,-0.0038
bhuvanabhanu,72,30,जस्स तणयम्मि जो पडिबंधो जाओ अ तस्स किं कहणं ? ।,0.2529,0.8132,0.7826,0.8321,-0.0011
bhuvanabhanu,72,31,जम्हा चउम्मुहो वि अन होइ तब्भणणपारगओ ॥७८२॥,0.2517,0.8364,0.7506,0.857,-0.0035
bhuvanabhanu,72,32,१. प्राप्तरिपौ ॥ २. क्षायोपशमिकमनोज्ञरूपधरम्-क्षायोपशमिकसम्यक्त्वरूपधारिणमित्यर्थः ॥ ३० कतिवर्षाणि-,0.1352,0.8785,0.8689,0.9,-0.0016
bhuvanabhanu,72,33,कतिचिद्रर्घाणीत्यर्थः ॥ ४. सर्वस्वजनसत्कारणपुरस्सरम् ॥ ५. स्वावसरम् ॥,0.0862,0.9085,0.5752,0.9283,-0.0012
bhuvanabhanu,72,34,Jain Education International,0.0146,0.9747,0.1841,0.9828,0.0
bhuvanabhanu,72,35,For Private & Personal Use Only,0.4196,0.9751,0.62,0.9854,0.0
bhuvanabhanu,72,36,www.jainelibrary.org,0.8584,0.9755,0.9848,0.985,0.0
bhuvanabhanu,73,1,सिरिइंदहंसगणिविरइसँ,0.6742,0.0571,0.8858,0.0764,0.0
bhuvanabhanu,73,2,तह वि दिसामि लवमिअं तं सुणह जणा ! सुसावहाणमणा ।,0.271,0.0932,0.8193,0.1146,0.0
bhuvanabhanu,73,3,सुअमुच्छंगे गिण्हइ जो किर आबालकालाओ ॥७८३॥,0.2727,0.1164,0.7389,0.137,0.0
bhuvanabhanu,73,4,हिअपण समं सुअमा' सिलेसइ अ मच्छिआलिकलिअं जो ।,0.2727,0.143,0.8071,0.1636,0.0
bhuvanabhanu,73,5,*तव्ययणमंबों पिव चुंबइ नासामलकिलिन्नं ॥७८४॥,0.2768,0.1657,0.7302,0.1863,0.0
bhuvanabhanu,73,6,*सिसुमुहपडंतलालामुत्तपुरीसेहिमसुइभूपहिं ।,0.2739,0.1919,0.6614,0.2143,0.0
bhuvanabhanu,73,7,जस्स सरीरं च खरंटिज्जइ संहरइ ताणि सयं ॥ ७८५।।,0.271,0.2155,0.7593,0.2336,0.0
bhuvanabhanu,73,8,'निअसोणितडारो विअडिंभो जो परिभमेइ निल्ज्ञो ।,0.2751,0.2422,0.7389,0.2615,0.0
bhuvanabhanu,73,9,तिगपह-चउक्क-चश्वर-रायप्पहपमुहठाणेसु ॥७८६॥,0.2745,0.2653,0.7045,0.286,0.0
bhuvanabhanu,73,10,गहिलु व्व गणेइ जणोवहासकरणाणि जो अन कयाषि ।,0.2751,0.2911,0.7821,0.313,0.0
bhuvanabhanu,73,11,तश्चिट्ठालग्गमणो भुजइ न य सुबइ वेलाए ॥७८७।।,0.2721,0.3143,0.7092,0.3353,0.0
bhuvanabhanu,73,12,वुद्रढो सुओ अ संतो महुरं 'खजं सिणेहवंतं च ।,0.2704,0.3413,0.722,0.3624,0.0
bhuvanabhanu,73,13,आहारमाहरेइ अ पिआ पुणो नीरसं सेसं ॥७८८॥,0.2716,0.3641,0.7127,0.3843,0.0
bhuvanabhanu,73,14,पंडिअपासम्मि सुओ पढेइ सत्थाणि लेहसालाए ।,0.2692,0.3899,0.7016,0.4109,0.0
bhuvanabhanu,73,15,गच्छइ सर्म सुपर्ण पाढेर अ जो 'समीवठिओ ॥७८९॥,0.2721,0.4135,0.7483,0.4328,0.0
bhuvanabhanu,73,16,अइ सुअसरीरकारणमुप्पज्जइ किं पि जरपमुहमप्पं ।,0.2704,0.4405,0.7273,0.4607,0.0
bhuvanabhanu,73,17,जो चिट्ठइ तस्सुवरिं पडिओ अ तया अहोरप्त्तं ॥७९०॥,0.2727,0.4629,0.7488,0.483,0.0
bhuvanabhanu,73,18,आगारेइ अणेगे सव्वचिगिच्छाविअक्खणे विज्जे ।,0.2716,0.4903,0.704,0.5088,0.0
bhuvanabhanu,73,19,'तब्भासिआणि जो ओसहाणि आणेइ कारेइ ॥७९१॥,0.2745,0.5122,0.7319,0.5324,0.0
bhuvanabhanu,73,20,"'""गणगे अ भोइए मंततंतविज्ञाइवेअगे वा वि ।",0.2762,0.5397,0.6865,0.5595,0.0014
bhuvanabhanu,73,21,आणेउं निअगेहे पुत्तं जो 'उवचरावेइ ॥७९२॥,0.2716,0.5616,0.6894,0.5827,0.0014
bhuvanabhanu,73,22,जाव तणयस्स न गुणो हवेइ जो ताव दीसए दीणो ।,0.2692,0.5904,0.7453,0.6093,0.0
bhuvanabhanu,73,23,जई बच्छस्स हविस्सइ असुहं ''सोअइ हया उ वयं ॥७९३।।,0.2686,0.6127,0.8054,0.6329,0.0
bhuvanabhanu,73,24,*मुग्गोदगाइ कुणमाणे वि सुए लंघणं कुणेइ सयं ।,0.2727,0.6398,0.7255,0.6604,0.0
bhuvanabhanu,73,25,निद्दमुवगए तम्मि अ जो अनिसं जागरइ मूढो ॥७९४॥,0.2716,0.6621,0.7558,0.6827,0.0
bhuvanabhanu,73,26,कुमरीकरग्गहं कारिओ सुओ जेण जुव्वणं पत्तो ।,0.2716,0.6896,0.7016,0.7102,0.0
bhuvanabhanu,73,27,ससिणेहमाणसेणं निवेसिओ आवणम्मि तओ ॥ ७९५।।,0.2716,0.7115,0.7372,0.7308,0.0013
bhuvanabhanu,73,28,जेणं वाणिज्जकलाओ सयलाओ अ सिक्खिओ कुमरो ।,0.271,0.7381,0.7448,0.7604,0.0012
bhuvanabhanu,73,29,पआ सव्वा नेआ ''सिणेहरागनडचिट्ठ त्ति ॥७९६॥,0.2733,0.7621,0.7238,0.7819,0.0
bhuvanabhanu,73,30,१. आइलेषयति ॥ २. मक्षिकालिकलितम् ॥ ३. तद्वदनं आम्रकमिव ॥ ४. शिशुमुखपतल्लालामुत्रपुरीषैरा-,0.1544,0.8008,0.8899,0.8231,0.0008
bhuvanabhanu,73,31,चिभूतैः ॥ ५. खरण्टद्यते लिप्यते इत्यर्थः ॥ ६. निजश्रोणितटारोपितडिम्भो यः ॥ ७. खाद्यम् ॥ ८. समीपस्थितः ॥,0.0997,0.8261,0.8846,0.8476,0.0007
bhuvanabhanu,73,32,९. तद्‌भाषितानि ॥ १०० गणकांश्च भौतिकान् मन्त्रतन्त्रविद्यादिवेदकान्-वेदकान् वेतृनित्यर्थः ॥ ११. उपचारं,0.1031,0.8553,0.8858,0.8759,0.0007
bhuvanabhanu,73,33,करोति कारबति वा ॥ १२. शोचति इतास्तु वयम् ॥ १३. मुद्गोदकादि कुर्वति अपि सुप्रलनं करोति सबम् ।।,0.1049,0.8824,0.884,0.9038,0.0007
bhuvanabhanu,73,34,१४. स्नेहरागनटचेष्ठाः ॥,0.1031,0.9051,0.2692,0.9223,0.0
bhuvanabhanu,73,35,Jain Education International,0.0146,0.9747,0.1841,0.9828,0.0
bhuvanabhanu,73,36,For Private & Personal Use Only,0.4196,0.9751,0.62,0.9854,0.0
bhuvanabhanu,73,37,www.jainelibrary.org,0.8584,0.9755,0.9848,0.985,0.0
bhuvanabhanu,74,1,भुवणभाणुकेलिचरियं,0.1148,0.0661,0.3071,0.088,-0.0091
bhuvanabhanu,74,2,धणदत्तनामसिद्विवरम्मि 'परासुम्मि अप्पिअं सव्वं ।,0.2832,0.1061,0.7314,0.1267,0.0
bhuvanabhanu,74,3,*जेण निहाणाइअमंगयस्स तस्स अइइदुस्स ॥७९७।।,0.2832,0.1288,0.7249,0.1494,0.0
bhuvanabhanu,74,4,सव्वम्मि जेण निअघरबाबारे सो निजोइओ पुत्तो ।,0.2826,0.155,0.7418,0.1752,0.0
bhuvanabhanu,74,5,गर्याचतो मूढमणो सयं च जाओ 'अकिंचिगरो ॥७९८॥,0.2809,0.1769,0.7628,0.1967,0.0
bhuvanabhanu,74,6,'पवं सपुत्तचिंताउरस्स देवा उ जस्स विस्सरिआ ।,0.2838,0.2044,0.7372,0.225,0.0
bhuvanabhanu,74,7,दिट्टीए वि न दिट्ठा कया वि गुरुणो पुणो जेण ॥७९९॥,0.2791,0.2271,0.7751,0.2482,0.0
bhuvanabhanu,74,8,*उत्तरिआणि गुरुगिरोदगाणि सव्वाणि जस्स मणसेला ।,0.2832,0.2529,0.7809,0.2735,0.0
bhuvanabhanu,74,9,साहम्मिअवग्गो जंपतो पीई न वि जणेइ ॥८००॥,0.2768,0.2761,0.7121,0.295,0.0
bhuvanabhanu,74,10,'रोअंति नोवएसं विअरंता जस्स कोविअजणा य ।,0.2797,0.3023,0.7302,0.3199,0.0
bhuvanabhanu,74,11,धम्मकहा पडिहाइ महारिउभूआ तहा जस्स ॥८०१॥,0.2797,0.325,0.7325,0.3439,0.0
bhuvanabhanu,74,12,दुव्विलसिअं च एअं 'सिणेहरागमिगसत्तुणो सव्वं ।,0.2797,0.3517,0.7308,0.3736,0.0
bhuvanabhanu,74,13,सम्म सणनामम्मि गिज्झमाणम्मि जस्स दुहं ॥८०२॥,0.2797,0.374,0.7115,0.3954,0.0
bhuvanabhanu,74,14,सम्म सणमंती तहेव जाओ अदंसणो एसो ।,0.2791,0.4062,0.6422,0.4246,0.0
bhuvanabhanu,74,15,लद्धो पुणो अवसरो मिच्छादंसणअमवेण ॥८०३॥,0.2751,0.4285,0.6702,0.4495,-0.0015
bhuvanabhanu,74,16,सकुडंबो 'अणुअरसंजुओ अ मिच्छत्तनाममंतिवरो ।,0.2762,0.4547,0.708,0.4757,-0.0013
bhuvanabhanu,74,17,जमहिठ्ठाइ पचिट्ठो पाविट्ठो दुट्ठधिट्ठमणो ॥८०४॥,0.2768,0.4762,0.7279,0.4998,-0.0026
bhuvanabhanu,74,18,पोढत्तणं च पत्ते पुत्तो सकलत्तपमुहषयणेहिं ।,0.2751,0.5036,0.6678,0.5251,-0.0015
bhuvanabhanu,74,19,निक्कासेइ गिहाओ सुहगं हा ! दोसमिअ दाउं ॥८०५॥,0.2791,0.526,0.7424,0.547,-0.0025
bhuvanabhanu,74,20,निश्च तुममम्हाणं उब्वेअगरो अणत्थमूलं च ।,0.2756,0.5539,0.6632,0.5745,-0.0015
bhuvanabhanu,74,21,न सुहं पि देसि ठाउं 'उवगरिअं किं तए अम्हं ? ॥८०६॥,0.2768,0.5754,0.7861,0.5964,-0.0023
bhuvanabhanu,74,22,उवगारो वि कओ पुण जस्स विणासम्स कारणं जाओ ।,0.2751,0.6076,0.7791,0.629,-0.0012
bhuvanabhanu,74,23,जइ वा अइवुट्ठी फलनासगरी वुञ्च्चए लोए ॥८०७॥,0.2739,0.6303,0.7197,0.6514,-0.0013
bhuvanabhanu,74,24,"अइभरिअं ''उल्लट्टइ तुट्टइ अइताणिअं च झत्ति ""जए ।",0.2721,0.6569,0.771,0.6784,0.0
bhuvanabhanu,74,25,** अइमहिअं होइ विसं अइसदं वज्जए तम्हा ॥८०८॥,0.2791,0.6793,0.7325,0.699,-0.0013
bhuvanabhanu,74,26,मिच्छादंसणसहिओ सुहगो सद्धम्मबुद्धिरहिओ अ ।,0.2727,0.7063,0.6737,0.7269,0.0
bhuvanabhanu,74,27,''पइगेहं पत्थंतो कवलाइअमित्थ दुहवतो ॥८०९॥,0.2774,0.7295,0.7045,0.751,0.0
bhuvanabhanu,74,28,पावमणेगविहं अजिऊण मण-वयण-कायजोगेहिं ।,0.2704,0.7561,0.6923,0.7754,0.0
bhuvanabhanu,74,29,पगिंदिआइसु गओ अणेगवारा मओ संतो ॥८१०॥,0.2733,0.7789,0.7051,0.7991,0.0
bhuvanabhanu,74,30,५७,0.8683,0.0713,0.9009,0.0824,0.0
bhuvanabhanu,74,31,१. परासौं मृत ॥ २. येन निधानादिकमङ्गजस्य तस्य अति-इष्टस्य ॥ ३. अकिञ्चित्करः ॥ ४. एवं स्वपुत्र-,0.1533,0.8274,0.8852,0.8463,0.0
bhuvanabhanu,74,32,चिन्तातुरस्य देवास्तु यस्य विस्मृताः ॥ ५. उत्तीण नि गुरुगिरोदकानि सर्वणि यस्य मन्ःशैलात् ॥ ६. रोचन्ते,0.1026,0.8532,0.8852,0.8759,-0.0015
bhuvanabhanu,74,33,न उपदेशं वितरन्तः यस्य कोविदजनाश्च ॥ ७. स्नेहागमृगशत्रोः स्नेहागसिंहस्येत्यर्थः ॥ ८. अनुचरसंयुतः ॥,0.1031,0.8802,0.8823,0.903,-0.0022
bhuvanabhanu,74,34,९. उपकृतम् ॥ १०. विपरीतं भवति ।। ११० जगति ॥ १४० अतिमथितम् ॥ १३० प्रतिगेहम् ।।,0.102,0.9081,0.7978,0.9292,-0.0017
bhuvanabhanu,74,35,Jain Education International,0.0146,0.9747,0.1841,0.9828,0.0
bhuvanabhanu,74,36,For Private & Personal Use Only,0.4196,0.9747,0.62,0.985,0.0
bhuvanabhanu,74,37,www.jainelibrary.org,0.8584,0.9755,0.9848,0.985,0.0
bhuvanabhanu,75,1,५८,0.102,0.0605,0.1294,0.0713,0.0
bhuvanabhanu,75,2,सिरिइंदहंसगणिविरइयं,0.6789,0.058,0.8858,0.0786,0.0028
bhuvanabhanu,75,3,पुणरवि कम्मनिवेणं आणीओ जो अ माणुसभवम्मि ।,0.2739,0.0927,0.7389,0.1146,0.0013
bhuvanabhanu,75,4,गिहवइपुत्तो जाओ विक्खाओ सीहनामेणं ॥८११॥,0.2756,0.1155,0.6976,0.137,0.0014
bhuvanabhanu,75,5,तत्थ वि सग्मदंसणसंजोगो जस्स मेलिओ गुरुणा ।,0.2727,0.1426,0.6941,0.1636,0.0028
bhuvanabhanu,75,6,जेण कया तस्सेवा एगमणेणं बहुदिणाणि ॥ ८१२॥,0.2692,0.1657,0.697,0.1872,0.0014
bhuvanabhanu,75,7,जो जुव्वणवयसोहिअअंगोवंगय सुचंगबाहुजुगो ।,0.2698,0.1924,0.6807,0.2138,0.0014
bhuvanabhanu,75,8,'विसएगरागरूवधररागसीहेण अग्धाओ ।।८१३॥,0.278,0.2147,0.6655,0.2336,0.0015
bhuvanabhanu,75,9,जो रज्जइ गीआइसु सुवेणुवीणाइझुणिविसेसेसु ।,0.2692,0.2417,0.6911,0.2632,0.0014
bhuvanabhanu,75,10,जन्नित्ताणि भमंति अ रमणीरमणीयरूवेसु ॥८५४॥,0.2832,0.2636,0.7156,0.2855,0.0013
bhuvanabhanu,75,11,जस्स रसणा सुमहुराइसिणिद्धरसेसु सव्वया गिद्धा ।,0.2686,0.2911,0.7378,0.313,0.0012
bhuvanabhanu,75,12,मिगमय-घणसाराइसुरहिगंवे नासिआ लुद्रा ॥८१५॥,0.2663,0.313,0.7185,0.3362,0.0013
bhuvanabhanu,75,13,सुहफरिसाणि दुगुल्लाइआणि वत्थाणि जो अ परिधेइ ।,0.2686,0.3405,0.7483,0.362,0.0012
bhuvanabhanu,75,14,जस्स कलत्ते जो अणुराओ सो पुण कहिज्जइ किं ? ॥ ८१६॥,0.2669,0.3637,0.7867,0.3847,0.0011
bhuvanabhanu,75,15,तथाहि -,0.2669,0.3899,0.3502,0.4075,0.0
bhuvanabhanu,75,16,जणणी-जणया जेणं गिहाउ निकासिआ तहा सेसं ।,0.2657,0.4169,0.7191,0.4358,0.0013
bhuvanabhanu,75,17,परिहरिअं च कुटुंबं पियाणुरत्तेर्गाचत्तेण ॥८६७॥,0.2675,0.4392,0.6871,0.4603,0.0014
bhuvanabhanu,75,18,जंपइ अ जं पिआ तं चिअ सच्चं जं च कुणइ तं च हिअं ।,0.2657,0.4667,0.7867,0.4882,0.0011
bhuvanabhanu,75,19,सेसमसञ्चं अहिअं सव्वं जो अ इअ मन्नेइ ॥८१८॥,0.2663,0.4891,0.6987,0.5097,0.0013
bhuvanabhanu,75,20,दासी-दासाइअपरियणो नि चत्तो अ लद्धपसराए ।,0.2646,0.5152,0.7075,0.5354,0.0013
bhuvanabhanu,75,21,जम्स पिआए सच्छंदचारिणीए 'मयच्छीए ॥८६९॥,0.2652,0.5389,0.715,0.5586,0.0013
bhuvanabhanu,75,22,*अप्पवसवट्टिओ कंतओ तओ तीइ तक्खणेण कओ ।,0.2704,0.565,0.736,0.5878,0.0013
bhuvanabhanu,75,23,पक्खालेइ निअंगं पइदिणमेसा निरासंका ॥८२॥,0.2646,0.5878,0.6952,0.6084,0.0014
bhuvanabhanu,75,24,कप्पूर-चंदणाइअविलेवणेहिं विलिपइ सदेहं ।,0.2663,0.6157,0.6544,0.635,0.0
bhuvanabhanu,75,25,परिधेइ सा सुकोमलनिम्मलवत्थाणि विविहाणि ॥८२१॥,0.278,0.638,0.7716,0.6582,0.0
bhuvanabhanu,75,26,भूसेइ सा विभूसणनिअरेहिं वासरम्मि निअअंगं ।,0.2657,0.666,0.6952,0.6848,0.0
bhuvanabhanu,75,27,मुंजइ जं मणइटठं पडिभासइ जस्स सा देइ ॥८२२॥,0.2634,0.6887,0.7197,0.7076,0.0
bhuvanabhanu,75,28,नड-विडपुरिसेहिं सा रमइ समणकामिएहिं सच्छेदं ।,0.264,0.7153,0.7279,0.7355,0.0013
bhuvanabhanu,75,29,रंजेइ तहा वि पिअं निअमायाविणयवयणेहिं ॥८२३॥,0.2646,0.7377,0.7197,0.7587,0.0013
bhuvanabhanu,75,30,जो मन्नइ तं भज्जं सई हिअं 'देवयं व सीलवई ।,0.2593,0.7647,0.7028,0.7853,0.0013
bhuvanabhanu,75,31,अन्नदिणम्मि परिक्खा किज्जइ तीए तओ जस्स ॥८२४।।,0.2593,0.7879,0.7459,0.8076,0.0012
bhuvanabhanu,75,32,कंचण वितह दोसं एसा उब्भाविऊण निअकंतं ।,0.2611,0.8145,0.69,0.8343,0.0014
bhuvanabhanu,75,33,पण्हिप्पहारपहिं आहणए रोसरत्तमुही ॥८२५॥,0.2739,0.8373,0.6713,0.8587,0.0015
bhuvanabhanu,75,34,१. विषयैकरागरूपधररागसिंहेन आघ्रातः ।। २. यन्नेत्राणि ॥ ३. मृगाक्ष्या ॥ ४. आत्मवशवर्तिकः ॥ ५.,0.1416,0.8751,0.8712,0.8965,0.0008
bhuvanabhanu,75,35,कान्तः ॥ ६. परिदधाति ॥ ७. देवतामिव ॥ ८. पाष्णिप्रहारकैः ॥,0.0909,0.9025,0.5653,0.9223,0.0
bhuvanabhanu,75,36,Jain Education International,0.0146,0.9747,0.1841,0.9828,0.0
bhuvanabhanu,75,37,For Private & Personal Use Only,0.4196,0.9747,0.62,0.985,0.0
bhuvanabhanu,75,38,www.jainelibrary.org,0.8584,0.9755,0.9848,0.985,0.0
bhuvanabhanu,76,1,७,0.0862,0.9163,0.0979,0.9214,0.0
bhuvanabhanu,76,2,भुवणभाणुकेवलिचरियं,0.1037,0.0644,0.2966,0.0837,-0.003
bhuvanabhanu,76,3,तत्तो तीए पयमद्दणं कुणंतो वपइ जो एवं ।,0.2692,0.1061,0.6515,0.1254,0.0
bhuvanabhanu,76,4,नायं पिए ! मए तुह किर 'मायामयमलीअमिणं ॥८२६॥,0.2686,0.1275,0.7692,0.1481,0.0
bhuvanabhanu,76,5,न कया वि तहाविहमवि अहं करिस्सामि सोमतुल्लमुहि ! ।,0.2692,0.1546,0.799,0.1752,0.0
bhuvanabhanu,76,6,एअं जमेगवारं पि कयं महं तं घरं जायं ॥८२७।।,0.2681,0.1773,0.6987,0.1945,0.0
bhuvanabhanu,76,7,जम्हा तुमए गोसीसचंदणरसाउ सीअल्तमेण ।,0.2675,0.204,0.6731,0.2237,0.0
bhuvanabhanu,76,8,सुहमुप्पन्नं मह आहयस्स सपयप्पहारेण ॥८२८॥,0.2657,0.228,0.6812,0.2465,0.0
bhuvanabhanu,76,9,अह चितेइ पिआ मे दासो एसो बरायओ जाओ ।,0.2652,0.2533,0.7325,0.2722,0.0
bhuvanabhanu,76,10,ता किं भमामि बाहिं ? गिहम्मि आणेमि इट्टनरं ॥८२९॥,0.2652,0.2761,0.7617,0.2963,0.0
bhuvanabhanu,76,11,बीअदिणम्मि इमाए तरुणो को वि पुरिसो सुरसमाणो ।,0.2657,0.3027,0.7692,0.3242,0.0012
bhuvanabhanu,76,12,सगिहंगणम्मि तीए ग्यणीए रक्खिओ ताव ॥८३०॥,0.2686,0.3255,0.7203,0.3448,0.0013
bhuvanabhanu,76,13,सग्याओ पिउसंबंधिमाणुम किं पि आगअं सामि ! ।,0.2657,0.3577,0.7314,0.377,0.0
bhuvanabhanu,76,14,गेहदुवारे चिटूठइ कहेइ कंतं पिआ एवं ॥८३१॥,0.2652,0.3796,0.6812,0.401,0.0
bhuvanabhanu,76,15,तं माणुसं मए सममिच्छइ छन्नं च भासिउं किंचि (पि) ।,0.2628,0.4066,0.7547,0.4268,0.0
bhuvanabhanu,76,16,एअं पि करेमि कहं ? पिअ ! आपसेण तुज्झ विणा ॥८३२॥,0.264,0.4294,0.7791,0.45,0.0
bhuvanabhanu,76,17,'परघरतत्तिगरो लोगो भासिस्सइ जओ परं किं पि ।,0.2663,0.4564,0.7389,0.4757,0.0
bhuvanabhanu,76,18,सम्मं मज्झ सरूवं तु तारिस मुणसि नाह ! तुमं ॥ ८३३॥,0.264,0.4783,0.7617,0.4998,-0.0012
bhuvanabhanu,76,19,किं भासिएण बहुणा अवरेणं ? तत्थ सामिअ ! तओ जो ।,0.2628,0.5062,0.7774,0.5264,0.0
bhuvanabhanu,76,20,"'चवइ पिए ! इअ वत्तुं ""नाऽरिहसि तुमं पसन्नमणो ॥८३४॥",0.2646,0.5286,0.8007,0.55,0.0
bhuvanabhanu,76,21,अप्पो वि नेव तुज्झं विसए विगप्पो हविज्ज्ञ मज्झ मणे ।,0.2727,0.5608,0.7774,0.5805,0.0
bhuvanabhanu,76,22,"""काहावणम्मि सच्चे किं दोसुग्धाडणं सहलं ? ॥८३५॥",0.2628,0.5831,0.7203,0.6028,0.0
bhuvanabhanu,76,23,मममऽन्नसमं मन्नसि मा पेयसि ! अन्नभासिअं सोउं ।,0.2599,0.6101,0.7506,0.6286,0.0
bhuvanabhanu,76,24,नाऽहं सगिहं भंजेमि जेण तं गच्छतु तुमं च ॥३६॥,0.2576,0.6333,0.7261,0.6535,0.0
bhuvanabhanu,76,25,तं माणुसं भणइ जं सोअव्वं तं तए तहा तं च ।,0.2582,0.6604,0.6847,0.6801,0.0
bhuvanabhanu,76,26,सम्माणिज्जउ पिउणो अम्हासु जहा पसीअंति ॥८३७॥,0.2587,0.6827,0.7244,0.7024,0.0
bhuvanabhanu,76,27,अह तत्थ गया सा तेण समं रमए सहरिसमिच्छाए ।,0.2564,0.714,0.7319,0.7325,-0.0012
bhuvanabhanu,76,28,निअकंतस्स कहइ सा इमेण निब्भच्छिआ अहयं ॥ ८३८८॥,0.2582,0.7372,0.7622,0.757,0.0
bhuvanabhanu,76,29,न कुणह भत्ति तुम्हे अम्हाणं ताव पुव्वमिच्चाइ ।,0.2576,0.7647,0.6725,0.7849,0.0
bhuvanabhanu,76,30,उब्भाविऊण दोसे तओ मए तोसिअं तु तहा ॥ ८३९॥,0.2558,0.7862,0.7209,0.8068,0.0
bhuvanabhanu,76,31,तुम्हाण जहा पिउणो सुपसन्ने सव्वया करिस्सामि ।,0.2547,0.8128,0.7255,0.8347,-0.0012
bhuvanabhanu,76,32,पिउ रुज्जेहि माणुसमिहागयं चिट्ठए तं तु ॥८४०॥,0.2541,0.8356,0.6853,0.8566,-0.0014
bhuvanabhanu,76,33,१. मायामयमलीकम् ॥ २. वराककः ॥ ३. परघरतप्तिकरः ॥ ४. कथयति ॥ ५. न अर्हसि ॥ ६. अल्पः ॥,0.1352,0.8785,0.8654,0.8982,0.0
bhuvanabhanu,76,34,कार्षापणे ॥ ८. निर्भत्सिताऽहम् ॥,0.1107,0.9073,0.3485,0.9253,0.0
bhuvanabhanu,76,35,Jain Education International,0.0146,0.9747,0.1841,0.9828,0.0
bhuvanabhanu,76,36,For Private & Personal Use Only,0.4196,0.9751,0.62,0.9854,0.0
bhuvanabhanu,76,37,५९,0.8578,0.0704,0.8881,0.0829,0.0
bhuvanabhanu,76,38,www.jainelibrary.org,0.8584,0.9755,0.9848,0.985,0.0
bhuvanabhanu,77,1,६०,0.0938,0.073,0.12,0.0846,-1.5708
bhuvanabhanu,77,2,सिरिइंदहंसगणिविरश्यं,0.6707,0.0644,0.8782,0.0829,0.0
bhuvanabhanu,77,3,सामिअ ! मए निमंतिअमिह माणुस ! 'ठिजए तप जाव ।,0.264,0.1069,0.7803,0.1275,-0.0011
bhuvanabhanu,77,4,अम्हाणं आवासे कायव्वं भोअणं ताव ॥८४१।।,0.2628,0.131,0.6603,0.1486,0.0
bhuvanabhanu,77,5,जेणुत्तं सोहणमेअं कयमुत्तमगईइ प्रायव्वं ।,0.2622,0.1576,0.6422,0.1778,0.0
bhuvanabhanu,77,6,तब्भोअर्ण तओ सा 'सहलिअसमणोरहा जाया ॥८४२।।,0.2652,0.1803,0.7453,0.1984,0.0
bhuvanabhanu,77,7,पक्कन्न-सालि-दालिप्पमुहेहिं नव्वनव्ववत्थूहि ।,0.2646,0.207,0.6573,0.2267,0.0
bhuvanabhanu,77,8,भुजेइ सा 'उबबई तेण समं पञ्चहं रमइ ॥८४३॥,0.2634,0.2297,0.6923,0.2499,-0.0014
bhuvanabhanu,77,9,एगम्मि दिणे अप्पेइ कुंकुमाऽऽरत्तसुकपुप्फाणि ।,0.2652,0.2559,0.6807,0.2765,-0.0014
bhuvanabhanu,77,10,कंतस्स बीअपूराइअपुग्वफलाणि अ कुओ वि ॥८४४॥,0.2652,0.2774,0.7249,0.3001,-0.0025
bhuvanabhanu,77,11,सा भासेइ अ सव्वावयासु भत्तीइ तोसिआ उ मए ।,0.2634,0.3053,0.7389,0.3259,-0.0012
bhuvanabhanu,77,12,पिअ ! तुज्झ दिति अंतरहत्थे ते पुव्वया सव्वे ॥८४५॥,0.2669,0.328,0.7541,0.3499,-0.0012
bhuvanabhanu,77,13,अह जो पणमेइ इमे पमोअओ 'पुब्वए निअसिरम्मि ।,0.2617,0.3547,0.7465,0.3761,-0.0012
bhuvanabhanu,77,14,आरोवेइ अ तेसिं 'सेसाइअमित्थ भत्तीए ॥८४६।॥,0.2646,0.3778,0.6952,0.3976,0.0
bhuvanabhanu,77,15,को वि नरो जइ जंपइ तुज्झ पिआ परिसा विगयसीला ।,0.2634,0.404,0.778,0.4251,0.0
bhuvanabhanu,77,16,सो पुण भणेइ अ तया हुं जाणामि (अ) अहमिमं पि ॥८४७॥,0.264,0.4268,0.8059,0.4504,-0.0011
bhuvanabhanu,77,17,पढमं चेव अओ मह ताव पियाए निवेइअं सव्वं ।,0.2646,0.4547,0.7121,0.474,0.0
bhuvanabhanu,77,18,इअ उत्तरं च क़स्स बि न देइ 'बुग्गाहिओ ''जीइ ॥८४८॥,0.2657,0.4766,0.7908,0.4985,-0.0011
bhuvanabhanu,77,19,अह अन्नदिणे परतत्तिवाहगेणं नरेण केणावि ।,0.2646,0.5049,0.6742,0.5243,0.0
bhuvanabhanu,77,20,सीहो भणिओ जो तुह गिहे सया भुजए मिटुं ॥८४९॥,0.2611,0.5268,0.7459,0.5487,-0.0012
bhuvanabhanu,77,21,दंसेमि तं च पुरिसं तुममागच्छसु गओ अ तेण समं ।,0.2657,0.5547,0.7459,0.5754,-0.0012
bhuvanabhanu,77,22,सगिहंगणम्मि दिट्ठो उवविदठो सो तओ जेण ॥८५०॥,0.2652,0.5766,0.7413,0.5981,-0.0012
bhuvanabhanu,77,23,अह आगंतूण जहावित्तं जो 'साविऊण सव्वं पि ।,0.2634,0.6037,0.7203,0.6247,-0.0013
bhuvanabhanu,77,24,पुच्छइ प्रिए ! किमेअं परिसमसमंजसं ताव ? ॥८५१॥,0.2652,0.6264,0.7284,0.6479,-0.0025
bhuvanabhanu,77,25,तीय तओ अ वुत्तं हूं परगिहमंजिलोअवयणेसु ।,0.2622,0.6531,0.6812,0.6767,-0.0014
bhuvanabhanu,77,26,लग्गो तुमं पि संपइ कूविगप्पो कओ को वि ॥८५२॥,0.2663,0.6758,0.7465,0.6982,-0.0024
bhuvanabhanu,77,27,दंसिस्ससि जेण जए बहूणि तुं माणुसाणि सरिसाणि ।,0.2646,0.7024,0.7512,0.7248,-0.0036
bhuvanabhanu,77,28,कत्थ वि मज्झ समाणा अवलोइस्सइ तए इत्थी ॥८५३॥,0.2652,0.7256,0.7541,0.7467,-0.0024
bhuvanabhanu,77,29,तीए आरिंगणयं कुणमाणो तुं पडिस्ससि अणत्थे ।,0.2611,0.7531,0.7034,0.775,-0.0013
bhuvanabhanu,77,30,निब्भच्छिऊण एवं अप्पं दंसेइ रुठं सा ॥८५४॥,0.2628,0.7759,0.6801,0.796,-0.0014
bhuvanabhanu,77,31,आगच्छंतो एसो निवारिओ उववई इमाइ तओ ।,0.264,0.8025,0.6952,0.8231,-0.0014
bhuvanabhanu,77,32,सगिहम्मि भोअणाइअकज्जत्थं कवडपेडाए ॥८५५॥,0.2652,0.8261,0.6923,0.8454,-0.0014
bhuvanabhanu,77,33,१. स्थीयते ॥ २. उत्तमगत्या भव्यरीत्या इत्यर्थः ॥ ३. सफलितस्वमनोरथा ॥ ४. उपपतिम् ॥ ५. सर्वा-,0.1428,0.869,0.877,0.8888,-0.0008
bhuvanabhanu,77,34,प्रत्यु ॥ ६. ते पूर्वनाः सर्वे ॥ ७. पूर्वजान् ॥ ८. शेषादिकम् भाषायाम् 'शेष' ॥ ९. व्युद्माहितः ॥ १०. यया ॥,0.0915,0.8927,0.8735,0.9133,0.0
bhuvanabhanu,77,35,११. श्राचयित्वा ।,0.0944,0.9176,0.2162,0.933,0.0
bhuvanabhanu,77,36,Jain Education International,0.0146,0.9747,0.1841,0.9824,0.0
bhuvanabhanu,77,37,For Private & Personal Use Only,0.4196,0.9751,0.62,0.9854,0.0
bhuvanabhanu,77,38,www.jainelibrary.org,0.8584,0.9755,0.9848,0.985,0.0
bhuvanabhanu,78,1,भुवणभाणुकेवलिचरियं,0.0857,0.0657,0.2809,0.0859,0.0
bhuvanabhanu,78,2,अन्नत्रिणे 'दुज्नंता महिती अवसारिऊण जारेण ।,0.2523,0.1026,0.6882,0.1232,0.0
bhuvanabhanu,78,3,कत्थ वि गुत्तपएमम्मि धारिआ तीइ गिहसका ॥८५६॥,0.2529,0.1249,0.7442,0.1451,0.0012
bhuvanabhanu,78,4,तत्तो सीहेणुत्तं पेअमि ! महिमी न दिस्सए अज ।,0.2541,0.1516,0.6958,0.1717,0.0013
bhuvanabhanu,78,5,भजाए वि अ भणिअं करेमि किमहं ? तओ कंत ! ॥८५७॥,0.2547,0.1743,0.7739,0.1936,0.0011
bhuvanabhanu,78,6,'अट्टमणो संतो जो सव्वत्थ विलोअए इमं महिसि ।,0.2593,0.2022,0.7185,0.2216,0.0
bhuvanabhanu,78,7,कत्थ वि का विन सुद्धी जीए लद्धा य सीहेण ॥८५८॥,0.2552,0.2246,0.7442,0.2447,0.0
bhuvanabhanu,78,8,जो ताव गिहम्मि गओ दिग्धं नीमासिऊण उवविट्ठो ।,0.2529,0.2563,0.7372,0.2765,0.0
bhuvanabhanu,78,9,भासइ पिए ! गया सा न तारिसा दिस्सए लोए ॥ ८५९॥,0.2529,0.2787,0.7628,0.2976,0.0
bhuvanabhanu,78,10,अह कंताए उत्तं भत्ती तुह जारिसा पिउजणेसु ।,0.2529,0.3061,0.6777,0.3263,0.0
bhuvanabhanu,78,11,एआइ तारिसीए गमिस्सए तुज्झ धणमन्नं ॥८६०॥,0.2558,0.328,0.6853,0.3486,0.0
bhuvanabhanu,78,12,जो तच्चलणेसु विलगिऊणं भण्णए जहा तुमं वयसि ।,0.2552,0.3555,0.7179,0.3757,0.0
bhuvanabhanu,78,13,जणजंपणेहि त्रिहिआ मए अवन्ना पिऊण तहा ॥८६१॥,0.2547,0.3783,0.7319,0.3976,0.0
bhuvanabhanu,78,14,तमिआणि ते 'आराहएसु तह 'पुव्वए अ [ताव] तुमं ।,0.2541,0.4105,0.7413,0.4315,0.0
bhuvanabhanu,78,15,अम्हाणं सुपसायं ते जहा करते पुणो कते ! ॥८६२॥,0.2541,0.4328,0.7203,0.4526,0.0
bhuvanabhanu,78,16,कत्थ वि तुमं न नाओ सप्पुरिसो तेण वयसु अन्नत्थ ।,0.2547,0.4599,0.7442,0.48,0.0
bhuvanabhanu,78,17,इअ अवजाणतीए तीइ हओ जो पयपहारा ॥८६३॥,0.2582,0.4818,0.7028,0.5015,0.0
bhuvanabhanu,78,18,पच्छा तम्मि खिविजंते तीइ पुणो पुणो तओ बाढं ।,0.2564,0.5084,0.7267,0.5294,0.0
bhuvanabhanu,78,19,जह तप्पयलग्गसिरं ठिअम्मि जंपेइ सा उ पिआ ॥८६४।।,0.2541,0.5311,0.7529,0.5505,0.0
bhuvanabhanu,78,20,पिउआराहणमहयं पुणो करिस्सामि ते हविस्संति ।,0.2529,0.5633,0.7045,0.5839,0.0
bhuvanabhanu,78,21,तुह सामिअ ! सुपसन्ना भत्तीए के न तुसंति ? ॥८६५॥,0.2529,0.5857,0.7226,0.6067,0.0
bhuvanabhanu,78,22,पुणरवि परं इमेसि परमिहभंजगजणाण वयणाणि ।,0.2552,0.6123,0.7075,0.6342,-0.0013
bhuvanabhanu,78,23,निअचित्तम्मि तुभं धारिस्ससि ? उत्तं तओ तेण ॥८६६॥,0.2552,0.6346,0.7424,0.6556,-0.0012
bhuvanabhanu,78,24,एआवया वि किमहं न सिक्खिओ होइ नेअमिह जम्मे ।,0.2663,0.6621,0.7686,0.6814,-0.0012
bhuvanabhanu,78,25,इअ जं 'निजंतिऊणं अईव सवसीकरेइ पिआ ॥८६७७॥,0.2576,0.6844,0.7395,0.7055,-0.0024
bhuvanabhanu,78,26,पवरबलि काऊणं पिउणो पूपइ सुरहिकुसुमेहिं ।,0.2564,0.7166,0.6661,0.7372,-0.0014
bhuvanabhanu,78,27,मिगमयमिस्सं धूत्रं समुक्खिवइ ताव मिगनित्ता ।।८६८॥,0.2547,0.7394,0.7418,0.7608,-0.0024
bhuvanabhanu,78,28,जाव गओ पढमो जामो रत्तीए तओ अ सो पुरिसो ।,0.2535,0.7664,0.7314,0.7875,-0.0012
bhuvanabhanu,78,29,आगारिओ पिआए पिस्स सा इअ निवेएइ ।।८६९॥,0.2564,0.7892,0.7174,0.8094,-0.0013
bhuvanabhanu,78,30,'पुव्वयसकं माणुसमागच्छंतं तु चिटुइ दुवारे ।,0.2599,0.8167,0.6667,0.8381,-0.0014
bhuvanabhanu,78,31,तेणुत्तं ''वयसु तुमं भज्जे ! तब्भासिअं सुणसु ॥८७०॥,0.2552,0.8381,0.7331,0.8617,-0.0037
bhuvanabhanu,78,32,१. दुह्यमाना ॥ २. आर्तमनाः ॥ ३. आराधयस्व ॥ ४. पूर्वजान् ॥ ५. क्षिप्यमाणे ॥ ६० एतावता ॥,0.1399,0.8811,0.8642,0.9043,-0.0024
bhuvanabhanu,78,33,७. नियन्त्र्य ॥ ८. अतीन स्ववशीकरोति ॥ ९. पूर्वजसत्कम् ॥ १०. ब्रज-गच्छ ॥,0.0915,0.9094,0.669,0.9296,-0.001
bhuvanabhanu,78,34,Jain Education International,0.0146,0.9747,0.1841,0.9828,0.0
bhuvanabhanu,78,35,For Private & Personal Use Only,0.4196,0.9747,0.62,0.985,0.0
bhuvanabhanu,78,36,www.jainelibrary.org,0.8584,0.9755,0.9848,0.985,0.0
bhuvanabhanu,79,1,६२,0.088,0.0726,0.1113,0.0867,0.0
bhuvanabhanu,79,2,सिरिइंदहंसगणिविरइय,0.6603,0.0635,0.8706,0.0816,0.0
bhuvanabhanu,79,3,भत्ति च पुव्वयाणं कुणसु तुमं हवइ भव्वमेव जहा ।,0.2599,0.1052,0.7174,0.128,-0.0051
bhuvanabhanu,79,4,तुमए तहा पिए ! कारिअव्वमह गच्छए एसा ॥८७१॥,0.2593,0.1262,0.7279,0.1507,-0.0099
bhuvanabhanu,79,5,तेण समं रमिअ इमा भासइ महिसी अ पेसिअव्वा सा ।,0.2593,0.1529,0.7646,0.1756,-0.0069
bhuvanabhanu,79,6,कहइ पिअस्स पहाए पसाइआ दुक्खओ पिउणो ॥८७॥,0.2593,0.1756,0.7488,0.2005,-0.0095
bhuvanabhanu,79,7,महिसी कुओ वि अज्जाऽऽगमिस्सए कुसलमन्नर्माव सव्वं ।,0.2617,0.2022,0.7774,0.2267,-0.0068
bhuvanabhanu,79,8,तुज्झ करिस्संति पुणो पिउणो पिअ! तोसिअमणा ते ॥८७३।।,0.2611,0.2246,0.8019,0.2495,-0.0086
bhuvanabhanu,79,9,रयणीमुहम्मि पसरंतेसु तिमिरउक्करेसु गिहबारे ।,0.2628,0.2568,0.7016,0.2817,-0.0093
bhuvanabhanu,79,10,पविसेइ इमा महिसी 'रिकंती मसिसरिसवण्णा ॥८७४।।,0.2622,0.2787,0.7646,0.3027,-0.0093
bhuvanabhanu,79,11,तुट्ठो सीहो जाओ अ पच्चओ तीइ गाढमणुरत्तो ।,0.2622,0.3074,0.69,0.331,-0.0082
bhuvanabhanu,79,12,*उवजाइआणि सा विअ कारइ सिरमुंडणं जेण ॥८७५॥,0.2663,0.3285,0.7529,0.3529,-0.0084
bhuvanabhanu,79,13,इअ तक्खणेण विसएगरागरूवेण रागसीहेण ।,0.264,0.3572,0.6439,0.3796,-0.0107
bhuvanabhanu,79,14,सबसीकओ अ सीहो विडंबिओ भूरिसो तीइ ॥८७६॥,0.2646,0.3787,0.7156,0.4019,-0.009
bhuvanabhanu,79,15,देव-गुरु-तत्तपमुहं 'चत्ता चिट्ठइ पिएगचित्तो जो ।,0.264,0.4053,0.7034,0.4302,-0.0093
bhuvanabhanu,79,16,जस्स य कयावि उत्तं विवेगवंतेण केणावि ॥८७७७॥,0.2634,0.4281,0.7098,0.4508,-0.0117
bhuvanabhanu,79,17,पडिवन्नो अत्थि तए दंसणसेवा-अभिग्गहो स कहं ? ।,0.2652,0.4607,0.7372,0.4813,-0.0062
bhuvanabhanu,79,18,तप्पुरओ जेणुत्तं सुल्लंठं वयणमरुईए ॥ ८७८।।,0.2646,0.4835,0.6474,0.5075,-0.0107
bhuvanabhanu,79,19,सम्मदंसणमेअं भज्जाए भव्र्वामत्थ विन्नेअं ।,0.2652,0.5101,0.6183,0.5311,-0.0083
bhuvanabhanu,79,20,सम्मदंसणमवरं विगप्पिअं धुत्तपुरिसेहिं ॥८७९॥,0.264,0.5328,0.6544,0.5569,-0.009
bhuvanabhanu,79,21,इश्चाइ जंपमाणं जं अपमाणं कुणंतयं तत्तं ।,0.2657,0.5608,0.6317,0.5822,-0.008
bhuvanabhanu,79,22,अवलोईऊण नट्ठो सम्म सणमहामंती ॥८८०॥,0.2652,0.5831,0.634,0.6054,-0.0095
bhuvanabhanu,79,23,मिच्छादंसणमंती तओ पविट्ठो सुलद्धपत्थावो ।,0.2634,0.6097,0.6492,0.6325,-0.006
bhuvanabhanu,79,24,संहरिओ मरणेणं नीओ एगिदिआइसु जो ॥८८१॥,0.264,0.632,0.7028,0.6544,-0.0053
bhuvanabhanu,79,25,धरिओ तेसु वि जो चिरकालं तेहिं विचित्तसत्तूहि ।,0.2669,0.6621,0.7314,0.6861,-0.0063
bhuvanabhanu,79,26,अन्नय पुणरवि र्जाणओ मणुस्सखित्तम्मि कम्मेण ॥८८२॥,0.2663,0.6857,0.7541,0.7097,-0.006
bhuvanabhanu,79,27,जिणदाससिट्रिठणो जो धूआरूवेण आगओ तत्थ ।,0.2634,0.714,0.6777,0.7355,-0.0042
bhuvanabhanu,79,28,तीए जिणसिरिनामं ठविअं पिउणा पमोपण ॥८८३॥,0.2646,0.7355,0.6847,0.7574,-0.0055
bhuvanabhanu,79,29,जिणदासस्स कुटुंबं सबालवुडूढं पि दंसणोवेअं ।,0.2657,0.763,0.6748,0.7862,-0.0071
bhuvanabhanu,79,30,जिणसिरिधूआ वि तहा सम्मदंसणजुआ जाया ॥८८४॥,0.2652,0.7862,0.6841,0.8089,-0.0083
bhuvanabhanu,79,31,भोमपुरम्मि वसंतेण सा विमलनार्मासिट्रिठणा ताथ ।,0.2669,0.8124,0.6841,0.8347,-0.007
bhuvanabhanu,79,32,दाहिणकरेण गहिआ सड्ढेणं बहुधणड्ढेणं ॥८८५॥,0.2675,0.836,0.7203,0.8596,-0.009
bhuvanabhanu,79,33,१. रिङ्गमाणा ॥ २. उपयाचितानि ।। ३. त्यक्त्वा ।। ४. सोल्लण्ठम् ।। ५. दर्शनोपेतं सम्यग्दर्शनयुक्त,0.1498,0.8768,0.8776,0.9004,-0.0016
bhuvanabhanu,79,34,मित्यर्थः ॥ ६. श्राद्धेन ॥,0.0979,0.9094,0.2704,0.9283,0.0
bhuvanabhanu,79,35,Jain Education International,0.0146,0.9747,0.1841,0.9828,0.0
bhuvanabhanu,79,36,For Private & Personal Use Only,0.4196,0.9751,0.62,0.9854,0.0
bhuvanabhanu,79,37,www.jainelibrary.org,0.8584,0.9755,0.9848,0.985,0.0
bhuvanabhanu,80,1,भुवणभाणुकेवलिचरिवं,0.0944,0.061,0.2896,0.0816,-0.006
bhuvanabhanu,80,2,६३,0.8514,0.064,0.8805,0.0764,0.0
bhuvanabhanu,80,3,तत्स गिहे वि जिणसिरी पालेइ जिणिदधम्ममइसुद्धं ।,0.2634,0.1013,0.7168,0.1211,0.0
bhuvanabhanu,80,4,बंदइ देवे गुरुणो पणमइ अ सुणेइ जिणधम्मं ॥८८६॥,0.2622,0.1237,0.7302,0.1447,-0.0012
bhuvanabhanu,80,5,उत्तमभोए मुंजंतीए तीए सुआ य संजाया ।,0.2622,0.1511,0.6503,0.1717,-0.0015
bhuvanabhanu,80,6,गिहिनायगत्तणं सा संपत्ता तत्तनिदुमणा ॥८८७७॥,0.2646,0.173,0.6807,0.1936,-0.0028
bhuvanabhanu,80,7,अह सत्थवाहधूआ धणसिरिनामा सुरंगणारूवा ।,0.2611,0.2014,0.6585,0.2216,-0.0029
bhuvanabhanu,80,8,परिणीआ 'जिणसिरिनामिआइ जिद्वेण पुत्तेण ॥८८८॥,0.264,0.2233,0.7104,0.2443,-0.0013
bhuvanabhanu,80,9,अह विन्नत्तो दोसग देणं मोहपत्थिवो ताय ! ।,0.2622,0.2508,0.6643,0.2696,-0.0014
bhuvanabhanu,80,10,मजितुबंधुणा तोसिओ तुमं रागसीहेण ॥८८९॥,0.2646,0.2726,0.6684,0.2958,-0.0058
bhuvanabhanu,80,11,लहुबंधुणो इआणि अणुक्कमागयमिणं तु मह कजं ।,0.2622,0.2997,0.7034,0.3237,-0.004
bhuvanabhanu,80,12,इअ पणमिऊण पिअरं जिणसिरिपासम्मि एस गओ ॥८९०॥,0.264,0.3216,0.7517,0.3431,-0.006
bhuvanabhanu,80,13,तस्सन्निहाणओ तीइ समुदेइ धणसिरिवहूविसए ।,0.2628,0.3499,0.6696,0.3723,-0.0043
bhuvanabhanu,80,14,दोसो महंतओ जलइ तओ सा तीइ दिट्ठाए ॥८९१॥,0.2628,0.3723,0.7209,0.3937,-0.0038
bhuvanabhanu,80,15,सा 'पंजलं न जंपइ न किं पि तब्भायणम्मि पाडेई ।,0.2587,0.3989,0.7314,0.4204,-0.0037
bhuvanabhanu,80,16,आहणइ सिरम्मि बहुँ 'दव्वीए 'निन्निमित्तमिमा ॥८९२॥,0.2634,0.4208,0.7646,0.444,-0.0058
bhuvanabhanu,80,17,अक्कोसे देइ तहा दूसेइ अ माणुसाणि सव्वाणि ।,0.2634,0.4491,0.6888,0.4706,-0.0055
bhuvanabhanu,80,18,दावेइ नेच भिक्खायराण भिक्खं खणेणेला ॥८९३॥,0.2628,0.471,0.7057,0.4925,-0.0053
bhuvanabhanu,80,19,*विअरेइ नेव अन्नं अप्पं पि बहुइ सा 'विअडचित्ता ।,0.2663,0.4976,0.7442,0.5204,-0.0037
bhuvanabhanu,80,20,अन्नो वि सो पयारो नत्थि करेइ न बहूइ इमा ॥८९४॥,0.2622,0.5208,0.7558,0.5419,-0.0047
bhuvanabhanu,80,21,परमेसा भत्तीप नियपयपक्खालणं च कुणमाणि ।,0.264,0.5479,0.6906,0.5698,-0.0041
bhuvanabhanu,80,22,बहुमाहणिऊणं निब्भच्छइ पण्हिप्पहारेण ॥८९५॥,0.2634,0.5706,0.6906,0.5951,-0.0055
bhuvanabhanu,80,23,परिवेसणाइकज्जेसु अदूरेणं च चिट्ठमाणि तं ।,0.264,0.5981,0.6812,0.6209,-0.0042
bhuvanabhanu,80,24,सा धिक्करेइ कत्थ वि वहूइ भंजिस्सइ अ अग्मं ॥८९६॥,0.2617,0.6209,0.7605,0.6432,-0.0047
bhuvanabhanu,80,25,खणमवि चण्इ न गिर्ह बंदइ देवे न सग्गुरू वावि ।,0.2634,0.6479,0.7314,0.6694,-0.0037
bhuvanabhanu,80,26,चिंतेइ नेव एसा जिणधम्मं पुण मणेणावि ॥८९७॥,0.264,0.6707,0.704,0.6934,-0.004
bhuvanabhanu,80,27,किंचि वि पिहाणपमुहं वहूइ भग्गं पुरा वि सरिऊणं,0.2669,0.6973,0.7331,0.7205,-0.0075
bhuvanabhanu,80,28,उब्भावेइ पिइजणं अभूअमत्रि सा य अवराहं ॥८९८॥,0.2657,0.7205,0.7325,0.7424,-0.0062
bhuvanabhanu,80,29,सुद्धसहावं पि वहुं अक्कोसंती सया वि अणिमित्तं ।,0.2646,0.7471,0.7127,0.7716,-0.0091
bhuvanabhanu,80,30,दोसदहणेण एसा पज्जलमाणा मणे ठाइ ॥८९९॥,0.2652,0.7703,0.6795,0.7922,-0.0098
bhuvanabhanu,80,31,अह नायं भज्जाए तीइ सरूवं तहाविहं सव्वं ।,0.2634,0.7973,0.669,0.8197,-0.0072
bhuvanabhanu,80,32,विमलेण सिद्धिणा परिअणेण नयरेण सव्वेण ॥९००॥,0.2617,0.821,0.7022,0.8433,-0.0079
bhuvanabhanu,80,33,१. जिनश्रीनामिकायाः ॥ २. प्राञ्जलम्-सरलमित्यर्थः ॥ ३. दर्ज्या भाषायाम् 'कडछी' ॥ ४. निर्निमि-,0.1474,0.8579,0.8747,0.8811,-0.0048
bhuvanabhanu,80,34,"त्तम् ॥ ५. वितरति ददातीत्यर्थः ॥ ६. विकृतचित्ता ॥ ७. "" मा क्वचिद् अस्याः किमपि अयं भविष्यति """,0.0956,0.8815,0.8753,0.906,-0.006
bhuvanabhanu,80,35,इति. भ. भ. १. ३१६ ॥ ८. प्रतिजनं ॥,0.0985,0.9085,0.3986,0.9287,-0.0078
bhuvanabhanu,80,36,Jain Education International,0.0146,0.9747,0.1841,0.9828,0.0
bhuvanabhanu,80,37,For Private & Personal Use Only,0.4196,0.9751,0.62,0.9854,0.0
bhuvanabhanu,80,38,www.jainelibrary.org,0.8584,0.9755,0.9848,0.985,0.0
bhuvanabhanu,81,1,सिारइंदहंसगणिविरइयं,0.6643,0.0528,0.87,0.0726,-0.0028
bhuvanabhanu,81,2,सिक्खेइ को चिं किंचि वि जइ तस्सुवरिं च रूसए अहिअं ।,0.2634,0.094,0.7972,0.1185,-0.0087
bhuvanabhanu,81,3,बहुअरमेसा दोसग्गिणा जलइ ताव अहरत्तं ॥९०१॥,0.2634,0.1181,0.7016,0.1434,-0.016
bhuvanabhanu,81,4,सम्मदंसणमंती सरो परिहरेश जाव तं भजं ।,0.2652,0.1447,0.6253,0.1679,-0.013
bhuvanabhanu,81,5,मिच्छत्तमहिन्ठाइ अ सेसमसेसं पि मोहबलं ॥९०२॥,0.2634,0.167,0.7226,0.1915,-0.0114
bhuvanabhanu,81,6,अन्नय को वि महद्भिदृअसिटूठी अ समागओ व्मिन्गे है ।,0.2622,0.1979,0.7523,0.2203,-0.0095
bhuvanabhanu,81,7,उवविसइ विमलपासे कज्जत्थं तत्थ मो सिट्ठी ॥९०३॥,0.2663,0.2211,0.7337,0.2447,-0.01
bhuvanabhanu,81,8,विटूठा जिणसिरिभता अक्कोसंती वहुं च कयमोणं ।,0.2686,0.2477,0.6976,0.2726,-0.0109
bhuvanabhanu,81,9,दोसग्गिणा जयंती तओ पुणो सिदिठणा तेण ॥९०४॥,0.2669,0.2701,0.7348,0.295,-0.01
bhuvanabhanu,81,10,सो भणइ महाभागे ! 'मुहा तुभं खिजसे कहं इत्थ ? ।,0.2675,0.3023,0.7552,0.3263,-0.0072
bhuvanabhanu,81,11,"""जम्हा किंसकं गिहमिणं गमिस्सइ अ का लच्छी ॥९०५॥",0.2716,0.3246,0.7786,0.3469,-0.0069
bhuvanabhanu,81,12,कइवयदिणपज्जंते न तुमं न हिं न वा इमा लच्छी ।,0.2698,0.3572,0.75,0.3804,-0.0049
bhuvanabhanu,81,13,तुज्झ बहू पुण एसा सुहभावा चेव पडिभाइ ॥९०६॥,0.271,0.3787,0.7279,0.404,-0.0102
bhuvanabhanu,81,14,ता कि निरत्थयं संताविस्सउ सा तए ? अ कल्लम्मि ।,0.2686,0.4062,0.7413,0.4281,-0.0074
bhuvanabhanu,81,15,एआणि गिहाणि बहुजणवसगाणि अ भविस्संति ॥९०७॥,0.2727,0.4281,0.7704,0.4534,-0.0082
bhuvanabhanu,81,16,इअ तेणुत्ते तम्मि वि महापओसं वहेइ सा रुद्दा ।,0.2716,0.4616,0.7092,0.4848,-0.0053
bhuvanabhanu,81,17,केवलमिमस्स पुरिसस्स किं पि पहवेइ नेव पुणो ॥९०८॥,0.2692,0.4839,0.7844,0.5075,-0.0045
bhuvanabhanu,81,18,संकेअं काऊणं ममोवरि को वि एस आणीओ ।,0.2716,0.5101,0.6871,0.5311,-0.007
bhuvanabhanu,81,19,रे मायाविणि ! दुटठे ! सुभासिओ पंडिओ तुमए ॥९०९॥,0.2716,0.532,0.7838,0.5565,-0.0057
bhuvanabhanu,81,20,इच्चाइ जंपमाणी 'सागाइच्छेअकारिणि तिक्खं ।,0.2751,0.5638,0.6876,0.5865,-0.0085
bhuvanabhanu,81,21,गहिऊण लोहपालिं वहुवरिं धाविआ एसा ॥९१०॥,0.2727,0.5861,0.7127,0.611,-0.0106
bhuvanabhanu,81,22,दुट्ठसहावा एसा अह पाडित्ता य धणसिरिं झत्ति ।,0.2745,0.6136,0.7121,0.6393,-0.0093
bhuvanabhanu,81,23,हिअओवरि च निसन्ना सस्तू तीए 'जिहंसाए ॥९११॥,0.2751,0.6359,0.7512,0.6587,-0.0086
bhuvanabhanu,81,24,हाहारवं कुर्णतो पहाविओ परिअणो अ सब्यो वि ।,0.2786,0.6685,0.7308,0.6921,-0.0077
bhuvanabhanu,81,25,तं पि इमा *सपओसा पहरिउमारंभए दृट्ठा ॥९१२॥,0.2774,0.6921,0.7442,0.7162,-0.0075
bhuvanabhanu,81,26,*लिदठु-लउड-पण्हि-पमुहेहि आरंभिअं पहरिउं तं ।,0.2809,0.7231,0.7226,0.7467,-0.004
bhuvanabhanu,81,27,तेणावि परिअणेणं जाव वह मारिआ तीए ॥९१३॥,0.2797,0.7454,0.7319,0.7681,-0.0026
bhuvanabhanu,81,28,सा मारिआ परिअणेणावि अ एअमसमंजसं घोरं ।,0.2756,0.7729,0.7255,0.793,-0.0026
bhuvanabhanu,81,29,दद्रूण विमलसिय्ठी कुटुंबसहिंओ अ पव्वइओ ॥९१४।।,0.2809,0.796,0.7453,0.8188,-0.0038
bhuvanabhanu,81,30,१. मुधा ॥ २. यस्मात् किंसत्कं गृहमिदम् ॥,0.1632,0.8459,0.4779,0.8669,-0.0037
bhuvanabhanu,81,31,सत्कं कस्ब गृहमिदं ? यास्यति सह केन चेयमपि लक्ष्मीः ? । कतिपयदिनपर्यन्ते न त्वं न गृहं न चेयं श्रीः ॥१॥,0.1125,0.8712,0.8922,0.8914,-0.0015
bhuvanabhanu,81,32,भ. भा. पृ. ३१७ ॥ ३. शाकदिच्छेदकारिणीम् ॥ ४. जिघांसया ॥ ५. सप्रद्वेषा ॥ ६. लेष्टुलगुटपाष्णिप्रमुखः ॥,0.1125,0.8978,0.8928,0.9193,-0.0015
bhuvanabhanu,81,33,Jain Education International,0.0146,0.9747,0.1841,0.9824,0.0
bhuvanabhanu,81,34,For Private & Personal Use Only,0.4196,0.9751,0.62,0.9845,0.0
bhuvanabhanu,81,35,www.jainelibrary.org,0.8584,0.9755,0.9848,0.985,0.0
bhuvanabhanu,82,1,भुवणभाणुकेलिचरियं,0.0909,0.0781,0.2832,0.1005,-0.0152
bhuvanabhanu,82,2,जिणसिरिजीवो नरगे गंतूणमिमो पुणो वि मच्छेसु ।,0.257,0.1099,0.6906,0.1327,-0.0067
bhuvanabhanu,82,3,पर्गिदआइसु नहा बहुकालं दुक्खिऔ भमिओ ॥९१५॥,0.2605,0.1314,0.7244,0.1571,-0.01
bhuvanabhanu,82,4,अन्नय जाओ माणवभवर्वाम्म जरुणसिहनामओ विप्पो ।,0.2599,0.158,0.7145,0.1803,-0.0103
bhuvanabhanu,82,5,सिरिमंतो रिसिसावयससग्गो तत्थ तेण कओ ॥९१६॥,0.2611,0.1816,0.7273,0.2044,-0.0112
bhuvanabhanu,82,6,सम्मत्तं संपत्तं संसुद्धं दिअवरेण तेणावि ।,0.2617,0.213,0.6282,0.2362,-0.0127
bhuvanabhanu,82,7,उत्तमजणसंसग्गो न होइ विहलो जओ लोए ॥९१७॥,0.2599,0.234,0.7261,0.2576,-0.0125
bhuvanabhanu,82,8,अह मोहनिवेणं पेसिआ इमस्संऽतिअम्मि 'निद्धणया ।,0.2587,0.2611,0.7308,0.2842,-0.0099
bhuvanabhanu,82,9,तीप सहाऽऽगया तस्सहगा य दरिया विसमा ॥९१८॥,0.2593,0.2842,0.7488,0.3074,-0.0119
bhuvanabhanu,82,10,जलणसिहो एआहिं दोहिं आलिगिओ गओ गामं ।,0.2611,0.3109,0.7034,0.3332,-0.0092
bhuvanabhanu,82,11,अन्नो निव्वाहो मह नत्थि त्ति हलं स वाहेइ ॥९९९॥,0.2605,0.3332,0.7343,0.3551,-0.0098
bhuvanabhanu,82,12,तत्तो दोसगइंदो विन्नविओ जिटुनंदणेण इमो ।,0.2599,0.3602,0.6632,0.3839,-0.0087
bhuvanabhanu,82,13,कोहेणं च अणंताणुबंधिणा अग्गिनामेणं ॥९२०॥,0.2593,0.3839,0.6608,0.4062,-0.0102
bhuvanabhanu,82,14,पढमं पि ताय ! अहयं भूओ विप्पस्स पासदेसम्मि ।,0.2605,0.4088,0.7296,0.4324,-0.0112
bhuvanabhanu,82,15,परमंतरा वि होउं दंसणसत्तू ठिओ तत्थ ॥९२१॥,0.2605,0.4324,0.6911,0.4568,-0.0108
bhuvanabhanu,82,16,तेणं दूरीभूआ अम्हे संपइ उ अवसरो अत्थि ।,0.2617,0.4594,0.6719,0.4839,-0.0114
bhuvanabhanu,82,17,*विस्समह ताव तुम्हे समादिसह मज्झ उ इआणि ॥९२२॥,0.2663,0.48,0.7797,0.5058,-0.0114
bhuvanabhanu,82,18,पयडीकरेमि अहुणा वीरिअमहमप्पणो अणप्पयरं ।,0.2617,0.5088,0.7045,0.5337,-0.0092
bhuvanabhanu,82,19,निक्कासेमि निअरिउं तुम्ह पसाएण ठाणाओ ॥९२३॥,0.2617,0.5303,0.7197,0.5547,-0.014
bhuvanabhanu,82,20,पिउणा उ अणुन्नाओ एस अणंताणुबंधिओ कोहो ।,0.264,0.5578,0.7022,0.5822,-0.0106
bhuvanabhanu,82,21,जलणसिहस्स समीचे पत्तो अ भयंकरसरूवो ॥९२४।।,0.2634,0.5809,0.683,0.6033,-0.0139
bhuvanabhanu,82,22,तज्जोगेणं जाओ विप्पो 'अन्नत्थनामओ एसो ।,0.2617,0.6076,0.6876,0.6303,-0.0137
bhuvanabhanu,82,23,पज्जलइ पंजलेसु वि वयणेसुं भासिएसु भिसं ॥९२५॥,0.2622,0.629,0.7296,0.6544,-0.0137
bhuvanabhanu,82,24,कुप्पइ 'गयावराहे वि तहा अवराहयम्मि अप्पम्मि ।,0.2617,0.6556,0.7279,0.6823,-0.0113
bhuvanabhanu,82,25,केणा वि किजमाणे 'घरिसिअदंतो अ बंधेइ ॥९२६॥,0.2611,0.6788,0.7267,0.7016,-0.0113
bhuvanabhanu,82,26,पिअरं न गणेइ पुणो जणणि नाविक्खप तहा बंधू ।,0.2617,0.7063,0.7279,0.7308,-0.0075
bhuvanabhanu,82,27,चितेइ जो न संते गुरु-बुड्ढे न य विलोपइ ॥९२७॥,0.2634,0.7291,0.722,0.7527,-0.0076
bhuvanabhanu,82,28,सब्वजणाभिमुहं जो जहा तहा जंपए गयनिमित्तं ।,0.264,0.7557,0.708,0.7802,-0.0118
bhuvanabhanu,82,29,'पज्जलिअग्गीभूउड्रढंगामि[सुरत्त] भिउडिजुम्मो (गो) ॥९२८॥,0.2657,0.7767,0.7751,0.8029,-0.0092
bhuvanabhanu,82,30,'रत्तापय-सिरगत्तो उदितर विबिंबतंबतमनित्तो ।,0.2675,0.8055,0.6783,0.8274,-0.0085
bhuvanabhanu,82,31,विगलंतसेअबिंदू जो कंपंतो अ पत्तं व ॥९२९॥,0.2634,0.8287,0.6649,0.8523,-0.0116
bhuvanabhanu,82,32,१. निर्धनता ॥ २. विश्राम्यत ॥ ३. अन्वर्थनामकः यथार्थनामकः इत्यर्थः ॥ ४. गतापराधे अनपराधे,0.1463,0.8643,0.8747,0.8897,-0.008
bhuvanabhanu,82,33,इत्वर्थः ॥ ५. घर्षितदन्तश्च बध्नाति ॥ ६. नापेक्षते ॥ ७. प्रज्वलिताग्निभूतोर्ध्वगामिसुरक्तश्रुकुटियुग्मः ॥ ८. रक्ताऽऽ-,0.0962,0.8871,0.8741,0.9133,-0.006
bhuvanabhanu,82,34,पादशिरोगात्रः ॥,0.0927,0.9184,0.204,0.9352,0.0
bhuvanabhanu,82,35,६५,0.8427,0.0769,0.8741,0.0906,-0.0377
bhuvanabhanu,82,36,Jain Education International,0.0146,0.9747,0.1841,0.9828,0.0
bhuvanabhanu,82,37,For Private & Personal Use Only,0.4196,0.9751,0.62,0.9854,0.0
bhuvanabhanu,82,38,www.jainelibrary.org,0.8584,0.9755,0.9848,0.985,0.0
bhuvanabhanu,83,1,६६,0.0699,0.0674,0.0997,0.082,0.0
bhuvanabhanu,83,2,सिरिईदहंसगणिविरइयं,0.6451,0.0571,0.8526,0.0769,0.0
bhuvanabhanu,83,3,'वत्तब्वविसेसाणं अजाणगो तह विरुवभासी ओ ।,0.2483,0.0996,0.6853,0.1194,-0.0027
bhuvanabhanu,83,4,नामेणं कप्परगो खरचंडत्तेण विक्खाओ ॥९३०॥,0.2442,0.1228,0.6352,0.1438,-0.006
bhuvanabhanu,83,5,जमवन्नाए लेउं न को वि आलावए वयणमत्ता ।,0.2418,0.1498,0.6684,0.1705,-0.0068
bhuvanabhanu,83,6,जो एगया अहिणवे खित्ते खेडेइ किर सीरं ॥९३१॥,0.2424,0.1717,0.7022,0.1928,-0.0063
bhuvanabhanu,83,7,तत्थ निउत्तो जेणं गली बलीवद्दओ इमो तरुणो ।,0.2448,0.1984,0.6859,0.2211,-0.0079
bhuvanabhanu,83,8,पीणसरीरो वि पुणो न चलेइ पयं पि जाव तओ ॥९३२॥,0.2442,0.2203,0.7593,0.2452,-0.0079
bhuvanabhanu,83,9,अग्गिअहिट्ठिअदेहो विप्पो आहणइ निद्दओ वसहं ।,0.243,0.2482,0.697,0.2726,-0.0077
bhuvanabhanu,83,10,*पायणदंडेण दढं तहावि एसो न य चलेइ ॥९३३॥,0.25,0.2709,0.7005,0.2933,-0.0078
bhuvanabhanu,83,11,तिक्खाहिं आराहिं जो तं 'अहेइ जंघजुम्मम्मि ।,0.2477,0.2976,0.6684,0.3216,-0.0097
bhuvanabhanu,83,12,खुर-पिट्ठ-पास-बाहूअरेसु खंधम्मि गीवाए ॥९३४।।,0.2477,0.3207,0.676,0.3456,-0.0109
bhuvanabhanu,83,13,स गली जीहं आकरिसिऊण पुढवीइ ताव उवविट्ठो ।,0.2477,0.3465,0.7214,0.3714,-0.0074
bhuvanabhanu,83,14,*बंधिअरयमगडो जो सम्मी मोडेइ तप्पुच्छं ॥९३५॥,0.25,0.3705,0.7133,0.3933,-0.0075
bhuvanabhanu,83,15,आहणइ मट्टिआसगलेहिं विउलेहि जो वसहमेअं ।,0.2483,0.3972,0.7016,0.4208,-0.0077
bhuvanabhanu,83,16,ता जाव थलीभूओ पाणेहि विप्पमुक्को सो ॥९३६॥,0.2488,0.4204,0.6911,0.4444,-0.0092
bhuvanabhanu,83,17,विप्पो तहावि नोवसमइ कोहा किसकिसाणुअरतत्तो ।,0.2477,0.447,0.7296,0.471,-0.0085
bhuvanabhanu,83,18,तेणं जो कोहंऽधीभूओ जाणइ न कि पि अहो ! ॥९३७॥,0.2488,0.4697,0.7389,0.4938,-0.0095
bhuvanabhanu,83,19,*हिअयागयमम्ममहासंघट्टो दंसणेण जो चत्तो ।,0.2523,0.4976,0.6672,0.5213,-0.0098
bhuvanabhanu,83,20,कुद्धं कुणमाणेहिं पिव पाणेहिं पि जुगवं च ॥९३८॥,0.2512,0.52,0.697,0.5449,-0.0105
bhuvanabhanu,83,21,मिच्छादंसणमुहमोहभडेहिं गहिअ पाडिओ विप्पो ।,0.2506,0.5466,0.669,0.5715,-0.0112
bhuvanabhanu,83,22,घोरनरगेसु अ गओ दुहिओ भमिओ अ बहुकालं ॥९३९।।,0.2517,0.5689,0.7582,0.5955,-0.0115
bhuvanabhanu,83,23,अन्नय सम्मदंसणजुओ धणंजयमहंतरायवरो ।,0.2506,0.5994,0.6002,0.6213,-0.0134
bhuvanabhanu,83,24,सब्वपयापालणविहिपरायणो विहिअजिणधम्मो ॥९४०॥,0.2523,0.6183,0.7354,0.6432,-0.0157
bhuvanabhanu,83,25,तस्स पिआ उ परमसाविआ समग्गावरोहसुपहाणा ।,0.2535,0.6471,0.7168,0.6711,-0.0126
bhuvanabhanu,83,26,तिअसंगणासमाणा रुप्पिणिनामेण विक्खाया ॥९४१॥,0.2535,0.669,0.6946,0.693,-0.0159
bhuvanabhanu,83,27,तीप कुबेरनामो इमो सुओ कम्मनिषइणा जणिओ ।,0.2529,0.696,0.6941,0.7222,-0.0145
bhuvanabhanu,83,28,सावयकुलजम्मेणं दंसणमुप्पजप जस्स ॥९४२॥,0.2529,0.7213,0.6579,0.7471,-0.0173
bhuvanabhanu,83,29,जेणं पण्णाबलओ कलाउ पढिआउ ताब तकालं ।,0.2523,0.7467,0.6807,0.7699,-0.0136
bhuvanabhanu,83,30,जो जुष्वणं च पत्तो 'पञ्चंगपवट्टिसोहग्गं ॥९४३॥,0.2564,0.7681,0.6783,0.7965,-0.0138
bhuvanabhanu,83,31,इत्थंतरम्मि पल्लीवर्णाट्टओ वग्धनामपल्लीसो ।,0.2593,0.7978,0.6323,0.824,-0.0172
bhuvanabhanu,83,32,बट्टर न धनंजयरायपुव्यपहिं पि साहिअओ ॥९४४।।,0.2564,0.824,0.6976,0.8523,-0.0198
bhuvanabhanu,83,33,१. नक्तम्यविशेषाणाम् ॥ २. प्राजनदण्डेन भाषायाम् 'परोणो' ॥ ३. अर्वति प्रहरति ॥ ४. बद्वरदशकटः ॥,0.141,0.8716,0.8671,0.8991,-0.0096
bhuvanabhanu,83,34,मृत्तिकाशकलैः ।। ६. हृदबागतमर्ममहासङः ॥ ७. प्रत्यन्नप्रवत्तिसौभाग्यम् ॥,0.1183,0.9012,0.6509,0.9261,-0.0088
bhuvanabhanu,83,35,Jain Education International,0.0146,0.9747,0.1841,0.9828,0.0
bhuvanabhanu,83,36,For Private & Personal Use Only,0.4196,0.9751,0.62,0.9854,0.0
bhuvanabhanu,83,37,www.jainelibrary.org,0.8584,0.9755,0.9848,0.985,0.0
bhuvanabhanu,84,1,भुवणभाणुकेवलिचरियं,0.0921,0.0683,0.2873,0.0884,-0.003
bhuvanabhanu,84,2,६७,0.8467,0.0721,0.8782,0.0884,-0.0377
bhuvanabhanu,84,3,'दुग्गमवटुंभिअ जो लुटेर धणंजयाभिहनिवस्स ।,0.2634,0.1086,0.6702,0.1292,0.0
bhuvanabhanu,84,4,पञ्जतवट्टिदेसे समंतओ 'निञ्चमच्चुग्गो ॥९४५॥,0.2611,0.131,0.6667,0.1516,0.0
bhuvanabhanu,84,5,तम्मि समयम्मि देसो उवहुओ को वि तेण अब्भहिअं ।,0.2605,0.158,0.757,0.1829,0.0
bhuvanabhanu,84,6,तस्सुवरिं धावेश अ कुबेरकुमरो सबलसेणो ॥९४६॥,0.2605,0.1859,0.6946,0.2057,0.0
bhuvanabhanu,84,7,कुमरेणं कहमत्रि सो निग्गहिओ पल्लिआवई विसमो ।,0.2611,0.2125,0.7395,0.2331,0.0
bhuvanabhanu,84,8,दुग्गो वि जेण सवसीकओ जओ 'मेइणी अमिणो ॥९४७।।,0.2605,0.2353,0.7902,0.2568,0.0
bhuvanabhanu,84,9,अह जो गिजइ गीपसु पढिजर 'पाढपिहुपबंधेसु ।,0.2582,0.2632,0.7174,0.2842,0.0
bhuvanabhanu,84,10,बिरुआवलीसु वि सुणिञ्जए सिलाहिजाइ जणेहिं ॥९४८।।,0.2622,0.2842,0.7657,0.3057,0.0012
bhuvanabhanu,84,11,तत्तो लद्धावसरो पिअरं अणुजाणिऊण जप्पासे ।,0.2611,0.3164,0.6847,0.3366,0.0
bhuvanabhanu,84,12,आगच्छर अभिमाणाभिहाणओ अग्गिबंधू अ ॥९४९॥,0.2611,0.3392,0.6923,0.359,0.0
bhuvanabhanu,84,13,दोसगइंदतणूओ तहा अणंताणुबंधिओ सो अ ।,0.2599,0.3714,0.6515,0.3907,0.0
bhuvanabhanu,84,14,पव्वयरायाबरनामओ अ तस्सन्निहाणम्मि ॥९५०॥,0.2599,0.3933,0.6766,0.4126,0.0
bhuvanabhanu,84,15,घट्ट [थड्ढ] सरीरो उड्‌ढारोविअनयणो न माइ तुच्छउरो ।,0.2617,0.4204,0.7721,0.4418,0.0
bhuvanabhanu,84,16,जो 'निअसोअरिअमउक्करिसा देहे तिलोप वि ॥९५१॥,0.2599,0.4431,0.7378,0.462,0.0
bhuvanabhanu,84,17,भासह अ जो सयलजणसमक्खमम्हाण पुव्वजापहिं ।,0.2582,0.4702,0.7255,0.4921,0.0
bhuvanabhanu,84,18,रंडासहोअरेहि पुराकयं देसरञ्जमिणं ॥९५२॥,0.2611,0.4925,0.6527,0.5127,0.0
bhuvanabhanu,84,19,जं एस बराओ नेव जिओ जेहिं धणंजओ राया ।,0.2599,0.5191,0.6801,0.5376,-0.0014
bhuvanabhanu,84,20,स पुणो वणिओ नेओ इमेण किं चल्लए लोप ॥९५३॥,0.257,0.5423,0.7255,0.5633,0.0
bhuvanabhanu,84,21,जइ एअस्साऽऽवासे भावी अम्हाण सेव अवयारों ।,0.257,0.5693,0.7045,0.5882,-0.0013
bhuvanabhanu,84,22,तं अज सचरडेणं बंधिअ गहिओ भविस्संतो ॥९५४।।,0.2564,0.5912,0.7214,0.6106,-0.0013
bhuvanabhanu,84,23,भक्खयजणा य छंदाणुवट्टिणो ते पुणो इअ वयंति ।,0.2593,0.6187,0.7156,0.6406,-0.0013
bhuvanabhanu,84,24,कुमरेण सोहणमिणं जहट्ठिअं चिअ समाइटूठं ॥९५५॥,0.257,0.641,0.7214,0.6634,-0.0013
bhuvanabhanu,84,25,देवाणमवि असज्झो एसो चरडो तुमं विणा को वि ।,0.2576,0.6685,0.7378,0.6883,-0.0012
bhuvanabhanu,84,26,देव ! अवरो समत्थो न दीसए जेउमित्थ इमं ॥९५६॥,0.2582,0.6909,0.7389,0.7115,-0.0012
bhuvanabhanu,84,27,अन्नह किमिअंति दिणाणि सम्मुहमिमस्स केण वि निवेणं ।,0.2558,0.7175,0.7966,0.7394,-0.0011
bhuvanabhanu,84,28,अवलोइउं न सकिअं इअ जो उप्पासिओ तेहिं ॥९५७।।,0.2564,0.7407,0.7477,0.7613,-0.0012
bhuvanabhanu,84,29,गाढं कट्ठीभूओ सट्ठाणं जो गओ तओ कुमरो ।,0.2547,0.7677,0.6772,0.79,-0.0028
bhuvanabhanu,84,30,पिउणो पणाममवि जो कार्ड पत्तो तया नेव ॥९५८।।,0.2541,0.7905,0.7209,0.8094,-0.0012
bhuvanabhanu,84,31,जेण न कओ पणामो जणणीए नेव बंदए देखे ।,0.2529,0.8184,0.6766,0.8368,0.0
bhuvanabhanu,84,32,गुरुणो न नमइ वुड्ढे नालावेइ विउरे (वा) नो ॥९५९॥,0.2593,0.8398,0.7547,0.8622,-0.0012
bhuvanabhanu,84,33,१. दुर्गमवष्टभ्य ॥ २. नित्यमत्युप्रः ॥ ३. पाठपृथुप्रबन्धेषु ॥ ४. निजशौर्यमदोत्कर्षात् (निजसोदर्यमदोत्कर्षात्),0.1369,0.8828,0.87,0.906,-0.0008
bhuvanabhanu,84,34,५. उत्प्रासितः ॥,0.0892,0.9107,0.2028,0.9274,0.0
bhuvanabhanu,84,35,Jain Education International,0.0146,0.9747,0.1841,0.9828,0.0
bhuvanabhanu,84,36,For Private & Personal Use Only,0.4196,0.9751,0.62,0.9854,0.0
bhuvanabhanu,84,37,www.jainelibrary.org,0.8584,0.9755,0.9848,0.985,0.0
bhuvanabhanu,85,1,६८,0.0909,0.0657,0.1212,0.0807,0.0
bhuvanabhanu,85,2,सिरिइंदहंसगणिविरइयं,0.6667,0.0571,0.8759,0.0773,0.0
bhuvanabhanu,85,3,कयवरसिंगारो जो गरिदठतरहिटूठरम्मि उवबिट्ट्ठो ।,0.264,0.1005,0.7331,0.1215,0.0
bhuvanabhanu,85,4,तंबोलभरापूरिअगंडपुडो चिट्ठए अ फुडं ॥९६००॥,0.264,0.1237,0.6766,0.1443,0.0
bhuvanabhanu,85,5,बँकीकयाइ चिट्ठीइ तिणं व भुत्रणमिणं विलोअंतो ।,0.264,0.1554,0.7121,0.1769,0.0
bhuvanabhanu,85,6,भासंतो भासाए खलंतिआए पवट्टइ जो ॥९६१।।,0.2617,0.1778,0.6772,0.1988,-0.0014
bhuvanabhanu,85,7,'खिंगजणेहिं परिवारिओ अ निअमंदिरम्मि जो रमइ ।,0.2686,0.2091,0.7517,0.228,0.0
bhuvanabhanu,85,8,अन्नदिणे दाऊणं सिक्खं पेसइ अमचे सो ॥९६२॥,0.2634,0.2314,0.7051,0.2512,-0.0013
bhuvanabhanu,85,9,तेहिं नरेसपासे गंतुं भणिअं कुमार ! देवो अ ।,0.264,0.2632,0.6807,0.2842,-0.0014
bhuvanabhanu,85,10,आणावेइ निवेणं समागमिज्जउ सठाणम्मि ॥९६३॥,0.2646,0.2851,0.7045,0.3057,-0.0013
bhuvanabhanu,85,11,सममम्हेहिं किजउ दंसणमुकंठिआ वयं जम्हा ।,0.2646,0.3169,0.6818,0.3379,-0.0014
bhuvanabhanu,85,12,अह 'संकोइअनासो एसो 'सावन्नमभिधेइ ॥९६४।॥,0.264,0.3444,0.7115,0.3641,-0.0013
bhuvanabhanu,85,13,किं तत्थ बट्टए पुण पओअणं ? कहसु जइ उदंतमिमं ।,0.2657,0.3748,0.7383,0.3967,-0.0012
bhuvanabhanu,85,14,सो किं केणावि परेण पाडिओ संकडम्मि तओ ? ॥९६५॥,0.2622,0.398,0.7698,0.4173,-0.0011
bhuvanabhanu,85,15,जेणं 'तब्बाहाकारगर्मिदं पि अह बंधिऊण दढं ।,0.2617,0.4251,0.6853,0.4444,-0.0014
bhuvanabhanu,85,16,पेसेमि तस्स कस्स वि पासे न वयं तु गच्छामो ॥ ९६६।।,0.264,0.4478,0.7698,0.468,-0.0012
bhuvanabhanu,85,17,जइ को वि नागमिस्सइ अम्हाणं अंतिअम्मि ताव तओ ।,0.2617,0.4787,0.764,0.4994,-0.0023
bhuvanabhanu,85,18,अम्हाणं केणात्रि अ पओअणं नत्थि मंतिवरा ! ॥९६७॥,0.2617,0.5015,0.7389,0.5208,-0.0012
bhuvanabhanu,85,19,को केरिसाण जुग्गो ? केणइ निप्फजए उ किं इत्थ ? ।,0.2634,0.5281,0.7529,0.55,-0.0012
bhuvanabhanu,85,20,अह मंतीहिं उत्तं गंतूण कुबेरकुमरस्स ॥९६८॥,0.2628,0.5526,0.6469,0.5728,-0.0015
bhuvanabhanu,85,21,*सभुआदंडबलेणं विडंबिओ विसमसत्तुसंघाओ ।,0.2669,0.5827,0.6917,0.605,-0.0041
bhuvanabhanu,85,22,तुमए कुमार ! पिउजणभत्तेण तपंततेपण ॥९६९॥,0.2646,0.6046,0.7022,0.6277,-0.0067
bhuvanabhanu,85,23,एवंविहम्मि पुत्तम्मि भर्वतम्मि अ पवट्टमाणम्मि ।,0.2646,0.6376,0.7075,0.6599,-0.0026
bhuvanabhanu,85,24,पिउणो परमाणंदो न को वि देवस्त बाहगरो ॥९७०।।,0.2622,0.6604,0.7448,0.6797,-0.0036
bhuvanabhanu,85,25,नरनाह ! परं एवं वतुं जुत्तं न ताव तुम्हाणं ।,0.2646,0.6926,0.6789,0.7128,-0.0014
bhuvanabhanu,85,26,पिउणो वि पासदेसे गच्छामि अहं तु नेव सयं ॥९७१।।,0.2634,0.714,0.7558,0.7347,-0.0024
bhuvanabhanu,85,27,'लच्छी-सोरिअवंतो बिज्ज्ञावंतो वि अन्नगुणवंतो ।,0.2652,0.7462,0.6958,0.7656,-0.0014
bhuvanabhanu,85,28,सोहं पावर विणपण सुवण्णं पिव रयणगेणं ॥९७२॥,0.2611,0.7686,0.729,0.79,-0.0025
bhuvanabhanu,85,29,१. षिङ्गजनैः ॥ २. संकोचितनासः सङ्कोचितनासिकः ॥ ३. सावज्ञम् ॥ ४. तद्बाधाकारकम इन्द्रमपि ॥,0.1445,0.821,0.8735,0.8398,0.0
bhuvanabhanu,85,30,५. खभुजादण्डबलेन ॥ ६. तपत्तेजसा ॥ ७. लक्ष्मी-शौर्यवान् ।,0.0944,0.8476,0.5274,0.8695,-0.0013
bhuvanabhanu,85,31,शौर्य सौन्दर्य बा विश्या लक्ष्मीर्वचस्थिताऽन्यो वा ।,0.2395,0.8798,0.581,0.8987,0.0
bhuvanabhanu,85,32,शोभां मावहति गुणो विनयालङ्कारपरिहीणः ॥१॥ म. भा. पृ. ३२०।,0.2372,0.9085,0.7028,0.9274,0.0
bhuvanabhanu,85,33,Jain Education International,0.0146,0.9747,0.1841,0.9828,0.0
bhuvanabhanu,85,34,For Private & Personal Use Only,0.4196,0.9751,0.62,0.9854,0.0
bhuvanabhanu,85,35,www.jainelibrary.org,0.8584,0.9755,0.9848,0.985,0.0
bhuvanabhanu,86,1,भुषणभाणुकेवलिचरियं,0.109,0.061,0.3042,0.082,-0.006
bhuvanabhanu,86,2,६९,0.8619,0.0618,0.8951,0.0786,-0.0179
bhuvanabhanu,86,3,'चाओ गुणो गणसए वञ्जो वज्जिअसमग्गदोसभरो ।,0.2844,0.0992,0.7547,0.1219,-0.0025
bhuvanabhanu,86,4,जइ तम्मि पवट्टते बिज्ञा ता किं न पज्जत्तं ? ॥९७३॥,0.2774,0.1228,0.7488,0.1434,-0.0025
bhuvanabhanu,86,5,कप्पतरू मंजरिओ कणगं व सुगंधयमिअ संजातं ।,0.2774,0.1486,0.7185,0.1709,-0.0026
bhuvanabhanu,86,6,जइ सोरिअमवि होजा ता मिलिओ एस तिगजोगो ॥९७४।।,0.2756,0.1713,0.8083,0.1928,-0.0033
bhuvanabhanu,86,7,चित्तं वित्तं पत्तं संजोगो मिव इमो वि सिद्धिगगे ।,0.278,0.2031,0.7348,0.2233,-0.0038
bhuvanabhanu,86,8,तिसु तेसु वि मिलिओ विणओ रेहइ जह पयासु नियो ॥९७५॥,0.2751,0.2258,0.8526,0.2482,-0.003
bhuvanabhanu,86,9,धम्मो विज्जा य तवो हवंति सहलाणि विणयजोगेण ।,0.2762,0.2516,0.7517,0.2726,-0.0061
bhuvanabhanu,86,10,जह भूमिगयं बीयं फलेइ बहुलेण सलिलेण ॥९७६॥,0.2762,0.2748,0.7314,0.2984,-0.0064
bhuvanabhanu,86,11,सत्थेसु अणेगेसु वि सुअं कुमारेण 'भाविअठेगं ।,0.2768,0.3053,0.7174,0.3298,-0.0066
bhuvanabhanu,86,12,अम्हे तहावि भणिमो दुप्पडिआरत्तमेएसि ॥९७७॥,0.2756,0.3285,0.7174,0.3525,-0.0066
bhuvanabhanu,86,13,*दुप्पडिआरा माया पिआय राया गुरू अ इहलोए ।,0.2809,0.3572,0.7517,0.3809,-0.0025
bhuvanabhanu,86,14,तत्थ [किर] गुरू इत्थ परत्थ य दुप्पडिआरओ बहुअं ॥९७८॥,0.2786,0.3783,0.8252,0.4019,-0.0053
bhuvanabhanu,86,15,इअ अग्गओ वि पप किं पि भणिस्संति जाव ताव इमो ।,0.278,0.41,0.789,0.4324,-0.0034
bhuvanabhanu,86,16,गिरिरायसन्निओ * पुण कुबेरकुमरो भणेइ फुडं ॥९७९॥,0.2768,0.4337,0.7179,0.4556,-0.004
bhuvanabhanu,86,17,तुम्हे मज्झ वि सिक्खं 'पदेसु किं नायसव्वतत्तस्स ।,0.2739,0.4603,0.7401,0.483,-0.0037
bhuvanabhanu,86,18,गच्छसु निअआवासे जणणी-जणगे अ सिक्खेसु ॥९८०॥,0.2774,0.4818,0.7652,0.5049,-0.0036
bhuvanabhanu,86,19,इअ भणिऊणं व गले गहिउं निक्कासिआ इमे तेण ।,0.2797,0.5135,0.7308,0.5363,-0.0052
bhuvanabhanu,86,20,अह गंतूगं तेहिं निवेइअं सव्वमचि रण्णो ॥९८१॥,0.2751,0.5371,0.7092,0.559,-0.004
bhuvanabhanu,86,21,भूवइणा चिंतिअमिममहो ! भिसमहिडिओ गिरिंदेण ।,0.2762,0.5642,0.7395,0.5865,-0.005
bhuvanabhanu,86,22,मह पुत्तो रजमिणं तओ अहं किर परिहरेमि ॥९८२॥,0.2768,0.5865,0.7488,0.6097,-0.0062
bhuvanabhanu,86,23,किमिमेणं रज्जेणं जत्थ विडंबिज्ञए उ पाणिगणो ।,0.2733,0.6183,0.7255,0.6385,-0.0039
bhuvanabhanu,86,24,एवं मोहमहारिउसिन्नेणं चितइ इमं जो ॥९८३॥,0.2739,0.6415,0.6812,0.6617,-0.0029
bhuvanabhanu,86,25,रजाभिसेअविसया सामग्गी कारिआ नरिंदेण ।,0.278,0.6685,0.6917,0.6887,-0.0028
bhuvanabhanu,86,26,कस्स वि मंतविआरो परं न एस कहिओ जेण ॥९८४॥,0.2756,0.6909,0.7657,0.7106,-0.0036
bhuvanabhanu,86,27,अह अन्नदिणे 'आगारिउं कुबेरकुमरं नरिंदवरो ।,0.2756,0.7231,0.6935,0.7445,-0.0014
bhuvanabhanu,86,28,पेसइ पहाणपउरे तेहि गंतुं नमिउमुत्तं ॥९८५॥,0.2774,0.7467,0.6923,0.7681,-0.0028
bhuvanabhanu,86,29,१. त्यागो गुणो गुणशतादधिको मतो से विद्या विभूषयति तं यदि किं ब्रवीमि ? ।,0.1568,0.7939,0.8275,0.8154,-0.0017
bhuvanabhanu,86,30,पर्याप्तमस्ति यदि शौर्यमपीह किन्तु यद्यस्ति तेषु विनयः स गुणाधिराजः ॥ भ. भा. कृ. ३२०।,0.1795,0.8222,0.8263,0.8424,-0.0009
bhuvanabhanu,86,31,१. बर्यः उत्तमः ॥ ३. भावितार्थेन ॥,0.109,0.8506,0.3765,0.8699,-0.0022
bhuvanabhanu,86,32,४. दुष्प्रतिकारौ मातापितरौ स्वामी गुरुश्च लोकेऽस्मिन् । तत्र गुरुरिहामुत्र च सुदुष्करतरप्रतीकारः ॥१॥ भ. भा.,0.1078,0.8763,0.8881,0.8991,-0.0022
bhuvanabhanu,86,33,१. ३२० ॥ ५. गिरिराजसंज्ञितः अहङ्कारन्याप्त इत्यर्थः ॥ ६. प्रददत ॥ ७. आकार्य ॥ ८. प्रधानपौराम् ॥,0.1078,0.9021,0.8508,0.9253,-0.0016
bhuvanabhanu,86,34,Jain Education International,0.0146,0.9747,0.1841,0.9824,0.0
bhuvanabhanu,86,35,For Private & Personal Use Only,0.4196,0.9751,0.62,0.9854,0.0
bhuvanabhanu,86,36,www.jainelibrary.org,0.8584,0.9755,0.9848,0.985,0.0
bhuvanabhanu,87,1,জ্ঞ,0.1002,0.0648,0.1311,0.0743,0.0
bhuvanabhanu,87,2,सिरिइंदहंसगणिविरइयं,0.6772,0.0593,0.8852,0.0786,0.0
bhuvanabhanu,87,3,रायकुमर ! आगच्छसु रायसमीवम्मि ताव खणमेगं ।,0.2756,0.0992,0.7389,0.1194,0.0
bhuvanabhanu,87,4,जम्हा किं पि महंतं पओअणं विज्जए अज्ज ॥९८६॥,0.2716,0.1219,0.7185,0.1404,0.0
bhuvanabhanu,87,5,गिरिरायसन्निपणं कुमरेणं मेलिआ अमञ्च व्व ।,0.2739,0.1486,0.6888,0.1687,0.0
bhuvanabhanu,87,6,ते विं अ तओ विलक्खीभूआ निअठाणयं पत्ता ॥९८७॥,0.2721,0.1713,0.7523,0.1902,0.0
bhuvanabhanu,87,7,अह पेसइ साभंते तह मंडलिए महीवई ते वि ।,0.2698,0.1975,0.6911,0.2164,0.0
bhuvanabhanu,87,8,तेणं तहेव निब्भच्छिआ अहो ! 'मच्छिआउ व्व ॥९८८।।,0.271,0.219,0.7634,0.2383,0.0012
bhuvanabhanu,87,9,तत्तो तजणणि जो पेसइ दिटुं पि तं अवगणेइ ।,0.2721,0.2465,0.6929,0.2666,0.0014
bhuvanabhanu,87,10,*परभंगभूसिणेहेण पेरिआ सा 'अनिव्वेआ ॥९८९।।,0.2733,0.2701,0.7168,0.289,0.0
bhuvanabhanu,87,11,चलणेसु विलगिऊणं कुमर्र कहमवि महंतकडेण ।,0.2698,0.2963,0.6976,0.3173,0.0014
bhuvanabhanu,87,12,आणेइ रायपासे मायामोहविलसिअमेअं ॥९९०॥,0.2692,0.3195,0.6643,0.3383,0.0
bhuvanabhanu,87,13,मोआवेश निवालो बिसालसीहासणं कुमारस्स ।,0.2675,0.3461,0.6865,0.365,0.0
bhuvanabhanu,87,14,*उड्ढीकयनिअवयणो उवविट्ठो आसणम्मि इमो ॥९९१॥,0.2716,0.3688,0.7617,0.3899,0.0012
bhuvanabhanu,87,15,भिउडिनमणं पि न कयं जेणं जुव्वणवयम्मि घट्टन्तं ।,0.2704,0.3954,0.7366,0.4169,0.0
bhuvanabhanu,87,16,*बुट्ट अहो ! विअड्ढस्स वि तस्स य दुष्व (ट्ठ) यं जायं ॥ ९९२॥,0.2745,0.4182,0.8328,0.4397,0.0
bhuvanabhanu,87,17,भूवइणा भणिओ सो वच्छ ! विअरिउं निआउ कन्नाओ ।,0.2675,0.4448,0.7716,0.4641,0.0
bhuvanabhanu,87,18,तुह सत्तसवणरंजिअराएहिं पेसिआ दूआ ॥९९३॥,0.2681,0.4676,0.6993,0.4878,0.0
bhuvanabhanu,87,19,तम्हा पूरेसु तुमं कन्नाण मणोर हे असेसाणं ।,0.2686,0.4951,0.6562,0.5144,0.0
bhuvanabhanu,87,20,बीवाहमहंतमहेणमणेगविसयसमुत्थाणं ॥९९४॥,0.2675,0.5165,0.6649,0.5376,0.0
bhuvanabhanu,87,21,तह रजमिणं गिण्हासु किञ्जर रज्जाभिसेअओ तुज्न ।,0.2681,0.5436,0.7453,0.5642,0.0
bhuvanabhanu,87,22,अम्हे उ भुत्तमोआ चलिमो पुष्वपुरिसपहेसु ॥९९५॥,0.2675,0.5663,0.7273,0.5878,0.0
bhuvanabhanu,87,23,संसार महासायरतारणपोओषमं वयं तु वयं ।,0.2704,0.5938,0.676,0.6136,0.0
bhuvanabhanu,87,24,आचरिऊणं माणवभवरुक्खफलं गहिस्सामो ॥९९६॥,0.2698,0.6161,0.7133,0.635,0.0
bhuvanabhanu,87,25,गिरिरायपेरिएणं भिउडि भालत्थलम्मि ठविऊणं ।,0.2698,0.6436,0.683,0.6608,0.0
bhuvanabhanu,87,26,जेणुप्तं इत्थ अहं इमस्स कञ्जस्स आणीओ ? ॥९९७॥,0.2669,0.666,0.722,0.6853,0.0
bhuvanabhanu,87,27,"सो वासरो न विलयं कहं ""वयइ ? जत्थ दिन्नमेपण ।",0.271,0.6921,0.7477,0.7115,0.0012
bhuvanabhanu,87,28,रज्जं भुंजिस्सामो वयमवि इच्चाइ जो वयइ ॥९९८॥,0.2727,0.7153,0.7197,0.7355,0.0013
bhuvanabhanu,87,29,पण्हिप्पहारबलओ आसणमाहणिअ उट्टिओ कुमरो ।,0.2704,0.7411,0.7145,0.7643,0.0013
bhuvanabhanu,87,30,बाहिं निग्गच्छंतो एस अजुग्यो त्ति न निसिद्धो ॥९९९॥,0.2686,0.7643,0.7576,0.7857,0.0012
bhuvanabhanu,87,31,सव्वेण जणेण वि जो उविक्खिओ 'मंतिदंसणेण तहा ।,0.2692,0.7913,0.7558,0.8119,0.0024
bhuvanabhanu,87,32,*मोहबलबीअसहिओ नयराओ निग्गओ बाहिं ॥१०००॥,0.2733,0.8141,0.7512,0.8351,0.0024
bhuvanabhanu,87,33,१. मक्षिकाः इव ॥ २. परं भङ्गभूस्नेहेन परं पुत्रस्नेहनेत्यर्थः ॥ ३. अनिर्वेदा ॥ ४. ऊर्धीकृतनिनवदनः ॥,0.1498,0.8532,0.8759,0.8746,0.0008
bhuvanabhanu,87,34,५. वृत्तं भहो ! विदग्धस्यापि तस्य दुष्टं जातम् ॥ ६. व्रतम् ॥ ७. व्रजति ॥ ८. सम्मग्दर्शनरूपमन्त्रिणा ॥,0.102,0.8806,0.877,0.9008,0.0008
bhuvanabhanu,87,35,५. मोहबलद्वितीयसहितः मोहबलमात्रसद्वितीय इत्यर्थः ॥,0.1002,0.9085,0.4726,0.927,0.0
bhuvanabhanu,87,36,Jain Education International,0.0146,0.9747,0.1841,0.9828,0.0
bhuvanabhanu,87,37,For Private & Personal Use Only,0.4196,0.9751,0.62,0.9854,0.0
bhuvanabhanu,87,38,www.jainelibrary.org,0.8584,0.9755,0.9848,0.985,0.0
bhuvanabhanu,88,1,भुवणभाणुकेवलिचरियं,0.102,0.0597,0.2937,0.0803,0.0
bhuvanabhanu,88,2,पडिओ महाडवीप राआ तल्लहुसहोअरस्स तओ ।,0.271,0.1009,0.6976,0.1219,0.0
bhuvanabhanu,88,3,रज्ज समिप्पऊणं 'नीलिन्चभिहस्स पव्वइआ ॥१००१।।,0.271,0.1228,0.7115,0.1413,0.0
bhuvanabhanu,88,4,चरणं आचरिऊणं धणंजओ रायरिसिवरी एसो ।,0.2663,0.149,0.6841,0.1666,0.0
bhuvanabhanu,88,5,उप्पन्नविमलनाणो पत्तो निव्वुइमहानयरिं ॥१००२॥,0.2686,0.1717,0.7051,0.1928,0.0
bhuvanabhanu,88,6,अडवीए भममाणो कुमरो जो चित्तकालनामेण ।,0.2681,0.1997,0.6667,0.219,0.0
bhuvanabhanu,88,7,वग्घाभिहाणपल्लीपइपुत्तेणं च किर दिट्ठो ॥१००३॥,0.2692,0.2211,0.6941,0.243,0.0
bhuvanabhanu,88,8,रणभग्गेणं तत्थागपण तेणं समं मिहो जुद्धं ।,0.2716,0.2482,0.6684,0.2684,0.0
bhuvanabhanu,88,9,लग्गं कुमरस्स तओ जुज्झंता दो वि ताव 'मुया ॥१००४॥,0.2669,0.2709,0.7727,0.292,0.0
bhuvanabhanu,88,10,पडिओ कुबेरकुमरो महंतनरगेसु मच्छपमुहेसु ।,0.2681,0.2984,0.6678,0.3186,0.0
bhuvanabhanu,88,11,पुणरवि पभूअकालं ठविओ दुक्खभरभरिओ जो ॥१००५।।,0.2686,0.3203,0.7646,0.3418,0.0
bhuvanabhanu,88,12,धणसिट्ठिणो परमसावयस्स जाओ महापुरे नयरे ।,0.2675,0.3478,0.6871,0.368,0.0
bhuvanabhanu,88,13,पुत्तो जो जणगेणं दिन्नं पउम त्ति नाममिणं ॥१००६॥,0.2669,0.3697,0.7209,0.3912,-0.0013
bhuvanabhanu,88,14,जो बालत्ते वि अहो ! अहिडिओ रायकेसरिसुआए ।,0.2675,0.3967,0.7372,0.4178,0.0
bhuvanabhanu,88,15,बहुलित्तिनामिआए अनंतअणुबंधिमायाए । १००७७॥,0.2646,0.4195,0.6707,0.441,0.0
bhuvanabhanu,88,16,मायाए उदपणं की तो सह अणेगडिभेहिं ।,0.2675,0.447,0.6375,0.4659,0.0
bhuvanabhanu,88,17,बंचेइ ताणि तेसि भक्खं धिप्पेइ जो बालो ॥१००८॥,0.2663,0.4689,0.7226,0.4886,-0.0013
bhuvanabhanu,88,18,बहुलीपहाणयाए जो 'जाणावेइ अप्पणो निश्वं ।,0.2657,0.4959,0.6818,0.5182,0.0
bhuvanabhanu,88,19,साहुत्तणं च सिसुणो रंजेइ निअमहुरगिराए ॥१००९॥,0.2646,0.5187,0.7314,0.5406,-0.0012
bhuvanabhanu,88,20,एवं वट्टतो जो जगणि बंच्चेइ जणगमवि ताय ।,0.2652,0.5457,0.683,0.5659,-0.0014
bhuvanabhanu,88,21,बंधववग्गं भइणीओ सयणे 'विब्भमेइ सया ॥१०१०॥,0.2646,0.5689,0.7273,0.5882,-0.0013
bhuvanabhanu,88,22,सत्थाई पढमाणो पाढगमवि बंचए अ धुत्तो जो ।,0.264,0.5964,0.7022,0.6179,0.0
bhuvanabhanu,88,23,दोहं करेइ कुमराण तहा 'सदढं पर्दताणं ॥१०११॥,0.264,0.6191,0.7051,0.6393,-0.0013
bhuvanabhanu,88,24,"""गिहदेवगिहा-ऽवरदेवगिहेतुं जो समागओ थुणइ ।",0.2675,0.6458,0.7121,0.666,0.0
bhuvanabhanu,88,25,देवे विविहथुईहिं परमंतरमुवलहेश जया ॥१०१२॥,0.2652,0.6677,0.7115,0.6896,-0.0013
bhuvanabhanu,88,26,जो भक्खेइ तया पुण 'देवपुरोवट्टिमोअगप्पमुहं ।,0.2622,0.6951,0.6964,0.7166,-0.0013
bhuvanabhanu,88,27,घंटाइअं परं पि हु ''कक्खाए पक्खिवइ मूढो ॥१०१३॥,0.2628,0.7175,0.7582,0.7389,0.0
bhuvanabhanu,88,28,मन्नइ जो नेव निअं अवराहं मारिओ बि गूढमणो ।,0.2646,0.745,0.7302,0.7647,0.0
bhuvanabhanu,88,29,गोवेइ अणेगाहिं जुत्तीहि धुत्तभावाओ ॥ १०१४।॥,0.2634,0.7673,0.6678,0.7896,-0.0014
bhuvanabhanu,88,30,"केण वि समं च सम्म भावं पयडेइ नेव जी ""जाउ ।",0.264,0.7935,0.7436,0.8132,-0.0012
bhuvanabhanu,88,31,जणगस्सावि कयाइ बि 'साभिप्पायं न जंपेइ ॥१०१५।।,0.264,0.8162,0.7622,0.8373,-0.0012
bhuvanabhanu,88,32,७१,0.8531,0.0635,0.8852,0.0781,-1.5708
bhuvanabhanu,88,33,१. नीलेत्यभिधस्य ॥ २. मिथः परस्परमितार्थः ॥ ३. मृतौ ॥ ४. ज्ञापयति ॥ ५. विभ्रमयति ॥ ६.,0.1457,0.8587,0.8776,0.8785,-0.0008
bhuvanabhanu,88,34,सार्द्धम् ॥ ७. गृहविगृहाऽपरदेवगृहेषु गृहदेवालये देवगृहे वा इत्यर्थः ॥ ८. परम् अन्तरमुपलभते यदा ९. देव-,0.0944,0.8811,0.8788,0.9034,-0.0007
bhuvanabhanu,88,35,पुरोवर्तिमोदकप्रमुखम् ।। १०० कक्षात्राम् ।। ११. जातु कदाचिदपीत्यर्थः ॥ १२. स्वाभिप्रायम् ॥,0.0921,0.9038,0.7628,0.9266,-0.0017
bhuvanabhanu,88,36,Jain Education International,0.0146,0.9747,0.1841,0.9828,0.0
bhuvanabhanu,88,37,For Private & Personal Use Only,0.4196,0.9751,0.62,0.9854,0.0
bhuvanabhanu,88,38,www.jainelibrary.org,0.8584,0.9755,0.9848,0.985,0.0
bhuvanabhanu,89,1,७२,0.0944,0.0614,0.1253,0.0751,0.0
bhuvanabhanu,89,2,सिरिइदहंसगणिविरइयं,0.6696,0.0575,0.8794,0.0777,0.0
bhuvanabhanu,89,3,अणणीए वि 'सममकित्तिमं चवइ नेव सव्वया एवं ।,0.2681,0.094,0.757,0.1125,0.0
bhuvanabhanu,89,4,बहुलीए सह वडूढतो जो बंचेइ सव्वजर्ण ॥१०१६॥,0.2681,0.1176,0.697,0.1365,0.0
bhuvanabhanu,89,5,जणगाईहिं 'उव्वेइपहिं नीओ अ जो सुगुरुपासे ।,0.2692,0.1438,0.6993,0.164,0.0
bhuvanabhanu,89,6,तेसिं निवेइअमिणं तेहिं तिहुअणजणहिआणं ॥१०१७॥,0.2681,0.1666,0.7308,0.1885,0.0013
bhuvanabhanu,89,7,भिच्चो वि को वि जाओ न परिसो 'बहुलिआलयावरिओ ।,0.2686,0.1928,0.8048,0.2143,0.0
bhuvanabhanu,89,8,अम्हाणमालए वा कुलम्मि गुत्तम्मि वा भयचं ! ॥१०१८॥,0.2681,0.216,0.7605,0.2353,0.0
bhuvanabhanu,89,9,तम्हा तुम्हे काऊण पसायं पुण तहा कुणह नाह ! ।,0.2686,0.2435,0.7185,0.2632,0.0
bhuvanabhanu,89,10,मायं परिहरिअ जहा पवट्टए जो (य) जिणधम्मे ॥१०१९।।,0.2657,0.2653,0.7931,0.2855,0.0
bhuvanabhanu,89,11,सुद्धो वि अम्ह वंसो मलिणो जणिओ अ जेण जापण ।,0.2669,0.2915,0.7529,0.3117,0.0
bhuvanabhanu,89,12,जह पुण्णिमामिअंको कलंकिओ किर कुरंगेण ॥१०२०॥,0.2634,0.3143,0.7372,0.3353,0.0
bhuvanabhanu,89,13,अह धम्मकहाकमलि णिविगासणसहस्स भाणुणो गुरुणो ।,0.2646,0.3422,0.7634,0.362,0.0
bhuvanabhanu,89,14,करुणारसजलनिहिणो उवपसं दिति ते दंता ॥१०२१॥,0.2652,0.3645,0.7279,0.3826,0.0
bhuvanabhanu,89,15,*जइ मायासीलो पुरिसो कमवि करेइ नेव अवराहं ।,0.2698,0.3899,0.7337,0.4118,0.0013
bhuvanabhanu,89,16,तस्स सदोसेण तह वि न होइ अहिणु व्व विस्सासो ॥१०२२॥,0.2657,0.4135,0.8263,0.4337,0.001
bhuvanabhanu,89,17,"""मायाविणो अ जीत्रा हीणकुलेसु नरगेसु नारीसु ।",0.2675,0.4405,0.7145,0.462,0.0013
bhuvanabhanu,89,18,उप्पज्जंता निश्चं पुणो पुणो दुहमणुहवंति ॥१०२३॥,0.2652,0.4637,0.7034,0.486,0.0013
bhuvanabhanu,89,19,इच्चाइअवयणेहिं माया जाया इमस्स मंदयरा ।,0.2652,0.4908,0.6544,0.5092,0.0
bhuvanabhanu,89,20,जह पच्चूसदिणेसरकिरणेहिं 'सव्वरी एसा ॥१०२४॥,0.2622,0.5122,0.7279,0.5328,0.0013
bhuvanabhanu,89,21,मिच्छादंसणमेअं तिमिरं व 'निलीणयं मणगुहाए ।,0.2622,0.5397,0.6777,0.5595,0.0014
bhuvanabhanu,89,22,सम्मदंसणमादिब्भूअं जस्स य पगासु व्व ॥५०२७॥,0.264,0.5633,0.6725,0.5827,0.0014
bhuvanabhanu,89,23,सम्मद्दंसणसेवा जेण कया बहुदिणाणि ताव तओ ।,0.2617,0.5904,0.6772,0.6119,0.0
bhuvanabhanu,89,24,वीसासो पिउणा पुण किजइ सव्वत्थ जस्स धुवं ॥१०२६॥,0.2617,0.6114,0.7756,0.6337,0.0011
bhuvanabhanu,89,25,जणगेण एगया जो ''सोवण्णिअआवणे ''सपासम्मि ।,0.2628,0.638,0.7483,0.6569,0.0012
bhuvanabhanu,89,26,उववेसिओ तओ जस्स गंठिमप्पेइ सिट्ठिवरो ॥१०२७॥,0.2652,0.6604,0.7436,0.6823,0.0024
bhuvanabhanu,89,27,गच्छइ मिहम्मि मोत्तुं धणइढसिट्ठी अणग्गलधणड्ढो ।,0.2622,0.6878,0.7284,0.7093,0.0013
bhuvanabhanu,89,28,अस्सं वाहंतस्स निवस्स कराओ पडिअ मुद्दा ॥१०२८॥,0.2617,0.7106,0.7407,0.7325,0.0012
bhuvanabhanu,89,29,१. अकृत्रिमम्-स्वाभाविकं बचः ॥ २. वक्ति ॥ ३. उद्देजितैः ॥ ४. बहुलिकालतावृतः ॥ ५.,0.1434,0.7484,0.799,0.7703,0.0
bhuvanabhanu,89,30,मायाशीलः पुरुषो यद्यपि न करोति कश्चिदपराधम् ।,0.0927,0.7767,0.4493,0.7956,0.0
bhuvanabhanu,89,31,सर्फ इवाविश्वास्यो भवति तथाऽप्यात्मदोषहतः ॥१॥ भ. भा. पृ. ३२२ ।,0.2383,0.8029,0.7407,0.8252,0.0012
bhuvanabhanu,89,32,६. भहेः सर्पस्य इव ॥,0.0944,0.8265,0.2547,0.8441,0.0
bhuvanabhanu,89,33,७. मायाविनश्च जीवा जायन्ते होनकुलसमुत्थासु ।,0.2628,0.8493,0.5944,0.8699,0.0035
bhuvanabhanu,89,34,स्त्रीषु नरकेषु दुःखान्यनुभवमाप्नुवन्त्यनन्तानि ॥१॥ भ. भा. पृ. ३२२,0.2378,0.8768,0.7506,0.8991,0.0023
bhuvanabhanu,89,35,८. शर्वरी रात्रिः इस्यर्थः ।। ९. नीलीनकं नीलीनः इत्यर्थः ॥ १०. सौवर्णिकापणे ॥ ११. स्वपार्श्वे ॥,0.0927,0.9025,0.796,0.9236,0.0017
bhuvanabhanu,89,36,Jain Education International,0.0146,0.9747,0.1841,0.9828,0.0
bhuvanabhanu,89,37,For Private & Personal Use Only,0.4196,0.9747,0.62,0.985,0.0
bhuvanabhanu,89,38,www.jainelibrary.org,0.8584,0.9755,0.9848,0.985,0.0
bhuvanabhanu,90,1,भुवणभाणु के वलिचरियं,0.1008,0.0717,0.2978,0.0915,0.0
bhuvanabhanu,90,2,भूवइणा निवर्डतं मुद्दारयणं च मेव विण्णायं ।,0.2698,0.1099,0.6847,0.1301,0.0
bhuvanabhanu,90,3,केणावि अ अबरेणं नरेण लद्धं इमं शत्ति ॥१०२९॥,0.2692,0.1361,0.7086,0.1563,0.0013
bhuvanabhanu,90,4,पउमकुमरस्म तेणं मुद्दा सा दंसिआ तओ जेणं ।,0.2692,0.1589,0.6859,0.1808,0.0014
bhuvanabhanu,90,5,उवलक्खिआ खणेणं दक्खेण नरिंदसक्का जं ॥१०३०॥,0.2716,0.1821,0.7238,0.2031,0.0026
bhuvanabhanu,90,6,तहवि अवसरं नाउं बहुलीए पुव्वसन्निओ कुमरो ।,0.2681,0.2044,0.6894,0.2263,0.0028
bhuvanabhanu,90,7,गिण्हसु पअं मज्झं बलाओ निव्वहसु सव्वंपि ॥१०३१।।,0.2704,0.2271,0.7448,0.2482,0.0025
bhuvanabhanu,90,8,इअ धरिअं तव्वयणं 'समाणसे जेण तयणु जप्पासे ।,0.2704,0.2508,0.7348,0.2705,0.0
bhuvanabhanu,90,9,मिच्छादंसणपमुहं समागयं मोहबलमेअं ॥१०३२॥,0.2692,0.2735,0.6917,0.2933,0.0014
bhuvanabhanu,90,10,'जायमदिस्सं सम्मदंसणमह जेण गहिअमेअं तु ।,0.2698,0.2963,0.6958,0.316,0.0
bhuvanabhanu,90,11,मुद्दारयणं भासुरमणग्धमवि अप्पमुल्लेण ॥१०३३॥,0.2675,0.3199,0.6824,0.3396,0.0
bhuvanabhanu,90,12,संगोषिऊण मुद्दारयणं अन्नत्थ जेण धरिअं तु ।,0.2675,0.3418,0.6789,0.3615,0.0
bhuvanabhanu,90,13,हट्टागयस्स जणगस्सावि न जो कहइ संबंधं ॥१०३४॥,0.2692,0.3645,0.7378,0.3839,0.0
bhuvanabhanu,90,14,अह दाविओ निवइणा पडहो नयरम्मि जइ समप्पेइ ।,0.2669,0.3912,0.7541,0.4113,0.0
bhuvanabhanu,90,15,मुद्दारयणमिआणि को वि नरो सो 'अदोसु त्ति ॥१०३०।।,0.2692,0.4143,0.7797,0.435,0.0
bhuvanabhanu,90,16,पच्छा उ जस्स मज्झम्मि पयं निग्गच्छए अहो लोआ ! ।,0.2681,0.4414,0.7552,0.4603,0.0
bhuvanabhanu,90,17,*ससिरेण समं पुरिसो 'समप्पइस्सइ इमं मुहं ॥१०३६॥,0.2716,0.4641,0.7617,0.4848,0.0
bhuvanabhanu,90,18,नयरं समग्गमवि भयविसंठुलं तक्खणेण संजायं ।,0.2675,0.4908,0.6993,0.5114,0.0
bhuvanabhanu,90,19,एलो भुअगमो इब उग्यतमों मेइणीरमणो ॥१०३७॥,0.2681,0.5135,0.7034,0.5337,0.0
bhuvanabhanu,90,20,सिट्ठिवरेणं 'सुअमेगेहिंतो पासवट्टिएहिंतो ।,0.2663,0.5401,0.6445,0.5612,0.0
bhuvanabhanu,90,21,तेण तओ पगंते धरिऊणं पुच्छिओ पुत्तो ॥१०३८॥,0.2657,0.5638,0.7063,0.5844,0.0
bhuvanabhanu,90,22,बहुलीपहाणओ जो निअसवणपिहाणपुव्वयं भणइ ।,0.2657,0.5904,0.6923,0.6114,0.0
bhuvanabhanu,90,23,धिद्धी ! न साविअव्वं पावं मह परिस ताय ! ॥१०३९ ॥,0.2675,0.6136,0.7477,0.632,0.0
bhuvanabhanu,90,24,“साहसमेवंविहगं को पुरिसौ कुणइ अप्परुट्ठो ? हा!? ।,0.2721,0.6402,0.7395,0.6608,0.0
bhuvanabhanu,90,25,पुट्ठो तहेव जणणीइ पाडिवेसिअवणिअगेहिं ॥१०४०॥,0.2675,0.6621,0.7232,0.6836,0.0
bhuvanabhanu,90,26,सव्वेहिं पि तहा जो पुट्ट्ठो 'पुरवासिसिठ्ठलोपहि ।,0.2652,0.6896,0.697,0.7119,0.0
bhuvanabhanu,90,27,न परं केण वि भिन्नं तच्चित्तं वंसमूलं व ॥१०४१।।,0.2669,0.7123,0.7104,0.7316,-0.0013
bhuvanabhanu,90,28,अह अन्नद्दिणे नरवइमणिकोसागारिएण को वि नरो ।,0.2634,0.7402,0.7366,0.7596,-0.0012
bhuvanabhanu,90,29,वाणिज्अगाररूवं कागविज्जइ अपव्ययरो ॥१०४२॥,0.2652,0.763,0.7063,0.7832,-0.0013
bhuvanabhanu,90,30,लो तेण पेसिओ निअलयणो अ समागओ विदेसाओ ।,0.2646,0.7905,0.7465,0.8089,0.0
bhuvanabhanu,90,31,पउमतगासे धरिओ पनंते तेण भणिओ सो ॥१०४३॥,0.2657,0.8132,0.722,0.8325,0.0
bhuvanabhanu,90,32,७३,0.8508,0.0799,0.8829,0.0923,0.0
bhuvanabhanu,90,33,१. स्वमानसे ।। २. तदनु यत्पार्श्व ॥ ३० जातम् अदृश्यम् ॥ ४. अदोषः ॥ ५. स्वशिरसा ।।,0.1469,0.8424,0.8759,0.8622,-0.0008
bhuvanabhanu,90,34,६. समर्पयिष्यति ।। ७. श्रुतमेकेभ्यः पार्श्ववत्तिकेभ्यः ॥ ८. साहसमेवंविधकम् ।। ९. पुरवासिशिष्टलोफैः ॥,0.0979,0.869,0.8776,0.8905,-0.0007
bhuvanabhanu,90,35,१०,0.1294,0.8982,0.1533,0.912,0.0
bhuvanabhanu,90,36,Jain Education International,0.0146,0.9747,0.1841,0.9828,0.0
bhuvanabhanu,90,37,For Private & Personal Use Only,0.4196,0.9747,0.62,0.985,0.0
bhuvanabhanu,90,38,www.jainelibrary.org,0.8584,0.9755,0.9848,0.985,0.0
bhuvanabhanu,91,1,७४,0.1049,0.0743,0.1323,0.0846,-1.5708
bhuvanabhanu,91,2,सिरिइंद हंसगणिविरइयं,0.6801,0.0683,0.8864,0.0863,0.0
bhuvanabhanu,91,3,सिंहलदीवेसेणं रापणं मुहिआ महामुल्ला ।,0.2756,0.1048,0.6026,0.1254,0.0
bhuvanabhanu,91,4,आणाइआ य एगा जइ अत्थि तया समप्पेसु ॥१०४४॥,0.2768,0.128,0.75,0.1481,0.0
bhuvanabhanu,91,5,इत्तिअमित कज्जं अम्हाणं अत्थि इत्थ ठाणम्मि ।,0.278,0.1494,0.7168,0.17,-0.0027
bhuvanabhanu,91,6,जं मुलं मग्गिज्जर दाविञ्जर तं मए सव्वं ॥१०४५॥,0.2751,0.173,0.7145,0.1936,-0.0013
bhuvanabhanu,91,7,पउमेण चिंतिअमिमं इमस्त मुद्दा समप्पिआ पसा ।,0.2774,0.1954,0.708,0.216,-0.0014
bhuvanabhanu,91,8,देसंतरं गमिस्सइ भविस्सइ अ का वि न विसुद्धी ॥१०४६॥,0.2768,0.2173,0.799,0.2387,-0.0011
bhuvanabhanu,91,9,इअ आणेउं सा दंसिया कुमारेण तस्स पुरिसस्स ।,0.2762,0.2404,0.7197,0.2623,-0.0013
bhuvanabhanu,91,10,इत्थंतरे निधनरा 'संकेपणाऽऽगया तत्थ ॥१०४७॥,0.2774,0.2636,0.7075,0.2842,-0.0027
bhuvanabhanu,91,11,तेहि धरिऊणं सो आणीओ रायमंदिरे मुद्दा ।,0.2745,0.2847,0.6783,0.3061,-0.0029
bhuvanabhanu,91,12,उवलक्खिआ निवेणं सह सक्खेणं इमा दिट्ठा ॥१०४८।।,0.2756,0.3079,0.7576,0.328,-0.0024
bhuvanabhanu,91,13,निग्गहिओ नरवइणा विलंबणाकरणपुव्वयं पउमो ।,0.2727,0.3302,0.7045,0.3525,-0.004
bhuvanabhanu,91,14,पाणेहिं पि विमुक्को विसमो दंडां जओ रण्णो ॥१०४९॥,0.2739,0.3525,0.7622,0.3753,-0.0048
bhuvanabhanu,91,15,तत्तो वि इमो बिसमो दंडो दुरिअस्स दीसए जम्हा ।,0.2727,0.3753,0.7535,0.398,-0.0048
bhuvanabhanu,91,16,जो परभवम्मि पत्तो रोगाइगलिसुणीभावं ॥१०५०॥,0.2733,0.3985,0.7477,0.4204,-0.0061
bhuvanabhanu,91,17,पुणरवि दुक्खोहजुओ पभूअभवसायरेसु जो भमिओ ।,0.2733,0.4199,0.7436,0.4453,-0.0062
bhuvanabhanu,91,18,जयपुरनामं नयरं सुसाबओ तत्थ धणदत्तो ॥१०५१॥,0.2721,0.444,0.6906,0.4663,-0.007
bhuvanabhanu,91,19,तस्स सुओ जाओ जो पिउणा हरिसभरपुरिअमणेण ।,0.2721,0.465,0.7407,0.4895,-0.0087
bhuvanabhanu,91,20,निअतणुअस्स विअरिअं अभिहाणं सोमदत्तत्ति ॥१०५२॥,0.2727,0.4882,0.7279,0.5114,-0.0064
bhuvanabhanu,91,21,जो बड्ढतो भंडं किंचि ववहरेइ अप्पमुलं पि ।,0.2704,0.5109,0.6923,0.5337,-0.0069
bhuvanabhanu,91,22,धन्नाण तओ हट्ट मंडेइ सयलपगाराणं ॥१०५३॥,0.2704,0.5354,0.6812,0.5565,-0.0071
bhuvanabhanu,91,23,आलस्सवजिएणं उवज्जिअं जेण किं पि किर दव्वं ।,0.2692,0.5565,0.7249,0.5771,-0.0051
bhuvanabhanu,91,24,जम्हा उ किजमाणो न उज्जमो निष्फलो होइ ॥१०५४।।,0.2686,0.5788,0.7465,0.6007,-0.0073
bhuvanabhanu,91,25,अह जाणिऊण समयं रागमईदेण पेसिओ लोहो ।,0.2686,0.6024,0.6801,0.6239,-0.0071
bhuvanabhanu,91,26,* जन्निगडम्मि अणंताणुबंधिओ झत्ति निअपुत्तो ॥१०५५॥,0.2727,0.6239,0.7582,0.6479,-0.0072
bhuvanabhanu,91,27,सो 'सायरावरऽक्खो बहुलीभाउअसहोअरो जस्स ।,0.2686,0.6471,0.715,0.6724,-0.0091
bhuvanabhanu,91,28,वड्ढेइ धणोवज्ञणवंछं लाहाउ लोहो जं ॥१०५६॥,0.2698,0.6707,0.708,0.6939,-0.0106
bhuvanabhanu,91,29,अवरावरवाणिज्ञकरणेण जाओ सहस्सधणनाहो ।,0.2675,0.6934,0.6946,0.7136,-0.0095
bhuvanabhanu,91,30,सकिलेसेहिं ववसाएहि अज्जेइ जो लक्खं ॥१०५७७॥,0.2686,0.7149,0.7098,0.7372,-0.0092
bhuvanabhanu,91,31,दुहकोडीसहणेणं धणकोडी अजिआ पुणो जेण ।,0.2669,0.7377,0.6906,0.7634,-0.0096
bhuvanabhanu,91,32,निअमंदिरम्मि बद्धो झओ गओ तेण य पसिद्धिं ॥ १०५८।।,0.2821,0.7596,0.7885,0.7827,-0.0092
bhuvanabhanu,91,33,वडूढर जहा य विहवो 'फद्धकरो सायरो वि अ तहेव ।,0.2669,0.7827,0.771,0.8064,-0.0092
bhuvanabhanu,91,34,अन्नन्न संजाया ते दो वि अलद्धपज्जंता ॥१०५९।।,0.2646,0.8064,0.6911,0.8295,-0.0123
bhuvanabhanu,91,35,तप्पेरिओ अवन्नाए देवे जो 'अहिक्खिवइ गाढं ।,0.2652,0.8283,0.7063,0.851,-0.0092
bhuvanabhanu,91,36,आराहिआ वि एए न दिति कस्सावि पच्चक्खं ॥१०६०।।,0.2652,0.8506,0.7692,0.8733,-0.0104
bhuvanabhanu,91,37,?,0.7337,0.7437,0.7378,0.7467,0.0
bhuvanabhanu,91,38,१. सङ्केतेन ॥ २. शुनी-कुकुरी-कुतरी ॥ ३. यन्निकटे ॥ ४. सागरापराख्यः ॥ ५. धनोपार्जनबाञ्छाम् ।।,0.1451,0.8785,0.8765,0.9043,-0.0056
bhuvanabhanu,91,39,६. ध्वजः ॥ ७. स्पर्द्धकरः ।। ८. अधिक्षिपति ॥,0.0962,0.9073,0.4283,0.9257,-0.0018
bhuvanabhanu,91,40,Jain Education International,0.0146,0.9747,0.1841,0.9828,0.0
bhuvanabhanu,91,41,For Private & Personal Use Only,0.4196,0.9751,0.62,0.9854,0.0
bhuvanabhanu,91,42,www.jainelibrary.org,0.8584,0.9755,0.9848,0.985,0.0
bhuvanabhanu,92,1,भुवणभाणुकेवलिच रियं,0.102,0.0605,0.2984,0.0812,-0.003
bhuvanabhanu,92,2,१. आक्रान्तः ||,0.1474,0.8248,0.2547,0.8373,0.0
bhuvanabhanu,92,3,गुरुणो जो अवज्ञाणइ मन्नइ विग्धं व तस्स उवएसे ।,0.2716,0.0889,0.7535,0.1086,0.0
bhuvanabhanu,92,4,जो चत्तधम्मकिच्चो पाबेसु परायणो निच्चं ॥१०६१।।,0.2704,0.1108,0.7459,0.1305,0.0
bhuvanabhanu,92,5,अह जो परिहरिओ तक्खणेण सम्मत्तमंतिनाहेण ।,0.271,0.134,0.6941,0.1516,0.0
bhuvanabhanu,92,6,'अक्कमिओ मिच्छत्तप्पमुहमहामोहकडगेणं ॥१०६२।।,0.2756,0.1563,0.7115,0.1752,0.0
bhuvanabhanu,92,7,दविणऽजणस्सुवाया पारद्धा जेण पुण अणेगविहा ।,0.2721,0.1795,0.7185,0.1992,0.0
bhuvanabhanu,92,8,वडूढइ धणं पइदिणमऽसंतोसेण सह कट्ठेहिं ॥१०६३।।,0.271,0.2009,0.7273,0.2216,-0.0013
bhuvanabhanu,92,9,जेणुजमवंतेणं समजिआ भूरिरयणकोडीओ ।,0.2686,0.2237,0.6614,0.2443,0.0
bhuvanabhanu,92,10,जो ववहारिगणसिरोरयणीभूओ अ रिद्धीप ॥१०६४।।,0.271,0.2465,0.7284,0.2658,0.0
bhuvanabhanu,92,11,* अजिअधणगणपालण-अणजिओवजणेगकंखाए ।,0.2721,0.2684,0.6906,0.2868,0.0
bhuvanabhanu,92,12,रयणीए जो न सुबह दिणम्मि न वि भोअणं कुगइ ॥ १०६५।।,0.2733,0.292,0.8147,0.3117,0.0
bhuvanabhanu,92,13,पिक्खिज्जंते जेणं निरंतरं 'लिक्खयाणि सयलाणि ।,0.2721,0.3143,0.7302,0.3319,0.0
bhuvanabhanu,92,14,'उक्खायनिखायाई किन्जंते सव्वकालं च ॥१०६६।।,0.2686,0.3366,0.7104,0.3568,0.0
bhuvanabhanu,92,15,विहवे मुज्झतो जो उज्झइ जणयं कर्वाड्डुआकज्जे ।,0.2704,0.3598,0.7086,0.3809,0.0
bhuvanabhanu,92,16,मुंचेइ मायरं अवगणेइ पिउणो अ 'लाहट्ठी ॥१०६७७॥,0.2698,0.3826,0.7214,0.4036,0.0
bhuvanabhanu,92,17,तिलतुसचउत्थभायं पत्थंतो जो सुहं अणुहवेइ ।,0.2681,0.4062,0.6801,0.4264,0.0
bhuvanabhanu,92,18,जस्स मणं न मणागऽवि कड्डिआदाणबिसयम्मि ॥१०६८॥,0.2686,0.4281,0.7791,0.4478,0.0
bhuvanabhanu,92,19,देइ कुटुंबस्स वि जो धन्नाइ विलोइअं पि दिट्टीए ।,0.2686,0.4504,0.7174,0.4719,0.0
bhuvanabhanu,92,20,*मविअं तह गणिअं तोलिअं च 'दढमद्दिओ बहुसो ॥१०६९।।,0.2733,0.474,0.8042,0.4946,0.0
bhuvanabhanu,92,21,जो जिण्णयरं धन्नं सयमवि भुजेइ ताव पञ्चग्गं ।,0.2675,0.4959,0.7232,0.5161,0.0
bhuvanabhanu,92,22,संचेइ धन्नरासि अग्गेअणवरिसअत्थेण ॥१०७०॥,0.2686,0.5195,0.7045,0.5376,0.0
bhuvanabhanu,92,23,जो बीससेइ धणओ निअहत्थस्सावि सायरपहाषो ।,0.2686,0.5419,0.7197,0.5603,0.0
bhuvanabhanu,92,24,रासि न समप्पेइ अ पायं अन्नस्स कस्सावि ॥१०७१॥,0.2704,0.5633,0.7366,0.5827,-0.0025
bhuvanabhanu,92,25,अन्नय कहमवि जेणं समप्पिओ कोडिमाणओ रासी ।,0.2669,0.5861,0.7314,0.6041,0.0
bhuvanabhanu,92,26,माउलनंदणबंधवजणस्स कस्सावि लोअम्मि ॥१०७२॥,0.2669,0.6084,0.7279,0.6277,-0.0013
bhuvanabhanu,92,27,कइवयदिणपज्जंते जेणं तल्लिक्खयम्मि किज्जते ।,0.2686,0.6307,0.6917,0.6514,-0.0014
bhuvanabhanu,92,28,''इसुणो मिलिआ ताष य 'कवडिया 'बोडिआ नेव ॥१०७३॥,0.2727,0.6535,0.8497,0.6745,-0.001
bhuvanabhanu,92,29,सो कारिओ ''तयष्ठेने लिक्खयमुज्जागरं च काऊणं ।,0.2657,0.6763,0.7191,0.6977,0.0
bhuvanabhanu,92,30,निश्वमहोरत्ताई विसुइआए मओ एसो ॥१०७४॥,0.2698,0.6994,0.683,0.7201,-0.0028
bhuvanabhanu,92,31,"करचंडों अ महाकंथओ अ ' ""अइद पंचसाहो अ ।",0.2692,0.7226,0.7063,0.7419,-0.0013
bhuvanabhanu,92,32,इअ जस्स पसिद्धी किर संजाया लोअमज्झम्मि ॥१०७५,0.2686,0.7445,0.7599,0.7643,-0.0012
bhuvanabhanu,92,33,दिंतस्स वि जस्स धणं करेण ''फरिसेइ को वि नेव नरो ।,0.2657,0.7669,0.8065,0.7857,-0.0011
bhuvanabhanu,92,34,ववहारो वि अ किजइ अणेण सह सजणेण जओ ॥१०७६॥,0.2657,0.79,0.7885,0.8098,-0.0022
bhuvanabhanu,92,35,७०,0.8555,0.0653,0.8846,0.0764,-0.02
bhuvanabhanu,92,36,२. अर्जितधनगणपालन-अनर्जितोपार्जनैककाङ्ख्या ॥ ३. लेख्यकानि-लेखां-हिसाबा ॥,0.2879,0.8188,0.8805,0.8394,-0.001
bhuvanabhanu,92,37,४. उत्खातनिखातानि ॥ ५. लाभार्थी ॥ ६. मापितम् ॥ ७. दृढम् अर्दितः ॥ ८. जीर्णतरम् ॥ ९. प्रत्यग्रम्-नृतन-,0.0973,0.8411,0.8823,0.8617,-0.0007
bhuvanabhanu,92,38,मित्यर्थः ॥ १०. अग्रेतनवर्षस्यार्थेन ॥ ११० इषवः- बाणाः- पञ्चसंख्यका इत्यर्थः ॥ १२. कपर्दिकाः ॥ १३. बोड्रिकाः ||,0.0991,0.8643,0.88,0.8849,-0.0007
bhuvanabhanu,92,39,तदर्थे ॥ १५. अतिदग्धपञ्चशाखश्च पश्ञ्चशाखो हस्तः इत्यर्थः ॥ १६. स्पृशति ॥,0.148,0.8875,0.7034,0.9068,-0.001
bhuvanabhanu,92,40,१४०,0.1008,0.8948,0.1317,0.9038,0.0
bhuvanabhanu,92,41,Jain Education International,0.0146,0.9751,0.1841,0.9828,0.0
bhuvanabhanu,92,42,For Private & Personal Use Only,0.4196,0.9751,0.62,0.9854,0.0
bhuvanabhanu,92,43,www.jainelibrary.org,0.8584,0.9755,0.9848,0.985,0.0
bhuvanabhanu,93,1,७६,0.1026,0.076,0.1323,0.0897,0.0
bhuvanabhanu,93,2,सिरिइदहंसगणिविरइयं,0.683,0.0687,0.8875,0.0876,0.0
bhuvanabhanu,93,3,तम्मि नयरम्मि पगय महग्घयं दारु खाइरं जायं ।,0.2745,0.1095,0.7168,0.1292,0.0
bhuvanabhanu,93,4,लाहमिमं चयसि कहमिअ पेरिओ सायरेणं जो ॥१०७७।।,0.2751,0.1322,0.7803,0.1507,0.0
bhuvanabhanu,93,5,निअसुअबीसासो वि अ जस्स न वट्टर परो जइ पयाइ ।,0.2745,0.1593,0.7698,0.1799,0.0
bhuvanabhanu,93,6,पेसिज्जंतस्स इमस्स गमिस्सइ हत्थगो लाहो ॥१०७८॥,0.2756,0.1825,0.7523,0.2018,0.0
bhuvanabhanu,93,7,सव्वेण कुटुंबेणं च परिअणेणं तहा य लोपण ।,0.2751,0.2087,0.69,0.2297,0.0
bhuvanabhanu,93,8,वारिज्जंतो बि अ जो पेरिअर सायरेण भिसं ॥१०७९।।,0.2768,0.231,0.7646,0.2503,0.0
bhuvanabhanu,93,9,'सगडाणं सयपणगं गहिऊण गओ महाडवीए जो ।,0.2809,0.2585,0.7378,0.2765,0.0
bhuvanabhanu,93,10,कम्मकरजणेहितो 'कत्ताविज्जंति कट्ठाई ॥१०८०॥,0.2751,0.2804,0.6987,0.3018,-0.0014
bhuvanabhanu,93,11,सयलो वि जणो जाओ 'बक्खित्तो जाब ताव उवविट्ठो ।,0.2762,0.307,0.7803,0.328,0.0
bhuvanabhanu,93,12,दिट्ठो अ सोमदत्तो छुहिएणं क्रूरवग्घेण ॥१०८१॥,0.2745,0.3306,0.676,0.3517,0.0
bhuvanabhanu,93,13,दाऊणं च चवेडं विदारिऊणं सुतिक्खनहरेहि ।,0.2733,0.3572,0.6888,0.3783,0.0
bhuvanabhanu,93,14,वग्घेण भक्खिओ जो गयसरणो ताव बिलवंतो ॥१०८२॥,0.2751,0.38,0.7634,0.3997,-0.0012
bhuvanabhanu,93,15,पगिदिआइसु गओ तहेव भमिओ पभूअकालं जो ।,0.2751,0.4066,0.7174,0.4281,-0.0013
bhuvanabhanu,93,16,इअ दुल्लहं लहिअ हा ! सम्मत्तं हारिअं जेणं ॥१०८३॥,0.2756,0.4289,0.7383,0.4513,-0.0025
bhuvanabhanu,93,17,कत्थ वि भवे वराओ *राओबहओ अ दोसवसवट्टी ।,0.2733,0.456,0.7424,0.4779,-0.0012
bhuvanabhanu,93,18,जो सम्मत्तं निग्गमइ कुमयभाविअमणो अहमो ॥१०८४॥,0.2698,0.4787,0.7582,0.5006,-0.0012
bhuvanabhanu,93,19,कत्थ वि कोहेणं कत्थ वि माणेणं तहेब मायाए ।,0.2727,0.5071,0.7051,0.5247,-0.0013
bhuvanabhanu,93,20,लोहेणं व अणंताणुबंधिणा हारिओ जम्मो ॥१०८५॥,0.271,0.529,0.7185,0.5496,-0.0013
bhuvanabhanu,93,21,एवमवरेसु वि भवेसु पाडिओ दंसणाउ जो बहुसां ।,0.2727,0.556,0.7372,0.5775,-0.0013
bhuvanabhanu,93,22,कत्थ वि 'संकजइआरेहिं 'केलौकिलत्तेण ॥१०८६॥,0.2721,0.5779,0.7156,0.5977,-0.0013
bhuvanabhanu,93,23,कत्थ वि कुसीलयकुटुंबकिवणयापमुहअरइभावेण ।,0.2716,0.6058,0.7098,0.6264,-0.0013
bhuvanabhanu,93,24,कत्थ वि अलीअसुहबंछाए जो चयइ सम्मत्तं ॥१०८७।।,0.2716,0.6282,0.7465,0.6488,-0.0025
bhuvanabhanu,93,25,पिअजणविओगधणनासपमुहसोगेण कत्थ वि तहेव ।,0.2704,0.6552,0.7302,0.6771,-0.0038
bhuvanabhanu,93,26,परचक्काइभयाउलभाषेणं जो विगयतत्तो ॥१०८८॥,0.2704,0.6775,0.6946,0.6986,-0.0055
bhuvanabhanu,93,27,कत्थ वि अ दुगंछाए कत्थ वि 'कमलच्छिवेअउदएणं ।,0.271,0.7046,0.7523,0.7274,-0.0024
bhuvanabhanu,93,28,कत्थ वि नरवेअस्सोदपण गयदंसणो जो अ ॥१०८९।।,0.2698,0.7274,0.7418,0.748,-0.0025
bhuvanabhanu,93,29,कत्थ वि नपुंसगाभिहवेअस्सुदपण रोगपमुहेहिं ।,0.2704,0.7548,0.6888,0.7772,-0.0028
bhuvanabhanu,93,30,कत्थ वि तत्तविमुक्को संजाओ इत्थ लोए जो ॥१०९०॥,0.2698,0.7776,0.7389,0.7995,-0.005
bhuvanabhanu,93,31,इअ पत्तेअमणंतसमपण 'पत्ताउ दंसणगुणाओ ।,0.2704,0.8055,0.676,0.8265,-0.0057
bhuvanabhanu,93,32,मोहमहंतबलेणं पुणो पुणो भंसिओ जो अ ॥१०९१॥,0.2698,0.827,0.7214,0.8506,-0.0052
bhuvanabhanu,93,33,१. शकटानाम् ॥ २. शतपञ्चकम् ॥ ३. कर्त्यन्ते ॥ ४. व्याक्षिप्तः ॥ ५. राभोपहतश्च द्वेषवशवर्ती ।।,0.1503,0.8639,0.8765,0.8875,-0.0048
bhuvanabhanu,93,34,६. शङ्काद्यतिचारैः ॥ ७. केलिकिलत्वेन ॥ ८. कमलाक्षीवेदोदयेन-स्त्रीवेदोदयेन ॥ ९. प्राप्तात् दर्शनगुणात् H,0.1014,0.8871,0.8683,0.9098,-0.0023
bhuvanabhanu,93,35,Jain Education International,0.0146,0.9747,0.1841,0.9828,0.0
bhuvanabhanu,93,36,For Private & Personal Use Only,0.4196,0.9751,0.62,0.9854,0.0
bhuvanabhanu,93,37,www.jainelibrary.org,0.8584,0.9755,0.9848,0.985,0.0
bhuvanabhanu,94,1,भुवणभाणुकेवलिचरियं,0.1026,0.0794,0.2943,0.1,0.0
bhuvanabhanu,94,2,७७,0.8537,0.085,0.8823,0.094,0.0
bhuvanabhanu,94,3,जे संति 'खित्तनामय पल्लुवमासंखभागवहंता ।,0.2681,0.1202,0.6655,0.1413,0.0
bhuvanabhanu,94,4,*लोए पपसरासी तप्पमिअभये अ जो भमिओ ॥१०९२।।,0.2704,0.1417,0.757,0.1606,0.0
bhuvanabhanu,94,5,अन्नय उपन्नो विजयखेडपुरनामपट्टणवरम्मि ।,0.2681,0.1687,0.6521,0.1902,0.0
bhuvanabhanu,94,6,धम्माभिहाणधणिणो सुंदरनामेण पुत्तो जो ॥१०९३॥,0.2698,0.1911,0.6952,0.2125,-0.0014
bhuvanabhanu,94,7,तत्थ य एगय सुगुरू समागओ तस्स पासदेसम्मि ।,0.2675,0.2177,0.7244,0.2387,-0.0013
bhuvanabhanu,94,8,सोऊणं धम्मं जो पडिवज्जर दंसणं सुद्धं ॥१०९४॥,0.2652,0.2422,0.7022,0.2611,0.0
bhuvanabhanu,94,9,करुणापरेण कम्मावणीवरेणं समप्पिओ जस्स ।,0.2686,0.2679,0.69,0.286,-0.0014
bhuvanabhanu,94,10,निम्मलत मअज्झवसायलक्खणो तिक्खकरवालो ॥१०९५।।,0.2698,0.2907,0.7477,0.3096,-0.0012
bhuvanabhanu,94,11,*पल्लुवमपुरुत्तयपुव्वलक्खणमहालहुत्तपत्तस्स ।,0.2698,0.3195,0.6614,0.3392,-0.0015
bhuvanabhanu,94,12,मोहाइरिउसरीरस्संऽसा जेणाऽसिणा छिन्ना ॥१०९६॥,0.2681,0.3396,0.7133,0.3594,-0.0013
bhuvanabhanu,94,13,अप्पञ्चक्खाणावरणकसाया सायरप्पमा विसमा ।,0.2657,0.3667,0.6812,0.3851,-0.0014
bhuvanabhanu,94,14,दूरीभूआ भीआ जस्स समुल्लसिअसत्तस्स ॥१०९७॥,0.2681,0.389,0.7016,0.41,-0.0013
bhuvanabhanu,94,15,परितुड्डेपणं सम्मदंसणनामेण मंतिराएण ।,0.2681,0.4169,0.5822,0.4367,0.0
bhuvanabhanu,94,16,चारित्तधम्मचक्की गुरुपासे दंसिओ जस्स ॥१०९८॥,0.2652,0.4388,0.6795,0.4594,-0.0014
bhuvanabhanu,94,17,*भासंति अ सग्गुरुणो जो पालइ अप्पमवि अ चारित्तं ।,0.271,0.465,0.7622,0.486,-0.0012
bhuvanabhanu,94,18,सो होऊण महड्ढिअसुरो लहइ अक्खयं सुक्खं ॥१०९९॥,0.2663,0.4886,0.7599,0.5084,0.0
bhuvanabhanu,94,19,इअ चारित्तस्स गुणा सवित्थरं वण्णिआ गुरुवरेणं ।,0.2669,0.5152,0.6976,0.535,0.0
bhuvanabhanu,94,20,जेणं संजमन्चक्की पडिवन्नो सामिभावाओ ।॥११००।।,0.2646,0.5371,0.6981,0.5556,0.0
bhuvanabhanu,94,21,अं जुग्गं मुणिऊणं चारित्तावप्रिवई 'सतोसभरो ।,0.2652,0.5629,0.6987,0.5852,-0.0013
bhuvanabhanu,94,22,विअरइ देसविरइकन्नयं कणिठ्ठ अणिटुकरो ॥११०१॥,0.2652,0.5865,0.7232,0.608,-0.0013
bhuvanabhanu,94,23,तस्सन्निहाणओ गहर थूरपाणाइवायविरइ जो ।,0.2669,0.6131,0.6789,0.6346,-0.0014
bhuvanabhanu,94,24,संकप्पेणं निम्मंतुतसप्पाणिवहचायविहिं ॥११०२॥,0.2634,0.6359,0.7045,0.6565,-0.0026
bhuvanabhanu,94,25,इअ पढमषयं दुविहंतिविहेणं पालए सया तत्थ ।,0.2652,0.6672,0.6911,0.6896,-0.0027
bhuvanabhanu,94,26,बज्जेइ जो इमे अइआरे 'पंचोववज्जंते ॥११०३॥,0.264,0.69,0.6923,0.7102,-0.0027
bhuvanabhanu,94,27,वह-बंध-छविच्छेआ अइभारारोवणं तहेव इमो ।,0.264,0.7179,0.6859,0.7372,-0.0014
bhuvanabhanu,94,28,भत्तोदगववछेओ इअ अइआरा वए पढमे ॥११०४॥,0.2634,0.7394,0.704,0.76,-0.004
bhuvanabhanu,94,29,१. क्षेत्रनामकपल्योपमासङ्ख्यभागवर्तमानाः ॥ २. लोके प्रदेशराशयः तत्प्रमितभवान् यः भ्रान्तः ॥ ३.,0.1445,0.7819,0.8753,0.8038,-0.0016
bhuvanabhanu,94,30,कर्मावनीवरेण-अवनीवरः नृपः इत्यर्थः ॥ ४. पल्योपमपृथक्त्वपूर्वलक्षणमहालघुत्वप्राप्तस्य ॥ ५. जः सेवतेऽतिभक्त्या,0.0938,0.8038,0.8805,0.8257,-0.0022
bhuvanabhanu,94,31,चारित्रममुं कदाचिदल्पमपि । सोऽपि महर्द्धिकदेवो भूत्वा निर्वृतिविभुर्भवति ॥१॥ भ.भा. पृ. ५ ॥३२६॥,0.0921,0.8261,0.8753,0.8506,-0.0045
bhuvanabhanu,94,32,६. स्वामिभावात् स्वामिभावेनेत्यर्थः ॥ ७. सतोषभरेण तोषभरेण सहितः ॥ ८. निर्मन्तु-निरपराधन्त्र सप्राणियधत्याण-,0.0967,0.8484,0.8765,0.872,-0.0052
bhuvanabhanu,94,33,विधिम् ॥ ९. पश्च उपपद्यमानान् ॥,0.0944,0.8768,0.3357,0.8944,-0.0048
bhuvanabhanu,94,34,Jain Education International,0.0146,0.9747,0.1841,0.9828,0.0
bhuvanabhanu,94,35,For Private & Personal Use Only,0.4196,0.9751,0.62,0.9854,0.0
bhuvanabhanu,94,36,www.jainelibrary.org,0.8584,0.9755,0.9848,0.985,0.0
bhuvanabhanu,95,1,७८,0.1002,0.0644,0.1276,0.0756,0.0
bhuvanabhanu,95,2,सिरिइंदहंसगणिविरइयं,0.6731,0.0593,0.88,0.0777,0.0
bhuvanabhanu,95,3,पालिअमेअं च वयं पढमं जेणं दिणाणि बहुआणि ।,0.271,0.1043,0.7209,0.1258,0.0
bhuvanabhanu,95,4,जणगो मरणं पत्तो पुत्तो ठाइ पिउपयम्मि ॥११०५॥,0.2692,0.1271,0.7197,0.1481,0.0
bhuvanabhanu,95,5,नाऊणमवसरं मोहाईहिं पेसिआ य 'निक्विवया ।,0.2721,0.1541,0.6993,0.1739,0.0
bhuvanabhanu,95,6,'धणिणं कलंतरेणं जो दम्मे देइ तव्वसओ ॥११०६।।,0.2617,0.1773,0.7319,0.1962,0.0
bhuvanabhanu,95,7,तेसिं कारेइ असण-पाणनिसेहाइ जो तओ ते व ।,0.2716,0.2044,0.7092,0.2233,0.0
bhuvanabhanu,95,8,बज्नंति 'छुहाइ 'तिसाइ भिसं को वि मरइ कयावि ।।११०७।।,0.2721,0.2267,0.8211,0.2495,-0.0011
bhuvanabhanu,95,9,एगय धणं च खीणं जेणं गहिओ नरेसरनिओगो ।,0.2727,0.2542,0.704,0.2726,0.0
bhuvanabhanu,95,10,तत्थ य हिंसा पयडीभूआ जस्स सममेपण ॥११०८॥,0.2698,0.2778,0.7168,0.298,-0.0013
bhuvanabhanu,95,11,अप्पञ्च्चक्खाणावरणकसायप्पमुहदोसउदएणं ।,0.2704,0.3061,0.648,0.3255,-0.0015
bhuvanabhanu,95,12,वयनिरविक्खेणं जेणं बंधिज्जंति के वि नरे ॥११०९।।,0.2809,0.3263,0.7494,0.3456,-0.0012
bhuvanabhanu,95,13,ताडिज्जंते एगे पुरिसा जेण कसपमुहृघाएहि ।,0.2727,0.3585,0.6777,0.3796,-0.0014
bhuvanabhanu,95,14,सीआऽयवधरणेहिं पीडिज्जंते तहा अन्ने ॥१११०॥,0.2704,0.3826,0.7005,0.4006,0.0
bhuvanabhanu,95,15,पाणव्ववरोवणओ जेण हया के वि माणवा अह जो ।,0.2692,0.4096,0.7372,0.4277,0.0
bhuvanabhanu,95,16,चत्तो अ विरत्तीप तीए देसविरपियाए ।।११११॥,0.271,0.4315,0.7022,0.4508,0.0
bhuvanabhanu,95,17,कुणइ कमागयमेअं देवगिहे बंदए अ जो देवे ।,0.2692,0.4599,0.683,0.4805,-0.0014
bhuvanabhanu,95,18,कारेइ महापूअं सभलीकयदंसणो जो अ ॥१११२॥,0.2681,0.4826,0.6946,0.5024,0.0
bhuvanabhanu,95,19,'सम्मत्तपओअणगोअरे बहइ पक्खवायमह तेण ।,0.2716,0.5161,0.708,0.5341,0.0
bhuvanabhanu,95,20,न गओ अणंतरं जो नरगाइसु दुक्खगेहेसु ॥१११३॥,0.271,0.5384,0.7179,0.5595,0.0
bhuvanabhanu,95,21,किंतु विराहिअसम्मत्तगुणो देसविरईइ भंसेण ।,0.2686,0.5646,0.6812,0.5848,0.0
bhuvanabhanu,95,22,हीणभवणाहिवसुरेसु सुंदरो किर समुप्पन्नो ॥१११४॥,0.2686,0.5874,0.7145,0.608,0.0
bhuvanabhanu,95,23,भमिओ जो भूरिभवं तओ सुओ माणिभद्दनामो अ ।,0.2698,0.62,0.708,0.641,0.0
bhuvanabhanu,95,24,जाओ जो सम्मद्दिट्ठिअसिट्ठिअसालिभद्दस्स ॥१११५॥,0.2698,0.6428,0.6824,0.6642,0.0
bhuvanabhanu,95,25,तत्थवि जेणं पत्तं सम्मत्तं देसविरइङ्गहणस्स ।,0.2681,0.6707,0.6672,0.6896,0.0
bhuvanabhanu,95,26,अणुरागाओ थूरमुसावायविरइवयं च तहा ॥१११६॥,0.2698,0.693,0.7174,0.714,-0.0013
bhuvanabhanu,95,27,कन्ना-गो-भू-नासावहारविहि-कूडसक्खिआविसयं ।,0.2681,0.7243,0.7121,0.7458,0.0
bhuvanabhanu,95,28,*बायरमलीअमेअं चत्तं जेणं च बीअवए ॥१११७॥,0.2727,0.748,0.6941,0.766,0.0
bhuvanabhanu,95,29,दुविहं तिविहेण वयं पञ्चक्खाया य जेण तत्थ वए ।,0.2698,0.7746,0.7214,0.7965,0.0
bhuvanabhanu,95,30,अइआरा पंच इमे ससि व्व विहिअषयमालिन्ना ॥१११८॥,0.2657,0.7969,0.7529,0.8171,-0.0024
bhuvanabhanu,95,31,१ निष्कृपता निर्दयता इत्यर्थः ॥ २. कलान्तरेण व्याजेन इत्यर्थः ॥ ३. दम्मान् ॥ ४. क्षुधया ॥ ५. तृषया ।।,0.1503,0.842,0.8747,0.8622,-0.0008
bhuvanabhanu,95,32,६. व्रतनिरपेक्षेण ।। ७. सम्यक्त्वप्रयोजनगोचरे ।। ८. पक्षपातमथ तेन ॥ ९. बादरम् अलीकमेतत् ॥,0.0991,0.866,0.8013,0.8854,-0.0008
bhuvanabhanu,95,33,Jain Education International,0.0146,0.9747,0.1841,0.9828,0.0
bhuvanabhanu,95,34,For Private & Personal Use Only,0.4196,0.9751,0.62,0.9854,0.0
bhuvanabhanu,95,35,www.jainelibrary.org,0.8584,0.9755,0.9848,0.985,0.0
bhuvanabhanu,96,1,भुवणभाणुकेवलिचरियं,0.1061,0.07,0.3001,0.0906,-0.003
bhuvanabhanu,96,2,अइआरा पण सहसऽब्भक्खाणं 'मंतिअत्थभासणयं ।,0.2727,0.1138,0.7238,0.1335,-0.0013
bhuvanabhanu,96,3,भिअदारमंतभेओ मोसुवएसऽलिअलेहविही ॥१११९॥,0.2756,0.1365,0.7308,0.1576,-0.0013
bhuvanabhanu,96,4,बहुवासरे वयं पालिअमेअं जेण बीअर्माव ताव ।,0.2751,0.164,0.6946,0.1855,-0.0014
bhuvanabhanu,96,5,जाओ 'परासुओ सालिभद्दओ इत्थ पत्थावे ॥११२०॥,0.2745,0.1868,0.7063,0.207,-0.0013
bhuvanabhanu,96,6,हट्टे ववहरमाणं भजंति जं मोहपेसिआ य सया ।,0.2756,0.2134,0.6952,0.2344,-0.0014
bhuvanabhanu,96,7,पश्चक्खाणावरणयकसायसायरमुसावाया ॥११२१॥,0.2762,0.2383,0.6981,0.2568,-0.0028
bhuvanabhanu,96,8,आणेऊणं जो पाडिवेसिअजणस्स कणग-वत्थाई ।,0.2739,0.2623,0.6981,0.2812,0.0
bhuvanabhanu,96,9,*लाहारोवणपुव्वं विअरइ गाहगजणस्स सयं ॥११२२॥,0.2745,0.286,0.7337,0.307,-0.0013
bhuvanabhanu,96,10,"तह वत्थु ""अप्पसक्कं अस्स वि बाहिसमागयनरस्स ।",0.2716,0.3122,0.722,0.334,-0.0013
bhuvanabhanu,96,11,जो अप्पिऊण देइ अ बहुअरमुल्लेण उग्घडिउं ॥११२३॥,0.2716,0.3349,0.7547,0.3564,0.0
bhuvanabhanu,96,12,जइ गाहगो अ पुच्छर किंमुल्लं वत्थु वट्टए सिट्ठि !? ।,0.271,0.3615,0.7348,0.3834,0.0
bhuvanabhanu,96,13,अह जंपइ जो ताव य भविस्सइ इमं महापुरिस ! ॥ ११२४।।,0.2716,0.3851,0.7832,0.4053,0.0
bhuvanabhanu,96,14,भासइ जइ गाहगओ कहेसु 'मूलक्कयं तओ चवइ ।,0.2704,0.4131,0.7261,0.4332,-0.0013
bhuvanabhanu,96,15,निच्छयभणणं एआवया भविस्सइ अतुब्भ इमं ॥११२५॥,0.271,0.4362,0.7582,0.456,0.0
bhuvanabhanu,96,16,हंत ! तुमए कहं गहिअमेअमिअ भणसु 'सिद्विपट्ठ ! तुमं ।,0.2751,0.462,0.7821,0.483,0.0
bhuvanabhanu,96,17,इअ भासिअम्मि अवरनरेणं च पुणोवि जो चवइ ॥ ११२६॥,0.2739,0.4848,0.7861,0.5062,-0.0011
bhuvanabhanu,96,18,कहिअं तं एअं अप्पसक्कमेयाव वुञ्च्चइ इमस्स ।,0.2727,0.5127,0.6696,0.5324,-0.0015
bhuvanabhanu,96,19,इच्चाइ वक्कवयणेहिं जो बंचेइ मुद्धजणं ॥११२७॥,0.2733,0.5337,0.6818,0.5552,-0.0029
bhuvanabhanu,96,20,कूडक्कयमवि सञ्च्चं मन्नतो लाहमित्थ दाऊणं ।,0.2733,0.5616,0.6585,0.5831,-0.003
bhuvanabhanu,96,21,सो जस्स जाइ सायरअलीअवाया इअ भणंति ॥११२८॥,0.2739,0.5835,0.7576,0.6046,-0.0036
bhuvanabhanu,96,22,भो माणिभद्दग ! तुमं किमलीआई पुणो पुणो अनिसं ।,0.2721,0.6106,0.7558,0.6329,-0.0024
bhuvanabhanu,96,23,भासंतो' 'संकसि ? जेण 'फेर पहिं चसि ताणि ॥ ११२९॥,0.2681,0.6329,0.7855,0.6535,-0.0034
bhuvanabhanu,96,24,भाससु कूर्ड पयर्ड जेणं 'बहुअव्वयाणि गेहाणि ।,0.2739,0.6599,0.7156,0.6836,-0.0053
bhuvanabhanu,96,25,हट्टाणि भूरितरभाडयाणि वद्वंति सव्वाणि ॥११३०॥,0.2721,0.6831,0.7127,0.7072,-0.0053
bhuvanabhanu,96,26,दायव्वा वित्तीओ विचित्तरूवाउ वणिअपुत्ताणं ।,0.2686,0.7093,0.6894,0.7329,-0.0083
bhuvanabhanu,96,27,तह 'कत्तव्वा भोगोवभोगपमुहा ''महंतवया ॥११३१॥,0.2686,0.7334,0.7477,0.7553,-0.0049
bhuvanabhanu,96,28,सच्चे कहिए कत्थ वि न सक्कए भूरिलाहमादाउं ।,0.2704,0.7604,0.6981,0.7827,-0.0041
bhuvanabhanu,96,29,वितहवयणाणि अवरे अणा य दीसंति जंपंता ॥११३२॥,0.2704,0.7815,0.7477,0.8042,-0.0061
bhuvanabhanu,96,30,७९,0.8549,0.0734,0.8858,0.0867,0.0
bhuvanabhanu,96,31,१. मन्त्रितार्थभाषणकम्-गुप्तार्थभाषणमित्यर्थः ॥ २. मृषोपदेशअलीकलेखविधिः ॥ ३० परासुकः प्राणरहितः ॥,0.1509,0.8184,0.8788,0.842,-0.004
bhuvanabhanu,96,32,४. लाभारोपणपूर्वम् 'वधारे नफो चडावीने' इति भाषायाम् ॥ ५. आत्मसत्कम् ॥ ६. उद्घय्य-' उघाडी रीते',0.1008,0.8403,0.8776,0.8656,-0.0075
bhuvanabhanu,96,33,इति भाषायाम् ॥ ७. मूलक्रयम् ॥ ८. कथयति ॥ ९. श्रश्रेष्ठिप्रष्ठ-उत्तमश्रश्रेष्ठिन् ॥ १०० शङ्कसे ॥ ११. फेरकैः ॥,0.1014,0.8617,0.8776,0.8884,-0.0068
bhuvanabhanu,96,34,१२ बहुकव्ययानि ॥ १३. कर्त्तव्याः ॥ १४. महाव्ययाः ॥,0.1037,0.8879,0.4854,0.912,-0.0076
bhuvanabhanu,96,35,Jain Education International,0.0146,0.9747,0.1841,0.9828,0.0
bhuvanabhanu,96,36,For Private & Personal Use Only,0.4196,0.9751,0.62,0.9845,0.0
bhuvanabhanu,96,37,www.jainelibrary.org,0.8584,0.9755,0.9848,0.985,0.0
bhuvanabhanu,97,1,८०,0.0973,0.07,0.1206,0.079,0.0
bhuvanabhanu,97,2,सिरिइंदहंसगणिविरइयं,0.6672,0.0635,0.877,0.082,0.0
bhuvanabhanu,97,3,जा एसा उ गई ना तुमए निअमाणसम्मि कत्तव्वा ।,0.2663,0.1082,0.7284,0.1292,-0.0013
bhuvanabhanu,97,4,जं च इमे पब्वइआ मुणिवरगा किंचि भासंति ॥११३३॥,0.2646,0.1314,0.7523,0.1533,0.0
bhuvanabhanu,97,5,तं पि किमवि वयणं निअकण्णे धारेसि मा धरसु जम्हा ।,0.2652,0.1584,0.7879,0.1782,0.0
bhuvanabhanu,97,6,एए 'पर गेहकमणविक्कमाइश्ञ्चकप्पा य ॥ ११३४।।,0.2652,0.1816,0.6684,0.2027,-0.0014
bhuvanabhanu,97,7,निक्खीणकम्मया चत्तगिहदुआरा सुहेण साहुवरा ।,0.2675,0.2082,0.7156,0.2297,0.0
bhuvanabhanu,97,8,भासंति नवि मुणंति अवरस्स पुण वेअणं मुणिणो ॥ ११३५।।,0.2675,0.2306,0.792,0.252,-0.0011
bhuvanabhanu,97,9,तेसिमभिप्पाएणं च मत्थयं लुंचिऊण होअव्वं ।,0.2652,0.2576,0.6742,0.2782,-0.0014
bhuvanabhanu,97,10,पव्वइएहि सायरअलीअवायाइवयणं जं ॥११३६॥,0.2669,0.2808,0.6871,0.3006,-0.0014
bhuvanabhanu,97,11,तं सव्वं धरिअं जेणं माणसे विगयसंकभावेण ।।,0.2657,0.3074,0.6801,0.3259,-0.0014
bhuvanabhanu,97,12,कूडक्कयाउ भासिउमलीअवयणाणि लग्गो जो ॥११३७७॥,0.2657,0.3293,0.7325,0.3517,-0.0025
bhuvanabhanu,97,13,भग्गव्वओ इअ परिहरिओ अ देसविरईइ सिग्धं जो ।,0.2669,0.3564,0.7448,0.377,-0.0024
bhuvanabhanu,97,14,देवगिहाइसु गच्छइ करेइ पूआइअं च तहा ।।११३८॥,0.2657,0.3804,0.7203,0.401,-0.0026
bhuvanabhanu,97,15,गुरु-बंधु-माउ-'सिट्टाइसिक्खिओ वि किर वितहवयणाणि ।,0.2669,0.4053,0.7949,0.4289,-0.0044
bhuvanabhanu,97,16,जो कुणइ सायरमुसावायप्पमुहउवइट्ठाणि ॥११३९॥,0.2652,0.4294,0.7028,0.4521,-0.004
bhuvanabhanu,97,17,अह जो सम (ब) लीकयसम्मत्तो मरिऊण हीणवंतरओ ।,0.2646,0.4564,0.7448,0.4779,-0.0024
bhuvanabhanu,97,18,जाओ 'सव्वेसिमणाइज्जो निज्जाइ ठाणाओ ॥११४०॥,0.2657,0.4792,0.7389,0.4994,-0.0025
bhuvanabhanu,97,19,असुद्देसु पपसेसु अ भमेइ जो 'सम्बया तओ वि चुओ ।,0.2646,0.5062,0.7622,0.5281,-0.0023
bhuvanabhanu,97,20,कत्थ वि मूओ कत्थ वि 'खलंतवयणौ पुणो जाओ ॥११४१॥,0.2669,0.529,0.8077,0.5505,-0.0022
bhuvanabhanu,97,21,कत्थ वि दुम्मुहगंधो कत्थ वि गलतालुपमुहरोगी अ ।,0.2652,0.556,0.7488,0.5788,-0.0024
bhuvanabhanu,97,22,कत्थ वि कलत्त-पुत्ताईणं 'अग्गज्झवयणो जो ॥११४२॥,0.2663,0.5784,0.7424,0.6007,-0.0024
bhuvanabhanu,97,23,पुणरवि नरगेसु गओ भमिओ तिरिपसु भूरिकालं जो ।,0.2652,0.6063,0.7582,0.6286,-0.0024
bhuvanabhanu,97,24,अन्नय सावयवणिअस्स सोमनामो सुओ जाओ ॥११४३॥,0.2634,0.6286,0.743,0.6501,-0.0024
bhuvanabhanu,97,25,दुविहं तिविहेण वयं आयाणनिसेहलक्खणं गहिअं ।,0.2652,0.6556,0.7197,0.6775,-0.0038
bhuvanabhanu,97,26,जेणं तहेव कणगाइबायरअदत्तवत्थूणं ॥११४४॥,0.2622,0.6788,0.6632,0.6999,-0.0029
bhuvanabhanu,97,27,पालंतस्स वयं तं दिणाणि काणि वि अ जस्स समुदिति ।,0.264,0.705,0.7821,0.7256,-0.0022
bhuvanabhanu,97,28,पञ्चक्खाणावरणबहुलिआसायरपमुहसत्तू ॥११४५॥,0.2657,0.7278,0.6853,0.7505,-0.0056
bhuvanabhanu,97,29,तेसिं उवएसेणं जेणं भग्गं तईअवयमेअं ।,0.264,0.7548,0.6177,0.7759,-0.0033
bhuvanabhanu,97,30,जो अ विराहिअसम्मत्तो हीणसुरेसु उववन्नो ॥११४६॥,0.2652,0.7789,0.7418,0.7986,-0.0012
bhuvanabhanu,97,31,१. परगेहाक्रमणविक्रमादित्यकल्पाश्च ॥ २. त्यक्तगृहद्वाराः ॥ ३. शिष्टादि ॥ ४. सर्वेषां अनादेयः निर्याति ॥,0.1451,0.8222,0.873,0.8416,-0.0008
bhuvanabhanu,97,32,५. सर्वदा ॥ ६. मूकः ॥ ७. स्खलद्वचनः ॥ ८. दुर्मुखगन्धः ॥ ९. अग्राह्यवचनः ॥ १०. आदाननिषेधलक्षणम्-,0.0956,0.845,0.8712,0.8669,-0.0008
bhuvanabhanu,97,33,स्थूलादत्तादानविर तिव्रतमित्यर्थः ॥,0.0915,0.8695,0.3071,0.8884,-0.0027
bhuvanabhanu,97,34,Jain Education International,0.0146,0.9747,0.1841,0.9828,0.0
bhuvanabhanu,97,35,For Private & Personal Use Only,0.4196,0.9747,0.62,0.985,0.0
bhuvanabhanu,97,36,www.jainelibrary.org,0.8584,0.9755,0.9848,0.985,0.0
bhuvanabhanu,98,1,भुवणभाणुकेवलिचरियं,0.1066,0.0683,0.303,0.0893,-0.003
bhuvanabhanu,98,2,भमिओ तहेव निञ्चं भवेसु दारिद्दपमुहभाषेणं ।,0.2739,0.1099,0.6847,0.131,0.0
bhuvanabhanu,98,3,जो अन्नया य दत्ताऽभिहाणओ सावओ जाओ ।॥११४७७॥,0.2721,0.1331,0.7564,0.1511,0.0
bhuvanabhanu,98,4,देव-तिरिअइत्थीणं दुविहं तिविहेण माणुसित्थीणं ।,0.2733,0.1602,0.722,0.1812,0.0
bhuvanabhanu,98,5,एगविहं एगविहेण संजोगनिअमसरूवं ॥११४८।।,0.2704,0.1833,0.6836,0.2014,0.0
bhuvanabhanu,98,6,परिगहिएअररमणी-अणंगकीलाउ अवरवीवाहो ।,0.2704,0.21,0.6964,0.2289,0.0
bhuvanabhanu,98,7,तिव्वो 'सराहिलासो तुरिअवए पंच भइआरा ॥११४९॥,0.2716,0.2327,0.7576,0.2533,0.0
bhuvanabhanu,98,8,थूलगमेहुणविरइव्वयं च पडिवज्ञ्जिऊण पालइ जो ।,0.2686,0.2593,0.7226,0.2817,0.0
bhuvanabhanu,98,9,तं पिउ भग्गं जेणं सागर-अब्बंभउदपण ॥११५०।।,0.2686,0.2825,0.7115,0.301,-0.0026
bhuvanabhanu,98,10,मलीणीकयसम्मत्तो तहेव भमिउं भवऽण्णवेसु बहुं ।,0.271,0.3091,0.722,0.3298,0.0
bhuvanabhanu,98,11,सावयकुलम्मि जाओ पवज्जए पंचमवयं जो ॥११५१॥,0.2681,0.3319,0.7354,0.3529,-0.0012
bhuvanabhanu,98,12,धण-धन्न-खित्त-वत्थू-रुप्प-सुवन्नाणि कुविअमेव तहा ।,0.2704,0.359,0.7652,0.3809,0.0
bhuvanabhanu,98,13,दुपयं चउप्पयं वा परिग्गहो नवविहो नेओ ॥११५२॥,0.2686,0.3813,0.7343,0.404,-0.0013
bhuvanabhanu,98,14,जोअण-पयाण-बंधण-कारण-भावेहिं निमिआ पंच ।,0.2692,0.4088,0.7442,0.4272,0.0
bhuvanabhanu,98,15,खित्ताइपमाणाइक्कमणसरूवा तयऽइआरा ॥११५३॥,0.2686,0.4324,0.7063,0.4517,-0.0013
bhuvanabhanu,98,16,एप परिग्गहपमाण-अईआरा य हुंति 'दुन्नेआ ।,0.2686,0.4581,0.6836,0.4796,0.0
bhuvanabhanu,98,17,तेणं तेसि किजइ वित्थरओ भावणं इत्थ ॥११५४॥,0.2681,0.4813,0.7092,0.5006,0.0
bhuvanabhanu,98,18,खिप्तं वा वत्युं वा 'निअमब्र्भाहअं परिग्गृहं काउं ।,0.2692,0.5079,0.7191,0.5277,0.0
bhuvanabhanu,98,19,*अग्गेअगिहपासे गहेइ गेहं व खित्तं वा ॥११५५॥,0.2733,0.5311,0.7203,0.5505,0.0
bhuvanabhanu,98,20,विइ-भित्तिपमुहमज्जायं हरिपगत्तओ गिर्हावहाणं ।,0.2797,0.5582,0.7267,0.5788,-0.0013
bhuvanabhanu,98,21,"""खित्तगवत्थुपमाणाइक्कम [णं] जोजणेणेअं ॥११५६॥",0.2745,0.5801,0.6935,0.602,0.0
bhuvanabhanu,98,22,होइ हिरण्णं रययं तहा सुवण्णं पसिद्धमह तत्थ ।,0.2692,0.6071,0.7069,0.6282,-0.0013
bhuvanabhanu,98,23,*धउमासाइअवहिणा निअयं माणं कयं तेसि ॥११५७।।,0.2733,0.6295,0.7424,0.6492,-0.0012
bhuvanabhanu,98,24,''तुसिअपुहुवीसराइअपासे लहिऊण कणगमुहवत्थं ।,0.2716,0.6565,0.722,0.6788,-0.0013
bhuvanabhanu,98,25,निअमम्मि पूरिअम्मि गहिस्सामि त्ति अहिसंधाणे ॥११५८॥,0.2675,0.6788,0.7861,0.7016,-0.0011
bhuvanabhanu,98,26,जत्थाऽवरस्स सयणाइणो करे संठिअं करेइ नरो ।,0.2675,0.7067,0.7092,0.7269,-0.0013
bhuvanabhanu,98,27,तं च पयाणेण हिरण्ण-सुवण्णपमाणऽइक्कमणं ।।११५९।।,0.2657,0.7295,0.7401,0.7505,-0.0012
bhuvanabhanu,98,28,गणिमाइ धणं धन्नं जुगंधरीआइ तत्थ जो लहइ ।,0.2663,0.7578,0.6929,0.7776,0.0
bhuvanabhanu,98,29,निअमिअतप्परिमाणो निअमब्भहिअं पुरा लब्भं ॥११६०।।,0.2663,0.7797,0.7599,0.7999,0.0
bhuvanabhanu,98,30,८१,0.8578,0.073,0.8893,0.0872,0.0
bhuvanabhanu,98,31,१. स्मराभिलाषः ॥ २. तदतिचाराः ॥ ३. दुज्ञेयाः ॥ ४. नियमाभ्यधिकम् ॥ ५. अग्रेतनगृहपाश्वे ॥ ६.,0.148,0.824,0.8776,0.8446,-0.0008
bhuvanabhanu,98,32,वृतिभित्तिप्रमुखमर्यादाम् ॥ ७. हृत्वा ॥ ८. क्षेत्रकवास्तुप्रमाणातिक्रमणं योजनेन एतत् ॥ ९. चतुर्मासाद्यवधिना,0.0962,0.8467,0.8782,0.8686,-0.0007
bhuvanabhanu,98,33,नियतं मानम् ॥ १०. तुष्टपृथिवीश्वरादिकपार्श्वत् ॥,0.0932,0.8699,0.4289,0.8897,-0.0017
bhuvanabhanu,98,34,११,0.1422,0.897,0.1719,0.912,0.0
bhuvanabhanu,98,35,Jain Education International,0.0146,0.9751,0.1841,0.9828,0.0
bhuvanabhanu,98,36,For Private & Personal Use Only,0.4196,0.9751,0.62,0.9845,0.0
bhuvanabhanu,98,37,www.jainelibrary.org,0.8584,0.9755,0.9848,0.985,0.0
bhuvanabhanu,99,1,૮૨,0.1055,0.0683,0.127,0.0807,0.0
bhuvanabhanu,99,2,सिरिइंदहंसगणिविरइयं,0.6777,0.0648,0.8846,0.0837,0.0
bhuvanabhanu,99,3,अन्नं वा गहिउमणो इमं गहिस्सामि विक्कयम्मि कए ।,0.2698,0.1061,0.7488,0.1254,0.0
bhuvanabhanu,99,4,चउमासाइअपरिभुग्गगिहठिआण धणधन्नाणं ॥११६१॥,0.2727,0.1288,0.7337,0.1494,-0.0013
bhuvanabhanu,99,5,इअ पवंभूअं बंधणं पुण 'वयणनिजंतणारूवं ।,0.2733,0.161,0.669,0.1833,-0.0015
bhuvanabhanu,99,6,*मूडय-कुट्ठाइसु बंधिउं 'परगिहाइकरणप्पं ॥११६२॥,0.2745,0.1833,0.7308,0.2048,0.0
bhuvanabhanu,99,7,*सम्बंकारप्पणरूवं व जहि कुणइ बंधणेण इमं ।,0.2751,0.216,0.6836,0.2362,0.0
bhuvanabhanu,99,8,धण-धन्नपमाणाइक्कमणं 'विन्नेण विन्नेअं ॥११६३॥,0.2721,0.2379,0.7115,0.2585,-0.0013
bhuvanabhanu,99,9,दुपयं कलत्त-पुत्तय-दासाइ चउप्पयं च 'अस्साई ।,0.2733,0.2692,0.7185,0.292,0.0
bhuvanabhanu,99,10,तत्थ य 'बासाइअअवहिणो निमिपअपरिमाणो ॥११६४॥,0.271,0.2915,0.778,0.3126,-0.0011
bhuvanabhanu,99,11,तेसि च वरिसमज्झे वि पसवसंभावणाइ जत्थ नरो ।,0.271,0.3242,0.7453,0.3431,0.0
bhuvanabhanu,99,12,कालाइवाहणेणं गब्भग्गहणं विहावेइ ॥११६५॥,0.2704,0.3474,0.662,0.3667,0.0
bhuvanabhanu,99,13,एसो उ कारणेणं गब्भिअदुपयं चउप्पयं वा वि ।,0.2739,0.3791,0.6981,0.401,0.0
bhuvanabhanu,99,14,बिसयं काऊणं तप्परिमाणाइक्कमो नेओ ॥११६६।।,0.2681,0.4023,0.6935,0.4216,0.0
bhuvanabhanu,99,15,कुषिअं सयणा-ऽऽसण-कुंत-खग्ग-कञ्च्चोलगाइसंखाए ।,0.2716,0.4341,0.7296,0.4538,0.0
bhuvanabhanu,99,16,कयनिअमो 'अहिअत्ते कह एआई च भंजेइ ॥११६७॥,0.2716,0.4564,0.7331,0.4757,0.0
bhuvanabhanu,99,17,ताई 'पोढाई कारिऊण पूरेइ अट्ठमुहसखं ।,0.2675,0.4882,0.6416,0.5097,-0.0016
bhuvanabhanu,99,18,जत्थ स पञ्जायंतरभावा तम्माणइक्कमओ ॥११६८॥,0.2698,0.5114,0.6993,0.5307,0.0
bhuvanabhanu,99,19,पअं पि परिग्गहपरिमाणविहाणव्वयं च भंजंतो ।,0.2675,0.538,0.6981,0.556,-0.0014
bhuvanabhanu,99,20,अ[१] परिगह-सायरपमुहपेरिओ जो भवं भमइ ॥११६९॥,0.2686,0.5608,0.7675,0.5818,-0.0012
bhuvanabhanu,99,21,जेण दिसापरिमाणव्ययं विहेउं कयावि भग्गं च ।,0.2663,0.5921,0.708,0.6114,-0.0013
bhuvanabhanu,99,22,सुविसमकसायसायरपमुहाणं पेरणावसओ ।।११७०।।,0.2698,0.6153,0.7209,0.6359,-0.0013
bhuvanabhanu,99,23,जेणोवभोग-परिभोगपमाणगुणव्वयं च गहिऊणं ।,0.2675,0.6415,0.6876,0.6642,-0.0028
bhuvanabhanu,99,24,नासिअमिमं खणेणं सायर-लोलत्तणाईहिं ॥११७१॥,0.2675,0.6647,0.7005,0.6853,-0.0027
bhuvanabhanu,99,25,भंसिभमणत्थदंडविरमणत्ति गुणव्ययं तईअं च ।,0.2686,0.6969,0.683,0.7179,-0.0028
bhuvanabhanu,99,26,अन्नाण-हास-विगहा तुच्छयरत्ताइणा जेण ॥११७२॥,0.2681,0.7192,0.7174,0.7419,-0.0078
bhuvanabhanu,99,27,सामाइअं च देसावगासिअं पोसहोववासो अ ।,0.2675,0.7518,0.6801,0.7711,-0.0028
bhuvanabhanu,99,28,तह अतिहिसंविभागो वयाणि चत्तारि एआणि ॥११७३।।,0.2686,0.7742,0.7576,0.7939,-0.0024
bhuvanabhanu,99,29,भग्गाणि ताणि जेणं अट्टज्झाणेण रुद्दझाणेण ।,0.2686,0.8068,0.6527,0.8265,-0.0015
bhuvanabhanu,99,30,किविणत्तणेण य पणप्पयारपहि पमाएहि ॥ ११७४।॥,0.2663,0.8283,0.7098,0.848,-0.0013
bhuvanabhanu,99,31,१. वचननियन्त्रणारूपम् ॥ २. मूडककोष्ठादिषु ॥ ३. परगृहादिकरणात्मकम् ॥ ४. सत्यङ्कारार्पणरूपम् ॥ ५.,0.1498,0.8763,0.8788,0.8982,-0.0008
bhuvanabhanu,99,32,विज्ञेन ॥ ६. अश्वादयः ॥ ७. वर्षादिकावधेः नियमितैतत्परिमाणः ॥ ८. अधिकत्वे सति ॥ ९. प्रौढानि ॥,0.0967,0.8982,0.8252,0.9188,0.0
bhuvanabhanu,99,33,Jain Education International,0.0146,0.9747,0.1841,0.9828,0.0
bhuvanabhanu,99,34,For Private & Personal Use Only,0.4196,0.9751,0.62,0.9854,0.0
bhuvanabhanu,99,35,www.jainelibrary.org,0.8584,0.9755,0.9848,0.985,0.0
bhuvanabhanu,100,1,भुवणभाणुकेवलिचरियं,0.0979,0.0653,0.292,0.0854,-0.003
bhuvanabhanu,100,2,८३,0.8497,0.0691,0.8805,0.0846,0.0
bhuvanabhanu,100,3,एवं भवेसु केतु वि वयमेगेगं च कत्थ वि दुबे वि ।,0.2669,0.1065,0.7372,0.1275,0.0
bhuvanabhanu,100,4,कत्थ वि तिण्णि अ कत्थ वि चत्तारि वयाणि गहियाणि ॥११७५॥,0.2716,0.1284,0.8566,0.1464,0.0
bhuvanabhanu,100,5,कत्थ वि बयाणि जेणं 'आइञ्चपमाणयाणि एआणि ।,0.2675,0.1563,0.7284,0.1752,0.0
bhuvanabhanu,100,6,पडिवन्नाणि अ चत्ताणि महामोहाइअबलेणं ॥ ११७६॥,0.2669,0.1782,0.7069,0.1975,0.0013
bhuvanabhanu,100,7,अह अन्नया य कुंडिणिनयरीए परमसावओ ताव ।,0.264,0.2057,0.6888,0.2237,0.0
bhuvanabhanu,100,8,सत्थाहियो सुभद्दो पइदिणवडूंतबहुभद्दो ॥ ११७७॥,0.2657,0.2284,0.6777,0.2499,0.0
bhuvanabhanu,100,9,तस्स सुआ संजाया रोहिणिनामेण जस्स जीओ अ ।,0.2657,0.2559,0.7069,0.2757,0.0
bhuvanabhanu,100,10,जा संपन्ना सुस्साविया विगयअन्नदेवा य ॥११७८॥,0.2622,0.2782,0.7179,0.298,0.0
bhuvanabhanu,100,11,जा जिणदेवे बंदइ भत्तिभरेणं गुरूण पासम्मि ।,0.264,0.3057,0.6876,0.325,0.0
bhuvanabhanu,100,12,धम्मं च सुणइ सम्मं सेवइ समणीजणं च सया ११७९।।,0.2646,0.328,0.7582,0.3478,0.0012
bhuvanabhanu,100,13,जा परिणीआ गिजामाउअवणिएण विमलनामेणं ।,0.264,0.3542,0.6999,0.3731,0.0013
bhuvanabhanu,100,14,पिउणो अ अवटुंभेण कुणइ धम्मं विसिटुं जा ॥११८०॥,0.2663,0.377,0.7453,0.3993,0.0012
bhuvanabhanu,100,15,जीए पढिओऽहिओ लक्खो सज्झायस्स सेमुसीबलओ ।,0.264,0.4036,0.7599,0.4255,0.0012
bhuvanabhanu,100,16,निअनामं पिव जाणइ कम्मग्गंथाइसत्थाई ॥११८१॥,0.2657,0.4272,0.7057,0.4474,0.0013
bhuvanabhanu,100,17,सावयवयाणि बारस जीए गुरुअंतिए पवन्नाणि ।,0.2634,0.4547,0.6906,0.474,0.0
bhuvanabhanu,100,18,ताणि निरइआराई जा पालेइ अ सयाकालं ॥११८२॥,0.2646,0.4766,0.7249,0.4955,0.0
bhuvanabhanu,100,19,अह अन्नया य 'अट्ठाणसहुवविद्वेण मोहचरडेण ।,0.2611,0.5041,0.6742,0.5264,0.0014
bhuvanabhanu,100,20,चिताउरचित्तेणं अवलोइज्जंति 'कउहाओ ॥११८३॥,0.264,0.5268,0.6964,0.547,0.0
bhuvanabhanu,100,21,सामंतमंतिपमुहेहिं भणिअं देवओ समादिसउ ।,0.2617,0.5539,0.6731,0.5745,0.0
bhuvanabhanu,100,22,अह मोहनिवेणुत्तं अम्हाण 'विवक्खवग्गम्मि ॥११८४।॥,0.2628,0.5775,0.7284,0.5964,0.0
bhuvanabhanu,100,23,जा रोहिणी निरिक्खइ पयंडबलधारिणी कहमिआणि १ ।,0.2605,0.6033,0.7378,0.6222,0.0
bhuvanabhanu,100,24,तेहि विहसिउं उत्तं सव्यो तावुक्कडो देव । ॥११८५॥,0.2634,0.6273,0.7232,0.6471,0.0
bhuvanabhanu,100,25,तुम्हाणं माणुसमित्तगोअरे जाव आगओ नेव ।,0.2622,0.6544,0.6655,0.6745,0.0
bhuvanabhanu,100,26,मोहनरिंदो जंपइ पेसिजउ तत्थ को वि तओ ।॥११८६॥,0.2622,0.6763,0.7372,0.696,0.0
bhuvanabhanu,100,27,पच्छामुहिं निवटेर जो इमं मिगमुहिं अओ जाव ।,0.2646,0.7033,0.7104,0.7239,0.0
bhuvanabhanu,100,28,इच्छइ कहिउं एगं पि ताव विगहा कहेइ सयं ॥११८७॥,0.2652,0.7261,0.7319,0.7454,0.0
bhuvanabhanu,100,29,आपसो एसो मह सामिअ! दिजउ मए बलं तीए ।,0.2628,0.7535,0.7337,0.7711,0.0
bhuvanabhanu,100,30,ताव विलोइज्जइ किर सव्वेहिं सा गया भणिआ ॥११८८॥,0.2622,0.7759,0.7681,0.7952,0.0
bhuvanabhanu,100,31,इत्थी-पुरिसाण कहा भत्तकहा 'देसगोअरा य कहा ।,0.264,0.8038,0.729,0.8231,0.0
bhuvanabhanu,100,32,रायकहा इअ विगहा करेह रूवाणि चत्तारि ॥११८९॥,0.2634,0.8257,0.7284,0.845,0.0
bhuvanabhanu,100,33,१. आदित्यप्रमाणकानि द्वादशसङ्खधानीत्यर्थः । २. शेमुषीबलतः बुद्धिबलतः ॥ ३. आस्थानसभोपविष्टेन,0.1445,0.8695,0.88,0.8905,0.0
bhuvanabhanu,100,34,आस्थानोपविष्टेनेत्यर्थः ॥ ४. ककुभः दिशः इत्यर्थः ॥ ५. विपक्षवर्गे ॥ ६. विहस्य ॥ ७. देशगोचरा च कथा ॥,0.0967,0.8918,0.8765,0.9124,0.0
bhuvanabhanu,100,35,Jain Education International,0.0146,0.9747,0.1841,0.9828,0.0
bhuvanabhanu,100,36,For Private & Personal Use Only,0.4196,0.9747,0.62,0.985,0.0
bhuvanabhanu,100,37,www.jainelibrary.org,0.8584,0.9755,0.9848,0.985,0.0
bhuvanabhanu,101,1,८४,0.1072,0.0769,0.1358,0.0884,0.0
bhuvanabhanu,101,2,सिरिइंदहंसगणिविरइयं,0.6807,0.0713,0.8887,0.0889,0.0
bhuvanabhanu,101,3,पविसेइ जीइ वयणम्मि सा परमजोगिणीमिव तओ जा,0.2797,0.1121,0.7716,0.1314,0.0
bhuvanabhanu,101,4,वत्थ-ऽच्छाअण-भोअणयाइसुहं लहइ पिउगेहे ।।११९०॥,0.2774,0.1353,0.7547,0.1559,-0.0012
bhuvanabhanu,101,5,माइ-पिउपसाएणं न को वि कारेइ किं पि कम्मं च ।,0.2774,0.167,0.7587,0.1868,-0.0012
bhuvanabhanu,101,6,देवगिहम्मि गया जा पिउवत्ताप उवविसेइ ॥११९१।।,0.2774,0.1898,0.7424,0.2082,0.0
bhuvanabhanu,101,7,सड्डीजणाण पासे गंतूणं देवबंदणं चइउं ।,0.2768,0.2173,0.6399,0.2404,0.0
bhuvanabhanu,101,8,भासइ हले ! मए सुअमिमं इमं विजए अज्ज ! ॥११९२।।,0.2762,0.2396,0.7669,0.2602,-0.0012
bhuvanabhanu,101,9,गिहवित्तं तुज्झ भणइ सा नेवं तुह नरेण केणावि ।,0.2797,0.2709,0.7296,0.292,-0.0013
bhuvanabhanu,101,10,एअमसंगयमुत्तं तओ भणइ रोहिणी एसा ॥११९३॥,0.2768,0.2945,0.6952,0.3139,0.0
bhuvanabhanu,101,11,सच्चा तुमं च महिला ममावि अवलवसि सा पुणो वयइ ।,0.2762,0.3207,0.789,0.3413,0.0
bhuvanabhanu,101,12,सच्चा महिला य तुमं अलीअरूवा अहं च कहं? ॥११९४॥,0.2786,0.3435,0.7751,0.3645,-0.0012
bhuvanabhanu,101,13,इच्चाइ बहुविहं किर 'विकत्थयंतीइ तीइ सह राडी ।,0.2768,0.3753,0.7483,0.3972,0.0
bhuvanabhanu,101,14,लग्गा भग्गा य गया 'सकजवग्गा सगेहे सा ॥११९५।।,0.2751,0.3985,0.7523,0.4161,-0.0012
bhuvanabhanu,101,15,जा पुण विगहाजोगिणीकयसाहजा करेइ रायकहं ।,0.2768,0.4255,0.7302,0.4474,-0.0013
bhuvanabhanu,101,16,अवराए सह सा निव्वेअवई मंदिरम्मि गया ॥ ११९६।।,0.2745,0.447,0.7652,0.4667,-0.0012
bhuvanabhanu,101,17,अन्नाइ समं इत्थी-पुरिसाण कहं च मंडए मुहरी ।,0.2727,0.4796,0.7139,0.5011,-0.0013
bhuvanabhanu,101,18,सा सस्सूजणभीया समुट्ठिआऽ निट्ठविअवत्ता ॥११९७॥,0.2745,0.5019,0.7488,0.523,-0.0012
bhuvanabhanu,101,19,सममेगाए नारीए जा भत्तकहवित्थरं कुणइ ।,0.2739,0.5298,0.6684,0.5492,0.0
bhuvanabhanu,101,20,गच्छंतीए तीप देसकहं 'तणइ इअरीए ॥११९८॥,0.2733,0.5526,0.701,0.5711,0.0
bhuvanabhanu,101,21,जा गेहनिम्गया जामजुम्मगे वि न निवट्टए एवं ।,0.2716,0.5835,0.7238,0.6041,0.0
bhuvanabhanu,101,22,पइदिअहं कुव्वंती निगमए निष्फलं जम्मं ॥११९९॥,0.2721,0.6067,0.7267,0.6264,0.0
bhuvanabhanu,101,23,अन्नम्मि दिणम्मि 'सकरजोअणपुव्वं च सावयजणेण ।,0.2704,0.6337,0.7535,0.6544,-0.0012
bhuvanabhanu,101,24,केणावि य जा उत्ता महाणुभावे ! खणपमाणं ॥ १२००॥,0.2716,0.6565,0.7418,0.6758,0.0
bhuvanabhanu,101,25,देवगिहे चिट्ठिज्जइ तं सुहभावेण पंगचित्तेण ।,0.2739,0.6878,0.6702,0.708,0.0
bhuvanabhanu,101,26,ठाउं उचिउं किं वत्ताओ किज्ांति तुम्हेहिं ? ॥५२०१।।,0.2704,0.7102,0.7453,0.7304,0.0
bhuvanabhanu,101,27,दुट्ठा सा विअरइ 'साविउत्तरं ताव बंधव ! किमम्हे ।,0.2692,0.7377,0.7442,0.7596,-0.0025
bhuvanabhanu,101,28,कुणिमो ? को विन कस्स वि मिलेइ अन्नत्थ एस जणो ॥१२०२॥,0.2721,0.76,0.8444,0.7815,-0.001
bhuvanabhanu,101,29,कस्स वि गिहे न गच्छइ एअं पिअमेलयं पुणो तित्थं ।,0.2704,0.7918,0.7477,0.8124,0.0
bhuvanabhanu,101,30,तेणं खणं च एग सुह-दुहपुच्छा 'मिहो हवइ ॥१२०३॥,0.2721,0.8149,0.7593,0.836,0.0
bhuvanabhanu,101,31,१. विकत्थयन्त्या ॥ २. स्वकार्यव्यमा स्वगेहे ॥ ३. निर्वेदवती ॥ ४. अनिष्ठापितवार्ता ॥ ५. तनोति-विस्तार-,0.1474,0.8566,0.8823,0.8768,-0.0008
bhuvanabhanu,101,32,यति ॥ ६. यामयुग्मकेऽपि प्रहरद्वयेऽपि ॥ ७. स्वकरयोजनपूर्वम् ॥ ८. श्राविका उत्तरं ॥ ९. मिथः ॥,0.0973,0.8798,0.8007,0.9008,0.0
bhuvanabhanu,101,33,Jain Education International,0.0146,0.9751,0.1841,0.9828,0.0
bhuvanabhanu,101,34,For Private & Personal Use Only,0.4196,0.9751,0.62,0.9854,0.0
bhuvanabhanu,101,35,www.jainelibrary.org,0.8584,0.9755,0.9848,0.985,0.0
bhuvanabhanu,102,1,सुवणभाणुकेवलिचरिय,0.1008,0.0627,0.2966,0.0829,0.0
bhuvanabhanu,102,2,इअ 'असमाहाणं नेव सावय ! तप कयावि कायव्वं ।,0.2698,0.103,0.7442,0.1228,0.0
bhuvanabhanu,102,3,*सा वि अ उवस्सयगया सज्झायं जा परिहरेइ ॥ १२०४।।,0.2745,0.1267,0.7622,0.1456,0.0
bhuvanabhanu,102,4,विगहाओ विविहाअओ अवरावरसाविआजणेण समं ।,0.271,0.158,0.7238,0.176,0.0
bhuvanabhanu,102,5,पारंभइ जा तासि पारो आगच्छए नेव ॥१२०५॥,0.2675,0.1812,0.6882,0.2005,0.0
bhuvanabhanu,102,6,जा समणी-सावय-माविआण दोसे अणंतरं 'चवइ ।,0.2698,0.2074,0.7366,0.2263,0.0
bhuvanabhanu,102,7,सिक्खेइ का वि समणी जह भद्दे । गलइ तुह पाढो ॥ १२०६॥,0.2692,0.2306,0.8077,0.2508,0.0
bhuvanabhanu,102,8,3,0.6638,0.21,0.6766,0.2155,0.0
bhuvanabhanu,102,9,विगहा-परपरिवायाऽणत्थयदंडेण अत्थि किमिमेणं ।,0.2692,0.2611,0.7238,0.2799,0.0013
bhuvanabhanu,102,10,* एहिअअवायकरणेण कम्मबंधणनिमित्तेण ॥१२०७॥,0.2675,0.2842,0.7104,0.3036,0.0
bhuvanabhanu,102,11,*सज्झायममिअरूवं समग्गसंपत्तिकारणं कुणसु ।,0.2692,0.3117,0.6737,0.3315,0.0
bhuvanabhanu,102,12,अह मुहमोडणयं काउं पडिजंपर जहिच्छं जा ।।१२०८।।,0.2646,0.3345,0.7465,0.3547,0.0
bhuvanabhanu,102,13,हे अज्जे ! 'विगहावरपरिवाया संजयाणमवि जाव ।,0.2652,0.3663,0.7209,0.3839,0.0
bhuvanabhanu,102,14,बट्टति दुच्चया को अन्नो चिट्ठइ विणा तेहिं ? ॥१२०९॥,0.2669,0.3881,0.7488,0.41,0.0
bhuvanabhanu,102,15,अम्हे सुहेण भणिमो सब्वेसि जणाण कस्स वि जणस्स ।,0.2634,0.4156,0.7716,0.4358,0.0
bhuvanabhanu,102,16,वयणं न रक्खिमो न मुषिमु मायं काउमन्नु व्व ॥१२१०।।,0.2669,0.4392,0.7943,0.4594,0.0
bhuvanabhanu,102,17,जं जारिसं तु चिट्ठइ जणयस्स वि तारिसं फुडं चेव ।,0.2628,0.471,0.7424,0.4908,0.0
bhuvanabhanu,102,18,तं भासामो जइ पडिभासइ 'रुसउ तुसउ व को १व ॥१२११॥,0.2634,0.4933,0.8153,0.5135,0.0
bhuvanabhanu,102,19,अह विन्नाया जा ''अणरिहा वराई वरोवपसाणं ।,0.2628,0.5195,0.711,0.538,0.0013
bhuvanabhanu,102,20,जीए ''मुक्कलजीहाए समणीहि चइओ संगो ॥१२१२॥,0.2657,0.5427,0.736,0.5629,0.0
bhuvanabhanu,102,21,निस्संकीभूआ जा गुरुवक्खाणे वि ताव उवविट्ठा ।,0.2663,0.5741,0.7063,0.5951,0.0
bhuvanabhanu,102,22,चत्थेणं मुहमच्छाइउमेगाए लगइ कन्ने ॥१२१३॥,0.2628,0.5977,0.6742,0.6166,0.0
bhuvanabhanu,102,23,अन्नाए अन्नं किं पि परं पुण जंपए पराए जा ।,0.2611,0.6239,0.6789,0.6449,0.0
bhuvanabhanu,102,24,विगहाविहाणदक्खा वक्खाणरसं च भंजेइ ॥१२१४॥,0.2628,0.6453,0.7127,0.6651,0.0013
bhuvanabhanu,102,25,अडवीउम्मत्तमहामहिसी कलुसीकरेइ सयलं पि ।,0.2605,0.6771,0.69,0.6986,0.0
bhuvanabhanu,102,26,**पल्ललजलं व आलोडिऊण विगहाइ तह लोअं ॥१२१५॥,0.2657,0.7003,0.7593,0.7201,0.0012
bhuvanabhanu,102,27,अवरेसि सुइभंगं जणेइ जा इब्भपुत्तिअ त्ति परो ।,0.2593,0.7274,0.6999,0.7484,0.0013
bhuvanabhanu,102,28,को वि नरो न य जंपइ कयावि जा सिक्खिआ गुरुणा ॥१२१६॥,0.2593,0.7492,0.8368,0.772,0.002
bhuvanabhanu,102,29,भासइ भयचं ! नाहं केणावि समं च किं पि जंपेमि ।,0.2593,0.7815,0.7348,0.8003,0.0012
bhuvanabhanu,102,30,जइ पुच्छिअस्स दिजइ न उत्तरं हवइ ''तय थद्धा ॥ १२१७॥,0.2587,0.8033,0.799,0.8248,0.0022
bhuvanabhanu,102,31,८६,0.8596,0.0666,0.8904,0.0799,0.0
bhuvanabhanu,102,32,५. स्वाध्यायम-,0.7716,0.8536,0.8759,0.8656,0.0
bhuvanabhanu,102,33,१. असमाधानम् ॥ २. साऽपि चोपाश्रयगता ॥ ३. कथयति ॥ ४. ऐहिकापायकरणेन,0.1428,0.8467,0.7413,0.8665,0.0
bhuvanabhanu,102,34,मृतरूपम् ॥ ६. विकथाऽपरपरिवादौ ॥ ७. दुस्त्यजौ ॥ ८. मायाम् ॥ ९. रुष्यतु तुष्यतु वा ॥ १०. अनर्हा-अयोग्या ।।,0.0892,0.8682,0.8718,0.8897,-0.0007
bhuvanabhanu,102,35,११. मुक्तजिह्वायाः ।। १२. पल्वलजलम् ॥ १३. तदा स्तब्धा ।।,0.0938,0.8931,0.5554,0.9107,0.0
bhuvanabhanu,102,36,Jain Education International,0.0146,0.9747,0.1841,0.9828,0.0
bhuvanabhanu,102,37,For Private & Personal Use Only,0.4196,0.9747,0.62,0.985,0.0
bhuvanabhanu,102,38,www.jainelibrary.org,0.8584,0.9755,0.9848,0.985,0.0
bhuvanabhanu,103,1,८६,0.1072,0.0743,0.1375,0.0884,0.0
bhuvanabhanu,103,2,सिरिइंदहंसगणिविरइयं,0.6818,0.07,0.8893,0.0884,0.0
bhuvanabhanu,103,3,इअ अपसिद्धी लब्भइ तब्भय [ओ] चेव केण वि सहेमं ।,0.2821,0.1095,0.7692,0.131,0.0
bhuvanabhanu,103,4,किंचि मए चविअं इअ उचिक्खिआ जा गुरुवरेणं ॥१२१८।।,0.2803,0.1331,0.792,0.1533,0.0
bhuvanabhanu,103,5,जा सव्वओ 'विसंकासंकुमणा सेविआ य विगहाए ।,0.2791,0.1649,0.7459,0.1851,0.0
bhuvanabhanu,103,6,तीप अञ्चंताऽऽसत्तीए पुव्वपढिअं पडइ ॥१२१९॥,0.2803,0.1872,0.6964,0.2082,0.0
bhuvanabhanu,103,7,विस्तरिओ सयलत्थो सत्थाणं नेव चितइ बयाई ।,0.278,0.2143,0.7209,0.2331,0.0
bhuvanabhanu,103,8,जा नालोअइ तेसिं अइआरे अन्नवग्गमणा ॥१२२०॥,0.2809,0.237,0.7296,0.2559,0.0
bhuvanabhanu,103,9,*विगहारसो तहाऽऽलस्सं बट्टर देववंदणे जीए ।,0.2838,0.2684,0.6987,0.2885,0.0
bhuvanabhanu,103,10,*अज्झेअव्वं सव्वं देइ सुहं जीइ नो ईसि ॥१२२१॥,0.2844,0.2898,0.722,0.3109,-0.0013
bhuvanabhanu,103,11,पडिकमणाइअमवि जा करेह आयरसमुज्झिअमणेण ।,0.2797,0.3169,0.7442,0.3379,-0.0013
bhuvanabhanu,103,12,विग्रहा-परपरिवायप्पबंधविहुरेगया जाया ॥१२२२॥,0.289,0.3401,0.7378,0.362,-0.0013
bhuvanabhanu,103,13,जा इत्थ अत्थि नत्थि व पासे को वि त्तिता अचिंतंती ।,0.2791,0.3718,0.7925,0.3912,-0.0011
bhuvanabhanu,103,14,विगहाविवसा सहसा जहा तहा जा य जंपेइ ॥१२२३।।,0.2768,0.3946,0.7675,0.4139,0.0
bhuvanabhanu,103,15,नयरस्स इमस्स नराहिमायगो तस्स अग्गमहिसी जा ।,0.2815,0.4216,0.7593,0.4401,0.0
bhuvanabhanu,103,16,"""असई सुणिजप सा जाणामि अहं इमं सम्मं ॥१२२४॥",0.2821,0.4444,0.7611,0.4654,0.0
bhuvanabhanu,103,17,जम्हा सुमाणसेणं कहिअं केणावि नऽन्नहा होइ ।,0.278,0.4766,0.7063,0.4964,0.0
bhuvanabhanu,103,18,तत्थ पपसम्मि ठिआ पओअणवसाऽऽगया दासी ॥१२२५।।,0.278,0.4989,0.7844,0.5182,0.0
bhuvanabhanu,103,19,जीए सव्वं सुच्चा कहिजमाणमसमंजसं दासी ।,0.278,0.526,0.6888,0.547,0.0
bhuvanabhanu,103,20,गंतूण निवेअर निवरमणीइ ससामिणीप म ॥१२२६॥,0.2791,0.5483,0.7459,0.5706,-0.0012
bhuvanabhanu,103,21,तीप कहिअं रण्णो तेण वि आणाइआ य रोहणिआ ।,0.2762,0.5762,0.7185,0.5942,0.0
bhuvanabhanu,103,22,जं गहिऊणं जणओ सुभद्दसत्थाहियो अ गओ ॥१२२७॥,0.2762,0.5981,0.7389,0.6183,0.0
bhuvanabhanu,103,23,अह एगंते धरिऊण पत्थिवेणं च रोहिणी पुट्ठा ।,0.2751,0.6256,0.6812,0.6462,0.0
bhuvanabhanu,103,24,भद्दे ! तुम भणसु तं सञ्चं मज्झ पुरओ ताव ॥१२२८॥,0.278,0.6483,0.7343,0.669,-0.0013
bhuvanabhanu,103,25,मज्झ कलत्तसरूवं जं तुमए निसमिअं इमं वुत्तं ।,0.2797,0.6788,0.7121,0.7003,-0.0013
bhuvanabhanu,103,26,न मए किमेअमायण्णिअं किमवि पेअसीबिसयं ॥ १२२९॥,0.278,0.702,0.7914,0.7213,0.0
bhuvanabhanu,103,27,कस्स वि सक्कं किंचिवि मुणामि नाहं निनाह ! इश्चाइ ।,0.278,0.7299,0.7727,0.7501,0.0
bhuvanabhanu,103,28,राया अवलषमाणि जं च पमाणीकरावेइ ॥१२३०॥,0.2768,0.7527,0.7139,0.7729,0.0
bhuvanabhanu,103,29,तत्थ पपसे आगारिऊण सा कारिआ य ' 'संवायं ।,0.2768,0.7849,0.7343,0.8012,0.0
bhuvanabhanu,103,30,अह अन्नाए अहिनाणपुव्वयं धिक्क्रया य तहा ॥१२३१॥,0.278,0.8068,0.743,0.8265,0.0
bhuvanabhanu,103,31,१. विशङ्काशङ्कुमनाः ॥ २. अन्यव्यप्रमनाः ॥ ३. विकथारसः ॥ ४. आलस्यं वर्तते ॥ ५. अध्येतव्यम्,0.1603,0.8536,0.8904,0.8742,0.0
bhuvanabhanu,103,32,"अध्ययनम् ॥ ६. विकथापरपरिवादप्रबन्धविधुरा एकदा जाता, विधुरा स्वच्छन्दवर्तिनी ॥ ७. असती ॥ ८. प्रेयसी-",0.1049,0.8768,0.8875,0.897,-0.0007
bhuvanabhanu,103,33,विषयम्-राज्ञीविषयम् ॥ ९. नृनाथ नृप इत्यर्थः ॥ १०. संवादम् ॥,0.102,0.8991,0.5699,0.9193,0.0
bhuvanabhanu,103,34,Jain Education International,0.0146,0.9747,0.1841,0.9828,0.0
bhuvanabhanu,103,35,For Private & Personal Use Only,0.4196,0.9747,0.62,0.985,0.0
bhuvanabhanu,103,36,www.jainelibrary.org,0.8584,0.9755,0.9848,0.985,0.0
bhuvanabhanu,104,1,भुषणभाणुकेबलिचरियं,0.0938,0.0674,0.2902,0.088,0.0
bhuvanabhanu,104,2,सा रोहिणी अ जाया निरुत्तरा जह सिरं अहो ! काउं ।,0.2599,0.1091,0.7401,0.1267,0.0
bhuvanabhanu,104,3,मोणमवलंबिऊणं ठिआ तओ पत्थिवो कुविओ ॥१२३२॥,0.2599,0.1301,0.7465,0.1507,0.0
bhuvanabhanu,104,4,धरणिधवेणाऽऽहुओ सुभद्दसत्थाहिवो 'सपासम्मि ।,0.2593,0.158,0.6981,0.1786,-0.0013
bhuvanabhanu,104,5,दासीए वुत्तंतो सब्वो सो साविओ तस्स ॥१२३३॥,0.2605,0.1812,0.7028,0.2018,0.0
bhuvanabhanu,104,6,वजाहउ व्व दुहिओ अकंडपडिआऽसणि ग्व वा जाओ ।,0.2605,0.2082,0.7494,0.2301,0.0
bhuvanabhanu,104,7,सत्थेसरो अ जं पुच्छए किमेअं ? कहेर न जा ॥१२३४।।,0.2599,0.2314,0.7523,0.2512,0.0
bhuvanabhanu,104,8,जा पुच्छिआ य पिउणा पगंते नेव जंपप जाव ।,0.2587,0.2581,0.6952,0.2787,0.0
bhuvanabhanu,104,9,जीए नरवइरमणीदासीप अग्गओ भणिअं ॥१२३५॥,0.2593,0.2799,0.7028,0.3001,0.0
bhuvanabhanu,104,10,आगारिउं च सा पुच्छिआ भिसं तत्थ सत्थवाहेणं ।,0.2611,0.307,0.7145,0.3276,0.0
bhuvanabhanu,104,11,सा भणइ रोहिणीए पअं वुत्तं न संदेहो ।।१२३६॥,0.2576,0.3306,0.6696,0.3508,0.0
bhuvanabhanu,104,12,जणओ चिंतेइ इमं जीप जीहा य 'मुक्कला अत्थि ।,0.2617,0.3568,0.7121,0.3778,-0.0013
bhuvanabhanu,104,13,इअ जाणतो सत्थाहिवई दासि विसज्जेइ ॥१२३७॥,0.2611,0.3796,0.701,0.3993,0.0
bhuvanabhanu,104,14,धूअं गहिऊणं सो रायसमीवे समागओ तेण ।,0.2599,0.4079,0.6603,0.4298,0.0
bhuvanabhanu,104,15,रायपयपंकप्सु य णमिउं 'सजलच्छिणा वुत्तं ॥१२३८॥,0.2622,0.4298,0.7418,0.45,0.0
bhuvanabhanu,104,16,जं सामिअ ! अम्ह कुले पञ्चक्खं दिट्ठमवि न किं पि धुवं ।,0.2593,0.456,0.7838,0.477,0.0
bhuvanabhanu,104,17,पाणश्चए वि वुश्चइ केणावि विवेगवंतेणं ॥१२३९॥,0.2593,0.4787,0.6917,0.5002,-0.0013
bhuvanabhanu,104,18,मह पुत्तीय तं किर अदिट्ठमसुअं निरत्थयं भणिअं ।,0.2599,0.5058,0.7127,0.5277,-0.0013
bhuvanabhanu,104,19,चंदे व्व निम्मले मम कुले कलंको समाणीओ ॥१२४०॥,0.2605,0.5286,0.7424,0.5492,-0.0012
bhuvanabhanu,104,20,एसो ममेव दोसो जीप जीहाइ मुकलत्तमिणं ।,0.2628,0.5552,0.6672,0.5779,-0.0014
bhuvanabhanu,104,21,सुणमाणेण जणाओ न सिङ्गिखआ न परिहरिआ जं ॥१२४१॥,0.2599,0.5784,0.7908,0.6003,-0.0011
bhuvanabhanu,104,22,मज्झ अहो! 'गिहवावारवग्गभावो तहा पमाओ वा ।,0.2605,0.6063,0.7244,0.6252,-0.0013
bhuvanabhanu,104,23,तम्हा जं रुच्चइ तं करेउ देवो पयापालो ॥१२४२॥,0.2599,0.6282,0.6865,0.6475,-0.0027
bhuvanabhanu,104,24,भूवइणा भणिअं मह नयरम्मि महानरो तुमं ताव ।,0.2593,0.6556,0.711,0.6767,-0.0013
bhuvanabhanu,104,25,"भो सत्थवाह ? मज्झ वि ""माणुचिओ सञ्चवयणो अ ॥१२४३।।",0.2622,0.678,0.7984,0.699,-0.0011
bhuvanabhanu,104,26,तेणं न खंडसो जं क़ाऊण बउप्पहे खिवावेमि ।,0.2576,0.7046,0.6754,0.7235,-0.0014
bhuvanabhanu,104,27,तुमए परं तहा कायव्वं देसं जहा चयइ ॥१२४४॥,0.2605,0.7295,0.6929,0.7497,-0.0027
bhuvanabhanu,104,28,इअ चविऊण निवइणा विसजिओ सत्थनायगो तेण ।,0.2622,0.7553,0.7331,0.7759,-0.0012
bhuvanabhanu,104,29,तणया पुणो तउ श्चिअ ठाणाउ बिसजिआ जाय ॥१२४५॥,0.2605,0.7772,0.7727,0.8008,-0.0023
bhuvanabhanu,104,30,ताव अहो ! पसा सा उ साविआ देववंदणं तं च ।,0.2564,0.8064,0.7121,0.8248,0.0
bhuvanabhanu,104,31,तं च पडिक्कमणं 'वयणवत्थपडिलेहणं तं च ॥१२४६॥,0.2582,0.8287,0.7255,0.8467,0.0
bhuvanabhanu,104,32,८७,0.8491,0.0717,0.8782,0.0833,0.0
bhuvanabhanu,104,33,१. स्वपाश्र्श्व-स्वसमीपे ॥ २. मुक्तला 'मोकली' ॥ ३. सजलाक्षिणा साश्रुनेत्रेणेत्यर्थः ॥ ४. गृहव्यापारव्यप्रभावः॥,0.1434,0.8703,0.87,0.8939,-0.0024
bhuvanabhanu,104,34,५. मानोचितः ॥ ६. तत एव ॥ ७. वदनवस्त्रप्रतिलेखनम्-मुखवस्त्रिकाप्रतिलेखनमित्यर्थः ॥,0.0903,0.8939,0.6935,0.9158,-0.0029
bhuvanabhanu,104,35,Jain Education International,0.0146,0.9747,0.1841,0.9828,0.0
bhuvanabhanu,104,36,For Private & Personal Use Only,0.4196,0.9751,0.62,0.9854,0.0
bhuvanabhanu,104,37,www.jainelibrary.org,0.8584,0.9755,0.9848,0.985,0.0
bhuvanabhanu,105,1,८८,0.12,0.0691,0.1486,0.079,0.0
bhuvanabhanu,105,2,सिरिइंदहंसगणिविरइयं,0.6929,0.058,0.9027,0.0781,-0.0028
bhuvanabhanu,105,3,सो पाढो सो धम्मो जमेरिसा साविआ वि परदोले ।,0.2873,0.1099,0.7704,0.1301,-0.0036
bhuvanabhanu,105,4,गहइ असब्भूप तह सया वि कुणइ परतत्तीओ ॥१२४७।।,0.2896,0.1318,0.7762,0.1554,-0.0096
bhuvanabhanu,105,5,एसा न सुंदरा सुंदरी न सो सोहणौ अ जिणधम्मो ।,0.292,0.1597,0.7646,0.1833,-0.0062
bhuvanabhanu,105,6,इअ नयरलोअवम्गो 'वग्गो दोसगहणे होइ ॥१२४८॥,0.2914,0.1816,0.7453,0.2044,-0.0103
bhuvanabhanu,105,7,लोपण विगोविज्जंती रोहिणीआ पुराउ निग्गमइ ।,0.2873,0.2138,0.7051,0.2366,-0.0084
bhuvanabhanu,105,8,सरइ अ पिउहरविहवं हिअं च चिंतेइ जणणीए ॥१२४९।।,0.2925,0.2353,0.7984,0.2581,-0.0081
bhuvanabhanu,105,9,बंधुजणस्स गउरवं 'झाइ परिअणस्स पूअणं वा वि ।,0.292,0.2628,0.7605,0.2872,-0.0075
bhuvanabhanu,105,10,गुरुजणसामग्गीए गओ अ लाहो अहो ! जीए ॥१२५०॥,0.2914,0.2864,0.7669,0.3096,-0.0098
bhuvanabhanu,105,11,*मुच्छमउच्छं गच्छंती निवडंती पए पए दुहिआ ।,0.2908,0.3177,0.736,0.3422,-0.0092
bhuvanabhanu,105,12,जा गामाणुग्गामं भिक्खाए भमइ मइमुक्का ॥१२५३॥,0.2879,0.3401,0.7465,0.3645,-0.0114
bhuvanabhanu,105,13,सुकुमालयाइ जीए पयजुअले भूअले चलंतीए ।,0.2896,0.3675,0.6976,0.3924,-0.0129
bhuvanabhanu,105,14,निज्जाइ सोणिअभरो फुडंतरेहे अहो ! दुक्खं ॥१२५२।।,0.289,0.3894,0.7663,0.4156,-0.0134
bhuvanabhanu,105,15,अप्पञ्चक्खाणावरणकसायवसेण देसविरईइ ।,0.2879,0.4216,0.6707,0.4435,-0.0091
bhuvanabhanu,105,16,भंसाओ सम्मत्तं परिचत्तं रोहिणीए उ ॥१२५३॥,0.2879,0.4444,0.6952,0.4667,-0.01
bhuvanabhanu,105,17,मरिऊणं अपरिग्गहिअवंतरसुरेसु रोहिणी पत्ता ।,0.2908,0.4719,0.6952,0.4959,-0.0101
bhuvanabhanu,105,18,हंत ! *महंतदुहसमूहाणऽववरिआ इमा जाया ॥१२५४॥,0.2902,0.4933,0.7599,0.5191,-0.0149
bhuvanabhanu,105,19,तत्तो बि निग्गओ जो गओ जिओ पगकरणपमुहेसु ।,0.2885,0.5247,0.7652,0.5483,-0.011
bhuvanabhanu,105,20,कत्थ बि हा! जीहाए अभावओ दुक्खमणुभूअं ।॥१२५५॥,0.289,0.5479,0.7733,0.5719,-0.0133
bhuvanabhanu,105,21,कत्थ वि जीहाछेआउ जेण सहिआणि तिक्खदुक्खाणि ।,0.2896,0.5728,0.7768,0.599,-0.0108
bhuvanabhanu,105,22,भमिओ संसारमहासमुद्दमज्झम्मि जो बहुअं ॥१२५६।।,0.2885,0.5968,0.7517,0.6222,-0.0126
bhuvanabhanu,105,23,अह मोहनिवेण महंतमूढयापेअसीइ हत्थम्मि ।,0.2879,0.629,0.6824,0.6552,-0.0118
bhuvanabhanu,105,24,तालं दाऊणं अट्टहाससहिएण इणमुत्तं ॥१२५७॥,0.2873,0.6526,0.6964,0.6767,-0.0143
bhuvanabhanu,105,25,कंते ! एआइ महंतसाविआए सरूवयं दिटुं ! ।,0.2885,0.6788,0.6818,0.702,-0.0119
bhuvanabhanu,105,26,कंताप ताप उत्तं किं देवित्थ बत्तव्वं ? ॥१२५८॥,0.2885,0.7012,0.6999,0.7252,-0.0156
bhuvanabhanu,105,27,जम्हा इमा वराई चउदसगुणठाणरूवसोषाणे ।,0.2861,0.7329,0.69,0.757,-0.0116
bhuvanabhanu,105,28,सिद्धिमहासोहे पंचमं च सोवाणमारुहिआ ॥१२५९॥,0.2867,0.7531,0.7401,0.7789,-0.0193
bhuvanabhanu,105,29,देवेण उ ते वि निवाडिआ सहस्सक्ख-चक्किपुजा जे ।,0.2861,0.7862,0.7686,0.8111,-0.0133
bhuvanabhanu,105,30,सुरलक्खेहिं 'अक्खोहिआ असमसत्तवंता य ॥१२६०॥,0.2873,0.8098,0.7506,0.8351,-0.0139
bhuvanabhanu,105,31,१. व्यग्रः ॥ २. ध्यायति स्मरति ॥ ३. मूर्च्छाम् अतुच्छाम् ॥ ४. मतिमुक्ता बुद्धिहीना ॥ ५. महादुःख-,0.1684,0.8635,0.8998,0.8879,-0.008
bhuvanabhanu,105,32,समूहानामपवरिका ॥ ६. एकेन्द्रियप्रमुखेषु ॥ ७. अक्षोभिताः असमसत्त्ववन्तः-असदृशपुरुषकाराः ॥,0.1171,0.8866,0.771,0.9133,-0.0107
bhuvanabhanu,105,33,Jain Education International,0.0146,0.9747,0.1841,0.9828,0.0
bhuvanabhanu,105,34,For Private & Personal Use Only,0.4196,0.9751,0.62,0.9854,0.0
bhuvanabhanu,105,35,www.jainelibrary.org,0.8584,0.9755,0.9848,0.985,0.0
bhuvanabhanu,106,1,सुत्रणभाणुवेवलिचरियं,0.1014,0.0773,0.2966,0.0992,-0.006
bhuvanabhanu,106,2,जे इक्कारसमं सोवाणं सिद्धिनिलयस्स आरुहिआ ।,0.2675,0.1159,0.708,0.137,-0.004
bhuvanabhanu,106,3,हुंकारमित्तवसओ देवस्स पडिवडिआ एए ॥१२६१॥,0.271,0.1387,0.7191,0.1619,-0.0052
bhuvanabhanu,106,4,देवस्स अग्गओ रुलमाणा चिटुंति पायल ग्गा ते ।,0.2692,0.1649,0.6946,0.1872,-0.0055
bhuvanabhanu,106,5,अह मंतिअ-सामंतेहिं भासिअमेगकालं च ॥१२६२॥,0.2692,0.1876,0.7069,0.2087,-0.0053
bhuvanabhanu,106,6,देवी अहो ! 'मुणइ चविउमेवमेवेअमन्नया स जिओ ।,0.2686,0.2143,0.743,0.2379,-0.0049
bhuvanabhanu,106,7,मणुपसु समुप्पन्नां पडिवन्नं तत्थ सम्मत्तं ॥१२६३॥,0.2686,0.237,0.7028,0.2602,-0.0067
bhuvanabhanu,106,8,जेणाभिग्र्गाहओ दाणरूवधम्मो इमो वि भग्गो अ ।,0.2681,0.2645,0.711,0.2855,-0.0039
bhuvanabhanu,106,9,दागंतराय-किवणत्ताईहिं मोहसुहडेहिं ॥१२६४॥,0.2675,0.286,0.6672,0.3083,-0.0058
bhuvanabhanu,106,10,अह भमिऊण भवं जो समागओ ताव मणुअजम्मम्मि ।,0.2646,0.313,0.7488,0.3358,-0.0048
bhuvanabhanu,106,11,तत्थ वि जेण अभिग्गहिओ अमलो सीलधम्मो अ ॥ १२६५।।,0.2663,0.3362,0.7803,0.3577,-0.0045
bhuvanabhanu,106,12,सो विउ भग्गो जेणं नरवेओदय-कुसंगमाईहिं ।,0.2657,0.3628,0.6941,0.3843,-0.0027
bhuvanabhanu,106,13,संसारं परिभमिउं पुणो वि जो माणुसो जाओ ॥१२६६॥,0.2657,0.386,0.7686,0.4079,-0.0035
bhuvanabhanu,106,14,अंगीकओ कयावि अ जेण तवाभिग्गहो गुरुसगासे ।,0.2657,0.4126,0.7203,0.4328,-0.0026
bhuvanabhanu,106,15,एसो वि लांविओ निअजीहालोलत्तणाईहिं ॥१२६७॥,0.2663,0.4354,0.7174,0.456,-0.0026
bhuvanabhanu,106,16,भमिउं भवं च जो मणुअभवे आगच्छए पुणो तत्थ ।,0.2657,0.4637,0.7249,0.4839,-0.0013
bhuvanabhanu,106,17,भावणअभिग्गहं गहिअ चयइ अट्टाइर्चिताहिं ॥१२६८॥,0.264,0.4839,0.7372,0.5067,-0.0062
bhuvanabhanu,106,18,3,0.2681,0.5178,0.2797,0.5234,0.0
bhuvanabhanu,106,19,* खित्तगपल्लुवमासंखअंसगपपसरासिमाणेसु ।,0.2698,0.5122,0.6445,0.5371,-0.0047
bhuvanabhanu,106,20,"ताव भवेसु 'पवन्ना जेणेवं ""देसविरई अ ॥१२६९॥",0.2617,0.5333,0.7075,0.556,-0.0065
bhuvanabhanu,106,21,पञ्च्चक्खाणावरणकसायपमुहमोहउक्कडभडेहिं ।,0.2657,0.562,0.6369,0.5839,-0.0047
bhuvanabhanu,106,22,करसंठिअधणमिव जस्स देबिरई वि ब्रिग्गमिआ ॥१२७०।।,0.2634,0.5827,0.7885,0.605,-0.0067
bhuvanabhanu,106,23,इत्थंतरम्मि अच्छेरहरिसपूरिअमणेण रापण ।,0.2657,0.6119,0.6579,0.6342,-0.0045
bhuvanabhanu,106,24,सिरिचंदमोलिनामेणुत्तं नमिअ जगभाणुजिणं ॥१२७१॥,0.2646,0.6342,0.6865,0.6561,-0.0055
bhuvanabhanu,106,25,भयवं ! मोहाइमहारिउणो एप कुणंति जीवाणं ।,0.2646,0.6612,0.6789,0.6823,-0.0028
bhuvanabhanu,106,26,बिअर्ड विडंबणं पुण चिंतातिगयं दुरंततमं ॥१२७२॥,0.264,0.684,0.7092,0.7072,-0.0052
bhuvanabhanu,106,27,जं एअस्स सयलआगमतत्तमयस्स मज्झदेसम्मि ।,0.264,0.7115,0.697,0.7312,-0.004
bhuvanabhanu,106,28,संबंधस्स भणिजइ तं सव्वमसंगयं हबइ ॥१२७३॥,0.2634,0.7342,0.7022,0.7548,-0.004
bhuvanabhanu,106,29,पुच्छामि केवलं संदेहमहं किंचि नेव अपसाओ ।,0.2646,0.7604,0.7051,0.784,-0.0053
bhuvanabhanu,106,30,कायव्वों तुम्हेहिं विम्यकारिगुणवंतेहिं ॥१२७४॥,0.2617,0.7827,0.6888,0.8055,-0.0068
bhuvanabhanu,106,31,८९,0.8526,0.0781,0.8834,0.0923,-0.0192
bhuvanabhanu,106,32,१. मन्यते-जानाति वक्तुमेवमेवमेतत् अन्यदा स जीवः ॥ २. आर्तादिचिन्ताभिः आर्त्तरौद्रध्यानैः ॥ ३. क्षेत्र-,0.1469,0.8252,0.8753,0.848,-0.0048
bhuvanabhanu,106,33,कपल्योपमासङ्ख्य-अंशकप्रदेशराशिमानेषु ॥ ४. प्रपन्ना ॥ ५. देशबिरतिः इयम् ॥ ६. मध्यदेशे-मध्यभागे ॥ ७. तद्,0.095,0.8489,0.8788,0.8729,-0.003
bhuvanabhanu,106,34,सर्वमसङ्गतमेव-भ.-भा. पृ. ३३५ ॥ ८. अप्रसादः कोपः ॥,0.0938,0.872,0.5012,0.8948,-0.0129
bhuvanabhanu,106,35,१२,0.1177,0.909,0.1434,0.921,0.0
bhuvanabhanu,106,36,Jain Education International,0.0146,0.9747,0.1841,0.9828,0.0
bhuvanabhanu,106,37,For Private & Personal Use Only,0.4196,0.9751,0.62,0.9845,0.0
bhuvanabhanu,106,38,www.jainelibrary.org,0.8584,0.9755,0.9848,0.9854,0.0
bhuvanabhanu,107,1,९०,0.1125,0.0575,0.1416,0.0734,-0.1799
bhuvanabhanu,107,2,सिरिइंद हंसगणिविरइयं,0.6894,0.0567,0.8951,0.0756,0.0
bhuvanabhanu,107,3,सम्मईसणवंतस्स जंतुणो पुव्वमेव वुत्तमिमं ।,0.285,0.0983,0.6737,0.1189,0.0
bhuvanabhanu,107,4,उक्कट्ठो वि भवो किर अव पुग्गलपरावट्टो ॥१२७५।।,0.2832,0.1207,0.7308,0.1413,0.0
bhuvanabhanu,107,5,तत्थ य इमस्स पत्थुअजिअस्स सम्मत्तफंसणा जाया ।,0.2821,0.152,0.7529,0.1722,0.0
bhuvanabhanu,107,6,देसविरइफंसणया अस्संखभवेसु पत्तेअं ॥१२७६॥,0.2826,0.1752,0.7028,0.1954,0.0
bhuvanabhanu,107,7,तप्परिभंसे मज्झे भूरिभवो अ भणिओ बहुत्तस्स ।,0.2809,0.2108,0.7214,0.2323,0.0
bhuvanabhanu,107,8,किं माणमिअ दिसिजउ तत्तो सो केवली कहइ ॥१२७७।।,0.2832,0.2331,0.7821,0.252,0.0
bhuvanabhanu,107,9,कत्थ वि संखिज्जं कत्थ वि अस्संखं तहा अणंतं वि ।,0.2844,0.2645,0.757,0.2834,0.0
bhuvanabhanu,107,10,सुणसु पमाणं 'भूमिव ! अव पुग्गलपराबट्टे ॥१२७८।।,0.2826,0.2881,0.7453,0.3096,-0.0013
bhuvanabhanu,107,11,हुंति अणंताओ उस्सप्पिणिओसप्पिणीउ तम्माणं ।,0.2815,0.3246,0.7156,0.3452,0.0
bhuvanabhanu,107,12,वट्टति अणंतस्स अणंता भेआ महाराय ! ॥१२७९॥,0.2803,0.3474,0.7104,0.3671,0.0
bhuvanabhanu,107,13,तम्हा पडिअंतर उस्सप्पिणिओसप्पिणीउऽणंताओ ।,0.2791,0.3787,0.7284,0.3967,0.0
bhuvanabhanu,107,14,हुंति तहावि नरेसर ! न किजए कि पि जिणधम्मो ॥१२८०॥,0.2791,0.401,0.8246,0.4225,0.0
bhuvanabhanu,107,15,अह चंदमोलिराओ नमिउ भणइ भयवं ! तमच्छेरं ।,0.278,0.4328,0.708,0.4517,0.0
bhuvanabhanu,107,16,जं दंसण-देसविरइगुणेसु पत्तेसु अजाबि ॥१२८१॥,0.2751,0.4551,0.7156,0.4757,-0.0013
bhuvanabhanu,107,17,पहवंति मोहपसुहा रिउणो एए तओ जिणेणुत्तं ।,0.278,0.4873,0.6917,0.5075,0.0
bhuvanabhanu,107,18,एवं अणाइकालं जाव इमे जीवमभिहुंति ॥१२८२॥,0.2774,0.5101,0.7145,0.5307,0.0
bhuvanabhanu,107,19,3,0.5117,0.5127,0.5239,0.5187,0.0
bhuvanabhanu,107,20,तिहुअणजणपूइअपयपंकयजुअलेहि विमलनाणेहिं ।,0.2739,0.5462,0.7016,0.5681,0.0
bhuvanabhanu,107,21,सयलेहिं पि जिणेहिं परूविअं इत्थ इत्थमिमं ॥१२८३॥,0.2756,0.5685,0.7512,0.5878,-0.0012
bhuvanabhanu,107,22,सम्मत्त-देसत्रिरया पल्लिअस्स असंखमायमित्ता उ ।,0.2739,0.6003,0.7174,0.6191,-0.0013
bhuvanabhanu,107,23,अट्ठ भवा उ चरित्ते अणंतकालं च सुअसमए ति ॥ १२८४।।,0.2727,0.6234,0.7855,0.6445,-0.0011
bhuvanabhanu,107,24,अस्या गाथाया व्याख्या-सम्यग्दृष्टयो देशविरताश्च [प्रत्येकं] क्षेत्रपल्योपमा-,0.1964,0.6552,0.8357,0.6763,-0.0018
bhuvanabhanu,107,25,"सङ्ख्येयभागप्रदेशराशिप्रमाणान् भवान् भर्वान्त, अष्टौ भवान् चारित्र-",0.1498,0.6775,0.8345,0.699,-0.0009
bhuvanabhanu,107,26,"सामायिकं प्राप्यते, श्रुतसामायिकं तु सम्यग्दृष्टि-मिथ्यादृष्टिभावेनाविशेषितं",0.1469,0.6999,0.8322,0.7231,-0.0009
bhuvanabhanu,107,27,सामान्येन द्वीन्द्रियादिषु अनन्तान् भवान् प्राप्यत इत्यर्थः ॥,0.1439,0.7222,0.6853,0.7441,-0.0011
bhuvanabhanu,107,28,अह नरवइणा भणिअं भयवं ! संसारिओ जिओ एसो ।,0.2686,0.7596,0.7512,0.7789,0.0
bhuvanabhanu,107,29,सव्वविरइकन्नाप करिस्सइ कया करग्गहणं ? ॥१२८५३॥,0.2704,0.7827,0.7162,0.8012,-0.0013
bhuvanabhanu,107,30,चारित्तधम्मधरणीधवसिन्नसहायगो भविस्सइ अ ? ।,0.2675,0.8137,0.7075,0.8321,0.0
bhuvanabhanu,107,31,पस कया केवलिणा कहिअं 'थोवंतमेअं तु ॥१२८६।॥,0.271,0.8364,0.7273,0.857,-0.0013
bhuvanabhanu,107,32,7,0.3724,0.8768,0.3765,0.8798,0.0
bhuvanabhanu,107,33,१. भूमिप नृपेत्यर्थः ॥ २. प्रति-अन्तरम् ॥ ३. जीवमभिभवन्ति ॥ ४. स्तोकान्तरमिदम्. भ.मा. ३३५ ॥,0.1486,0.8845,0.8776,0.9038,0.0
bhuvanabhanu,107,34,Jain Education International,0.0146,0.9747,0.1841,0.9828,0.0
bhuvanabhanu,107,35,For Private & Personal Use Only,0.4196,0.9751,0.62,0.9854,0.0
bhuvanabhanu,107,36,www.jainelibrary.org,0.8584,0.9755,0.9848,0.985,0.0
bhuvanabhanu,108,1,भुषणभाणुकेवलिचरियं,0.0921,0.0653,0.2838,0.0872,-0.0061
bhuvanabhanu,108,2,९१,0.8432,0.064,0.8718,0.0781,0.0
bhuvanabhanu,108,3,सुणसु तुमं राय ! अवहिअमाणसो भूवई तओ भणइ ।,0.2599,0.1013,0.7366,0.1271,-0.0086
bhuvanabhanu,108,4,एसो अहं अवहिओ कयप्पसाया कहंतु जिणा ॥१२८७॥,0.2605,0.1245,0.7436,0.1486,-0.0096
bhuvanabhanu,108,5,भगवं तो भणइ तओ पत्थिव ! अत्थि नरखित्तमज्झम्मि ।,0.2582,0.1511,0.7599,0.1735,-0.0081
bhuvanabhanu,108,6,इंदपुरं नाम पुरं सिरीइ इंदपुरसंकासं ॥१२८८॥,0.2576,0.1752,0.6591,0.1988,-0.0116
bhuvanabhanu,108,7,राओ समीरणो नाम तत्थ जाया जयंतिआ तस्स ।,0.2576,0.2027,0.6585,0.2233,-0.0087
bhuvanabhanu,108,8,जेहिं गहिओ इव अवयारो 'सर-सुर-रइ-सुरीणं ॥१२८९॥,0.2547,0.2241,0.7686,0.2473,-0.0068
bhuvanabhanu,108,9,एगय आणीओ सो संसारिजिओ अ तेसि गेहम्मि ।,0.2576,0.2512,0.7179,0.2735,-0.0089
bhuvanabhanu,108,10,कम्ममहानरवइणा तणुअत्तेणं पमन्नेणं ॥१२९०॥,0.2587,0.2752,0.6748,0.298,-0.0112
bhuvanabhanu,108,11,जणओ जणेइ अरविंद त्ति सुअस्स 'महपुव्वमभिहाणं ।,0.2587,0.3006,0.7185,0.3255,-0.0089
bhuvanabhanu,108,12,पढिआउ जेण य कलाउ विमलजसकुसुमवल्लीओ ॥१२९१॥,0.257,0.3225,0.7587,0.3465,-0.0081
bhuvanabhanu,108,13,जुव्वणत्रयं च पत्तो गुणपयडीभावभायणं पुत्तो ।,0.2558,0.3508,0.6655,0.3748,-0.0071
bhuvanabhanu,108,14,मुणिपरि [वरि] औ सुगुरू कम्मनिवेणं समाणीओ ॥१२९२॥,0.2576,0.3736,0.7529,0.3976,-0.0071
bhuvanabhanu,108,15,जो रायवाडिआए नयराओ निग्गओ वणम्मि गओ ।,0.2552,0.4002,0.7244,0.4216,-0.0062
bhuvanabhanu,108,16,सुगुरुं निरिक्खिऊणं पणमइ आणंदपूरेणं ॥१२९३॥,0.2547,0.4234,0.69,0.4474,-0.0094
bhuvanabhanu,108,17,तत्थ य उवविट्ठो जो कम्ममहंतनिवई समप्पेइ ।,0.2552,0.45,0.6643,0.4732,-0.0057
bhuvanabhanu,108,18,जस्स अइभासुरं सुहअज्झवसायरूवमसि ॥१२९४॥,0.2552,0.4736,0.6847,0.4959,-0.0081
bhuvanabhanu,108,19,संखिज्ञसागरोवमठिइरूवं खंडिअं च 'तणुखंडं ।,0.2547,0.5006,0.6672,0.5221,-0.0042
bhuvanabhanu,108,20,मोहाइमहारीणं जेणं तेण करवालेणं ॥ १२९५॥,0.2564,0.523,0.6358,0.5462,-0.0092
bhuvanabhanu,108,21,सम्मदंसण-चारित्तधम्मउवएसदायगेण तओ ।,0.2547,0.5517,0.5886,0.5723,-0.0052
bhuvanabhanu,108,22,सत्वविरइकन्नाए महागुणा वण्णिआ गुरुणा ॥१२९६॥,0.2558,0.5723,0.683,0.596,-0.0095
bhuvanabhanu,108,23,'तत्तिव्वणुरागो जो जणणी-जणगाइसंगमं चत्ता ।,0.2576,0.5998,0.6999,0.623,-0.0079
bhuvanabhanu,108,24,सुगुरुसमप्पिअवेसो परिणेइ सयलविरइकन्नं ॥१२९७॥,0.2535,0.6222,0.6836,0.6462,-0.0108
bhuvanabhanu,108,25,आलोइउं च लोआ परमविभूईइ गहिअदिक्खं जं ।,0.2541,0.6488,0.6935,0.6737,-0.0053
bhuvanabhanu,108,26,पभणंति एस धन्नो मन्नो देवाण वि मुणिदो ॥१२९८॥,0.2535,0.6724,0.7203,0.6956,-0.0062
bhuvanabhanu,108,27,चारित्तधम्मभूवइसिन्नं सव्वमवि हरिसिअं पअं ।,0.2517,0.6986,0.6474,0.7231,-0.0059
bhuvanabhanu,108,28,जस्संतिए ठिओ सब्बोहो थिरदंसणो जाओ ॥१२९९॥,0.2506,0.7218,0.7168,0.7437,-0.0075
bhuvanabhanu,108,29,जाणअसयागमपरिचयविहीसु सिक्खिअकिआकलावो अ ।,0.2506,0.7488,0.7564,0.772,-0.0046
bhuvanabhanu,108,30,उवसममंडणमंडिअदेहो सोहइ महेसी जो ॥१३००॥,0.2523,0.7716,0.6952,0.7943,-0.0079
bhuvanabhanu,108,31,मद्दवमुद्दागाही अजवलाही लसंतसंतोसो ।,0.2523,0.7995,0.609,0.8227,-0.0098
bhuvanabhanu,108,32,जो तवसोसिअगप्त्तो संजमलच्छीनिहिअचित्तो ॥१३०१।।,0.2523,0.821,0.7267,0.8433,-0.0086
bhuvanabhanu,108,33,१. स्मरसुर-रतिसुयोंः ।। २. तनुजत्वेन-पुत्रतया ॥ ३. महपूर्वम्-उत्सवपूर्वम् ॥ ४. शरीरखण्डम् ॥,0.1334,0.8708,0.8613,0.8939,-0.0024
bhuvanabhanu,108,34,५. तत्तीब्रानुरागः ॥ ६. व्यक्त्वा ॥,0.0839,0.9,0.3252,0.918,-0.0048
bhuvanabhanu,108,35,Jain Education International,0.0146,0.9747,0.1841,0.9828,0.0
bhuvanabhanu,108,36,For Private & Personal Use Only,0.4196,0.9751,0.62,0.9854,0.0
bhuvanabhanu,108,37,www.jainelibrary.org,0.8584,0.9755,0.9848,0.985,0.0
bhuvanabhanu,109,1,९२,0.1183,0.0747,0.148,0.0889,0.0
bhuvanabhanu,109,2,3,0.3893,0.2164,0.4009,0.222,0.0
bhuvanabhanu,109,3,सिरिइंदहंसगणिविरइयं,0.6952,0.0717,0.8986,0.091,0.0
bhuvanabhanu,109,4,जो कुणइ सञ्च्चपक्खं 'सुसोअभाविथमणो समणमुक्खो !,0.2885,0.1134,0.778,0.134,0.0
bhuvanabhanu,109,5,निक्किंचणया-तुरिअब्वयपमुहा जं न मुंचंति ॥१३०२॥,0.2902,0.1357,0.7488,0.1576,-0.0013
bhuvanabhanu,109,6,पपहिं सुहभावेहिं जो उच्छाहिओ निहंति सया ।,0.292,0.1623,0.7267,0.1838,-0.0013
bhuvanabhanu,109,7,पबलं मोहबलं आहणिऊण अपमायगंधगयं ॥१३०३॥,0.2914,0.1859,0.7395,0.2052,-0.0013
bhuvanabhanu,109,8,आरोविअ सुद्धमणोवित्तिधणुहलेहमिसिवयंसबरो ।,0.2902,0.2125,0.7413,0.234,-0.0013
bhuvanabhanu,109,9,सुहभावनाम 'नारा एहि पहरेइ मोहनिवं ॥१३०४॥,0.2885,0.2357,0.7057,0.2563,-0.0028
bhuvanabhanu,109,10,मयणमहामंडलिअं ताडेइ अ रागमिगवई जिणइ ।,0.2902,0.2628,0.7203,0.2821,-0.0014
bhuvanabhanu,109,11,पाडेइ दोसविसमतममहागयनायगं जो अ ॥१३०५॥,0.2873,0.286,0.7203,0.3057,-0.0013
bhuvanabhanu,109,12,एस मह रिऊ एस तुह रिऊ इअ जे मुणाविआ अरिणो ।,0.2896,0.3122,0.7937,0.334,-0.0012
bhuvanabhanu,109,13,सब्बोहसयागमएहिं सव्वे जो विणासेइ ॥१३०६॥,0.2885,0.3353,0.6911,0.3542,0.0
bhuvanabhanu,109,14,अग्गि-गिरिराय-बहुली-सायर-हिंसा-महामुसात्राया ।,0.3001,0.3624,0.7751,0.3839,-0.0012
bhuvanabhanu,109,15,चोरिअ-मेहुण-मुच्छापमुहा रिउणो जिया जेण ॥१३०७॥,0.2844,0.3847,0.7791,0.4066,-0.0012
bhuvanabhanu,109,16,एगय पमायदंडाहिवो अभिमुहं समुट्ठिओ जस्स ।,0.2902,0.4122,0.7179,0.4337,-0.0014
bhuvanabhanu,109,17,कत्थ वि ठाणे कहवि समणो पुण तं पि पहरेइ ॥१३०८॥,0.2902,0.4341,0.8059,0.456,-0.0023
bhuvanabhanu,109,18,कत्थ वि छुहा-पिवासाइदुस्सहपरीसहारिवग्गेहिं ।,0.2902,0.4611,0.7279,0.4835,-0.0013
bhuvanabhanu,109,19,जो बाहिज्जइ जुगवं पराजिणइ ते वि एगमणो ॥१३०९॥,0.2838,0.4835,0.7803,0.5049,-0.0023
bhuvanabhanu,109,20,कत्थ वि नरा-मर-तिरिअउवसग्गभडा समुट्ठिआ जं च ।,0.2885,0.5152,0.7943,0.5359,-0.0012
bhuvanabhanu,109,21,पाडंति जिणागमवयणेहिं जो पुण थिरीभूओ ।॥१३१०॥,0.2855,0.5376,0.7587,0.5595,-0.0012
bhuvanabhanu,109,22,संजलणकसायरिऊ बुड्समणसारणाइ संजाया ।,0.2885,0.5655,0.6958,0.5861,-0.0043
bhuvanabhanu,109,23,गच्छे सबालतरुणे विहुरीकुव्वंति जं समणं ॥१३११।।,0.2879,0.5869,0.7436,0.6101,-0.0038
bhuvanabhanu,109,24,उवसम-मद्दवमुहकयसाहज्जो जो कहं पि ते हणिउं ।,0.2861,0.6144,0.7448,0.6359,-0.0038
bhuvanabhanu,109,25,निस्सीमसंजमकरणुजमम्मि वट्टइ सयाकालं ॥१३१२॥,0.2867,0.6368,0.7488,0.6587,-0.0038
bhuvanabhanu,109,26,कत्थ वि रूवज्झुणि-गंध रस-फरिसलोलयाइझाणेहि ।,0.2855,0.6638,0.7541,0.6857,-0.0012
bhuvanabhanu,109,27,रिउभूपहिं हणिओ जो संतोसेण पल्लविओ ॥१३१३॥,0.2867,0.687,0.7389,0.7102,-0.0026
bhuvanabhanu,109,28,पुणरवि दुञ्जयरिउवग्गेण समं संगरं च जो कुणइ ।,0.2855,0.7145,0.7383,0.7368,-0.0013
bhuvanabhanu,109,29,इअ जय-पराजएसुं पवट्टमाणेसु अन्नुन्नं ॥१३१४॥,0.2855,0.7377,0.7057,0.7596,-0.0042
bhuvanabhanu,109,30,चारित्तधम्मसिन्नबलेणं जाव जयलच्छिमरविंदो ।,0.2826,0.7634,0.6876,0.7823,-0.0029
bhuvanabhanu,109,31,पावेइ मुणिवरो ताच पेरिओ इअ गुरुवरेणं ॥१३१५॥,0.2821,0.787,0.7413,0.8094,-0.0025
bhuvanabhanu,109,32,१. सुशौचभावितमनाः ॥ २. अप्रमादगन्धगजम् ॥ ३. शुद्धमनोवृत्ति-धनुलेखाम् ऋषिवयस्यवरः ॥ ४.,0.1638,0.8343,0.8928,0.8562,-0.0016
bhuvanabhanu,109,33,नाराचैः बाणैरित्यर्थः ॥ ५. जयति ॥ ६. अग्नि गिरिराज बहुली-सागर इति अनुक्रोशेण क्रोध-म.न-माया-लोभानां,0.1096,0.8562,0.8945,0.8772,-0.0015
bhuvanabhanu,109,34,सूचकाः शब्दाः ॥,0.1113,0.8875,0.2337,0.9012,0.0
bhuvanabhanu,109,35,Jain Education International,0.0146,0.9747,0.1841,0.9828,0.0
bhuvanabhanu,109,36,For Private & Personal Use Only,0.4196,0.9747,0.62,0.985,0.0
bhuvanabhanu,109,37,www.jainelibrary.org,0.8584,0.9755,0.9848,0.985,0.0
bhuvanabhanu,110,1,वणभाणुकेवलिचरियं,0.1265,0.0631,0.3048,0.0829,0.0
bhuvanabhanu,110,2,एसो तुज्झ महंतो अवराहो अम्ह अत्थि पत्थावो ।,0.2791,0.103,0.7214,0.1232,0.0
bhuvanabhanu,110,3,इअ पञ्च्चक्खाणावरणकोहमाणा विचितंति ॥१३१६॥,0.2797,0.1249,0.715,0.146,-0.0013
bhuvanabhanu,110,4,जस्संगे ते रिउणो पयडीभूआ कुणंति किर पीडं ।,0.2774,0.1524,0.7214,0.1726,0.0
bhuvanabhanu,110,5,तव्वसओ कुविओ संतो जो गुरुसम्मुहं चवइ ॥१३१७॥,0.2751,0.1752,0.7541,0.1958,0.0
bhuvanabhanu,110,6,आरिअ ! किं मए इह विणासिअं जइ तुमं विआरेसि ? ।,0.2756,0.2018,0.7943,0.222,0.0
bhuvanabhanu,110,7,नत्थि मह को बि अवराहो जइ जंपसि तहावि तुमं ॥१३१८॥,0.2768,0.2246,0.8124,0.2452,0.0
bhuvanabhanu,110,8,को तुह निवारओ अत्थि ? तओ पअं च किं ममं एगं ॥,0.2739,0.252,0.7716,0.2718,0.0
bhuvanabhanu,110,9,पडिसेहसि ? कि गच्छे एवं को वि न परो कुणइ ? ॥ १३१९।।,0.2745,0.2744,0.81,0.295,0.0
bhuvanabhanu,110,10,एए पव्वइआ संति इमेहिं सह तुमं न किं 'चवसि ? ।,0.2733,0.301,0.7547,0.3216,0.0
bhuvanabhanu,110,11,एगो अहं तु लद्धो मुद्धो विद्वो वयसरेहिं ॥१३२०॥,0.2716,0.3237,0.7249,0.3439,0.0
bhuvanabhanu,110,12,3,0.6265,0.3761,0.6381,0.3821,0.0
bhuvanabhanu,110,13,जइ थविरा सिक्खं दिति वच्छ ! निवपुत्त ! सुकुलसंजाओ ।,0.2721,0.3499,0.8036,0.3714,-0.0011
bhuvanabhanu,110,14,तुममिअ गुरुसम्मुहमित्थमवन्नाए भणसु माई ॥१३२१॥,0.2727,0.374,0.7547,0.395,0.0
bhuvanabhanu,110,15,जो पुण विवरीअं चिअ चित्ते चितेइ में कुलुग्घाडं ।,0.2721,0.4002,0.7279,0.4221,-0.0013
bhuvanabhanu,110,16,एए कुर्णति मुणिणौ गहिओ जो कोव-माणेहिं ॥१३२२॥,0.2721,0.4238,0.7529,0.4444,0.0
bhuvanabhanu,110,17,जाब पुणो वि गुरू जं सिक्खेइ किमवि तओ अ जेणुत्तं ।,0.2698,0.45,0.7838,0.4714,-0.0011
bhuvanabhanu,110,18,मम 'उञ्च्चाडणविसए सब्वे लग्गा अहो ! तुम्हे ॥१३२३॥,0.2721,0.4723,0.7535,0.4929,0.0
bhuvanabhanu,110,19,तत्तो घिप्षह पअं निअपिच्छडगं ति भणिअ जो वेसं ।,0.2704,0.4994,0.7634,0.5187,0.0
bhuvanabhanu,110,20,चइऊणं गिहिवेसं गहेइ असुहपरिणामगओ ॥१३२४॥,0.2675,0.5221,0.7238,0.5427,0.0
bhuvanabhanu,110,21,पञ्चक्खाणावरणगको हाऽहंकार सुहडसामत्थं ।,0.2733,0.5509,0.6533,0.5689,0.0
bhuvanabhanu,110,22,दक्खा पिक्खह तुम्हे अहो ! मणं जो तहा धरिओ ॥१३२५।।,0.2721,0.5719,0.8019,0.5925,0.0
bhuvanabhanu,110,23,मोहबलम्मि अ जं पाडिऊण मिलिऊण सव्वसुहडेहिं ।,0.2675,0.5985,0.7407,0.6191,0.0
bhuvanabhanu,110,24,ते विअडकोहमाणा तहा भमावंति पुहवीए ॥१३२६॥,0.2704,0.6226,0.7261,0.6419,0.0
bhuvanabhanu,110,25,अह जो पइगामं परगिहेसु कम्माणि कुणइ दिणरत्तं ।,0.2692,0.6483,0.7453,0.6685,0.0
bhuvanabhanu,110,26,भिक्खं च दुहेणं लहइ जावज्जीवं सहइ दुक्क़्खं ॥१३२७॥,0.2698,0.6711,0.7529,0.6921,0.0
bhuvanabhanu,110,27,पाविद्वेणं भट्टेण मए लोगोभयाइदुक्खगरं ।,0.2663,0.6986,0.6334,0.7188,0.0
bhuvanabhanu,110,28,आयरिअं तं अप्फलमणुहोमि अहं सुदुस्सहगं ॥१३२८॥,0.2681,0.7213,0.7459,0.7419,0.0
bhuvanabhanu,110,29,इअ निंदंतो जो अप्पाणं पजंतसमयपत्ताऊ ।,0.2692,0.748,0.6509,0.766,0.0
bhuvanabhanu,110,30,उप्पज्जइ जोइक्कतिअसेसु सुररिद्धिसंजुत्तो ॥१३२९॥,0.2686,0.7699,0.7214,0.7913,0.0
bhuvanabhanu,110,31,चविऊण तओ ठाणा भूरिभवं भमइ जो किलेसकरं ।,0.2663,0.7969,0.7378,0.8171,0.0012
bhuvanabhanu,110,32,सुहसंपयानिहाणं रायपुरं अत्थि नामेणं ॥१३३००॥,0.2675,0.8201,0.6772,0.8403,0.0
bhuvanabhanu,110,33,९३,0.8578,0.0648,0.891,0.0786,0.0
bhuvanabhanu,110,34,१. वक्षि-कथयसि ॥ २. वचःशरैः ॥ ३. माऽर्थे अव्ययम् ॥ ४. उच्चाटनविषये ॥ ५. भाषायाम् पछेडी ॥,0.1521,0.8673,0.8811,0.8888,0.0
bhuvanabhanu,110,35,६. ज्योतिष्कत्रिदशेषु ॥,0.1043,0.8939,0.2628,0.9103,0.0
bhuvanabhanu,110,36,Jain Education International,0.0146,0.9747,0.1841,0.9828,0.0
bhuvanabhanu,110,37,For Private & Personal Use Only,0.4196,0.9747,0.62,0.985,0.0
bhuvanabhanu,110,38,www.jainelibrary.org,0.8578,0.9755,0.9848,0.985,0.0
bhuvanabhanu,111,1,९४,0.1107,0.061,0.1404,0.0726,0.0
bhuvanabhanu,111,2,सिरिइंदहंसगणिविरइयं,0.6818,0.0545,0.8922,0.0726,0.0
bhuvanabhanu,111,3,तत्थ अमञ्च्चवरो परमसावओ अत्थि 'अत्थमंतो अ ।,0.2809,0.1043,0.7308,0.1237,-0.0026
bhuvanabhanu,111,4,तस्स सुओ जो जाओ पिउकयचित्तमइअभिहाणो ॥१३३१॥,0.2797,0.1267,0.7756,0.149,-0.0035
bhuvanabhanu,111,5,"माया-पिउणो ""पिउवइगेहातिहिणो अ जात्र संजाया ।",0.2786,0.1541,0.7634,0.1748,-0.0012
bhuvanabhanu,111,6,ससुअं कुटुंबभारे ठवेइ संविग्गचित्तो जो ॥१३३२॥,0.2797,0.1765,0.7261,0.1988,-0.0039
bhuvanabhanu,111,7,सुगुरूण पासदेसे गंतूण वयं गहेजए जेण ।,0.2786,0.2052,0.6562,0.2263,-0.0031
bhuvanabhanu,111,8,पालिज्जइ पुव्वभणिअविहिणा हयमोहसिन्नेणं ॥१३३३॥,0.2791,0.2267,0.7459,0.2486,-0.0025
bhuvanabhanu,111,9,पज्जंतम्मि विसयसुहसीलत्तपमायसंगवसओ जो ।,0.2809,0.2538,0.7086,0.2752,-0.0014
bhuvanabhanu,111,10,संजमविराहगो उप्पन्नो सोहम्मसुरलोगे ।।१३३४॥,0.2791,0.2778,0.704,0.298,-0.0014
bhuvanabhanu,111,11,तत्थ वि पल्लोत्रमपमिअजीविअधरो सुरो अ संजाओ ।,0.2762,0.3036,0.7506,0.325,-0.0012
bhuvanabhanu,111,12,हीणडिओ तओ वि अ चविओ भमिओ भवं जीवो ॥१३३५॥,0.2762,0.3263,0.8106,0.3512,-0.0022
bhuvanabhanu,111,13,एगय कंचणपुरनयरे खेमंकरनरेसरसुओ जो ।,0.2774,0.3542,0.6422,0.3748,-0.0032
bhuvanabhanu,111,14,जाओ अ विजयसेणो नामेण सयलकलावंतो ॥१३३६॥,0.2762,0.3766,0.7174,0.3959,-0.0013
bhuvanabhanu,111,15,तत्थ वि सग्गुरुपासे धम्मं सुणिऊण सयणवग्गं च ।,0.2756,0.4036,0.7244,0.4251,-0.0013
bhuvanabhanu,111,16,मुचूण जेण जणिओ करग्गहो वयसिरिकणीए ।।१३३७॥,0.2762,0.4259,0.7733,0.4491,-0.0023
bhuvanabhanu,111,17,सब्बोहसयागमपमुहा पमुइअमाणसा तहेव इमे ।,0.278,0.459,0.655,0.48,-0.0015
bhuvanabhanu,111,18,मुणिणो जस्स सगासे ठिआ विसालबलकलिआ य ॥१३३८॥,0.2745,0.48,0.7966,0.5028,-0.0022
bhuvanabhanu,111,19,मोहबलेण समं पारद्धो जेणं सुदारुणो अ रणो ।,0.2727,0.5084,0.6841,0.5281,-0.0014
bhuvanabhanu,111,20,जस्स य कयबहुसंगो सयागमो परिचिईभूओ ॥१३३९॥,0.2745,0.5303,0.7582,0.553,-0.0012
bhuvanabhanu,111,21,सब्बोहो वि थिरतमो 'जम्संगमलंकिअं सयाकालं ।,0.2716,0.5573,0.7296,0.5754,-0.0013
bhuvanabhanu,111,22,अयलतरअप्पमाणं कणगाहरणगेण [...] जहा ॥१३४०॥,0.2716,0.5801,0.7477,0.6011,-0.0012
bhuvanabhanu,111,23,संतोसजुओ जो अप्पमत्तगुणठाणलक्खणं झत्ति ।,0.2733,0.6071,0.6818,0.6286,-0.0014
bhuvanabhanu,111,24,आरुहिओ सत्तमयं सिद्धिमहासोहसोवाणं ॥१३४१॥,0.2716,0.6295,0.7104,0.6505,-0.0013
bhuvanabhanu,111,25,......,0.5746,0.5921,0.6154,0.5964,1.5708
bhuvanabhanu,111,26,"तत्थ य जेणं ""कम्माणुगूलयाए कहंचि किर लद्धो ।",0.2721,0.6621,0.7203,0.6831,0.0
bhuvanabhanu,111,27,उवसमसेणिमहावइरदंडओ अइपयंडतमो ॥१३४२॥,0.2704,0.6848,0.7034,0.7037,-0.0013
bhuvanabhanu,111,28,जो कोह-माण-माया-लोहे आहणिअ मत्थए तेण ।,0.2704,0.7115,0.7156,0.7304,-0.0013
bhuvanabhanu,111,29,पाडेइ ता अणंताणुबंधिणोऽणाइरिजभूए ॥१३४३॥,0.2681,0.7342,0.6847,0.7548,-0.0014
bhuvanabhanu,111,30,६भ[स्स] व्पच्छाइ अअग्गिकणसरिच्छा जेण ते कया तुच्छा ।,0.2727,0.7608,0.7809,0.7827,0.0011
bhuvanabhanu,111,31,मिच्छादसणमंती पयडं निद्धाडिओ मुणिणा ॥१३४४॥,0.2704,0.7832,0.7366,0.8046,0.0013
bhuvanabhanu,111,32,१. अर्थवान्-ऋद्धिमान् ॥ २. यमगृहातिथी परलोकवासिनावित्यर्थः ॥ ३. व्रतश्रीकन्यायाः ॥ ४. यस्याङ्गम्,0.1474,0.8386,0.88,0.8574,0.0
bhuvanabhanu,111,33,अलङ्कृतम् सदाकालम् अचलतर-अप्रमाणम् कनकाभरणकेन यथा ॥ ५. कर्मानुकूलतया ॥ ६. भस्मप्रच्छादिताग्नि-,0.0985,0.8605,0.877,0.8815,-0.0007
bhuvanabhanu,111,34,कणसदृशाः ॥,0.0973,0.8888,0.1865,0.9008,0.0
bhuvanabhanu,111,35,Jain Education International,0.0146,0.9747,0.1841,0.9828,0.0
bhuvanabhanu,111,36,For Private & Personal Use Only,0.4196,0.9747,0.62,0.985,0.0
bhuvanabhanu,111,37,www.jainelibrary.org,0.8584,0.9755,0.9848,0.985,0.0
bhuvanabhanu,112,1,भुवणभाणुकेवलिचरियं,0.1101,0.0713,0.3054,0.0919,0.0
bhuvanabhanu,112,2,सुद्ध-ऽद्धसुद्ध-अविसुद्धरूवतिगधारगो इमो पडिओ ।,0.2774,0.1164,0.7343,0.1383,-0.0013
bhuvanabhanu,112,3,चडिओ अट्ठमसोवाणमपुव्वकरणगुणक्खं जो ॥१३४५॥,0.2774,0.1391,0.7413,0.1602,-0.0013
bhuvanabhanu,112,4,गच्छइ तओ वि अनिअट्टबायरगसंपरायनामं च ।,0.278,0.1662,0.7045,0.1872,0.0
bhuvanabhanu,112,5,नवमं सोवाणं सिद्धिमहागेहस्स मुणिनाहो ॥१३४६॥,0.2803,0.1894,0.7343,0.2091,0.0
bhuvanabhanu,112,6,तत्थ नपुंसगवेओ जेणं हणिउं कओ अ गयचिट्ठो ।,0.2762,0.2198,0.7139,0.2413,-0.0013
bhuvanabhanu,112,7,तयणु अ इत्थीवेओ सहसा उवसामिओ जेण ॥१३४७॥,0.2762,0.243,0.7535,0.2645,-0.0012
bhuvanabhanu,112,8,अह हास-रइ-अरइ-सोग-भय-दुगंछासरूवरिउछक्कं ।,0.2751,0.2705,0.7325,0.2915,-0.0013
bhuvanabhanu,112,9,जेणं विणासिऊणं धिक्किजइ पुरिसवेओ अ ॥१३४८॥,0.2756,0.2924,0.7378,0.3152,-0.0013
bhuvanabhanu,112,10,अप्पञ्चक्खाणावरण-पञ्चक्खाणावराभिहा कोहा ।,0.2721,0.3207,0.6865,0.3392,-0.0014
bhuvanabhanu,112,11,संजलणरूवकोबो गयचिट्ठा ताब जेण कया ॥१३४९॥,0.2727,0.3426,0.722,0.3632,-0.0026
bhuvanabhanu,112,12,अपञ्चक्खाणावर-पञ्चक्खाणावराभिहा माणा ।,0.2704,0.3705,0.6678,0.3894,-0.0015
bhuvanabhanu,112,13,संजलणरूवमाणो गयचिट्ठा ताब जेण कया ॥१३५०॥,0.2716,0.3929,0.7255,0.4135,-0.0026
bhuvanabhanu,112,14,अपञ्चक्खाणावर-पञ्चक्खाणावराभिहा माया ।,0.2692,0.4204,0.6597,0.4392,-0.0015
bhuvanabhanu,112,15,संजलणरूवमाया गयचिड्डा ताव जेण कया ॥१३५१॥,0.2681,0.4431,0.7244,0.4633,-0.0013
bhuvanabhanu,112,16,अपञ्च्चक्खाणावर-पञ्च्चक्खाणावराभिहा लोहा ।,0.2681,0.4697,0.6585,0.4891,-0.0015
bhuvanabhanu,112,17,विरइविसेसजुपणं गयचिट्ठा ताब जेण कया ॥१३५२॥,0.2669,0.4933,0.7343,0.5131,0.0
bhuvanabhanu,112,18,संजलणगलोहो पुण ताडिञ्जतो इमो मुणिदेण ।,0.2657,0.5204,0.6824,0.541,0.0
bhuvanabhanu,112,19,सुहुमीभूओ 'नंसिअ निलीणओ दसमसोवाणे ॥१३५३॥,0.2686,0.5427,0.7453,0.5646,0.0
bhuvanabhanu,112,20,दसमे तत्थ सुहुमसंवरायगुणठाणयम्मि चडिऊणं ।,0.2686,0.5693,0.7028,0.5917,0.0
bhuvanabhanu,112,21,सो ताडिऊण लोहो गयचिट्ठो ताव जेण कओ ॥१३५४॥,0.264,0.593,0.7517,0.6136,0.0
bhuvanabhanu,112,22,* नित्तवसुकुडुंबगमाणुसेसु पडिएसु हेउभूपसु ।,0.2681,0.6209,0.6626,0.6406,0.0
bhuvanabhanu,112,23,तम्मयतणुजीओ गयचिट्ठो पडिओ अ मोहनिवो ॥१३५५॥,0.2652,0.6432,0.7471,0.6629,0.0
bhuvanabhanu,112,24,थुल-मूल-सिहा-साहाइसु पडिएसु पडए जहा विडवी ।,0.264,0.6698,0.7558,0.6913,0.0
bhuvanabhanu,112,25,इअ सकुटुंबो मोहचरडो कओ जेण निचिट्ठो ॥१३५६॥,0.2652,0.693,0.7366,0.7132,0.0
bhuvanabhanu,112,26,परमाणंदसुहं अणुहवमाणो विजयसेणनाममुणी ।,0.2634,0.7209,0.6573,0.7402,0.0
bhuvanabhanu,112,27,आरुहिओ पगादसमसिद्धिआवाससोवाणं ॥१३५७॥,0.2611,0.7428,0.7005,0.7634,0.0
bhuvanabhanu,112,28,उवसंतमोहगुणठाणलक्खणे तत्थ ठाइ सोवाणे ।,0.2605,0.775,0.6696,0.7952,0.0014
bhuvanabhanu,112,29,अंतोमुहुत्तमित्तं जो जिणसमसुद्धचारित्तो ॥१३५८॥,0.2617,0.7969,0.7104,0.8205,0.0026
bhuvanabhanu,112,30,समणो अणुत्तरविमाणुववायउचिअसुचित्तपरिणामो ।,0.2599,0.824,0.7226,0.8459,0.0013
bhuvanabhanu,112,31,सुरअसुरसेणिपुज्जो सोवाणे होइ चिडूंतो ॥१३५९॥,0.2611,0.8467,0.6929,0.8686,0.0013
bhuvanabhanu,112,32,१. नंष्ट्वा ॥ २. नेत्रवसु-अष्टाविंशतिः इत्यर्थः ॥,0.1404,0.8991,0.4784,0.9188,0.0
bhuvanabhanu,112,33,Jain Education International,0.0146,0.9751,0.1841,0.9828,0.0
bhuvanabhanu,112,34,९५,0.8636,0.076,0.8934,0.0867,0.0
bhuvanabhanu,112,35,For Private & Personal Use Only,0.4196,0.9747,0.62,0.985,0.0
bhuvanabhanu,112,36,www.jainelibrary.org,0.8584,0.9755,0.9848,0.985,0.0
bhuvanabhanu,113,1,९६,0.102,0.0678,0.1317,0.0799,0.0
bhuvanabhanu,113,2,सिरिईदहंसगणिविरइयं,0.676,0.0614,0.884,0.0799,-0.0028
bhuvanabhanu,113,3,लोहो ताव सचेअणओ किंपि हवइ पुणो वि कोवगओ ।,0.2721,0.1022,0.7716,0.1241,-0.0035
bhuvanabhanu,113,4,पेसइ धूअं अइवल्लह' मप्पसरीर गअभिन्न ॥ १३६०।।,0.2727,0.1249,0.6952,0.1486,-0.0041
bhuvanabhanu,113,5,मुच्छाभिहाणया सा कुविआ कारेश पासदेसगया ।,0.2733,0.1571,0.7133,0.1799,-0.0026
bhuvanabhanu,113,6,*जस्संगोवगरणगाइअमुच्छ बलवई बणिआ ॥१३६१॥,0.2756,0.1786,0.7255,0.2018,-0.0039
bhuvanabhanu,113,7,तीए गलगहिओ जो पच्छम्मुहओ अ बालिओ संतो ।,0.2716,0.2061,0.7448,0.2289,-0.0025
bhuvanabhanu,113,8,दसमगमोवाणाइअकमेण परिवाडिओ ताव ॥१३६२।।,0.2727,0.2289,0.7226,0.2495,-0.0026
bhuvanabhanu,113,9,जो जाब पढमसोवाणगम्मि नीओ समप्पिओ तीए ।,0.271,0.2602,0.7354,0.2795,-0.0025
bhuvanabhanu,113,10,मिच्छार्दसणदुरुगर्मतिवरस्स गसिओ तेण ॥१३६३॥,0.2704,0.283,0.7115,0.3066,-0.0026
bhuvanabhanu,113,11,चलमाणो जो अ सचेअणभूपहिं गहिज्जए झत्ति ।,0.2698,0.3109,0.6958,0.3306,-0.0014
bhuvanabhanu,113,12,तेहिं कुविएहिं रिउवग्गेहि पुव्त्रपहिएहिं ॥१३६४॥,0.2704,0.3319,0.6952,0.3551,-0.0027
bhuvanabhanu,113,13,तक्कारिअभूरिदुरिअभरो गओ एगकरणपमुहेसु ।,0.2704,0.3658,0.6824,0.3864,-0.0028
bhuvanabhanu,113,14,जो भमिऊणं चढिओ नरगाइसु भूरिसंसारं ॥१३६५॥,0.2686,0.3869,0.7325,0.41,-0.0025
bhuvanabhanu,113,15,अह मणुअभूमिमज्झे अत्थि महापुरभिहाणयं नयरं ।,0.2669,0.4139,0.7139,0.4362,-0.0026
bhuvanabhanu,113,16,तत्थ परमसावयगो महडिओ नयरसिट्टिमणी ॥१३६६।।,0.2698,0.4354,0.7424,0.4607,-0.0049
bhuvanabhanu,113,17,नामेण सुनंदो तस्स भारिआ रूत्रधारिणी धन्ना ।,0.2669,0.468,0.6754,0.4891,-0.0043
bhuvanabhanu,113,18,संसारिजीओ जाओ तप्पुत्तो पुंडरीगक्खो ॥१३६७७॥,0.2675,0.4903,0.6917,0.5131,-0.0027
bhuvanabhanu,113,19,जस्स अइसाइणी पाडिवया जाया तओ पुणो जेण ।,0.2669,0.5174,0.7372,0.5401,-0.005
bhuvanabhanu,113,20,अप्पेण वि कालेणं कलाओ पढिआउ पोढाओ ॥१३६८॥,0.2669,0.5393,0.7506,0.562,-0.006
bhuvanabhanu,113,21,थोवं एअं अज्झेअव्वं ति 'असंतुसंतओ संतो ।,0.264,0.5715,0.6672,0.5938,-0.0058
bhuvanabhanu,113,22,पुच्छइ जो मुणिपासे कलाण किर वित्थरो कुत्थ ? ॥१३६९॥,0.2657,0.5934,0.8024,0.6179,-0.0065
bhuvanabhanu,113,23,सव्वाण कलाणं पुव्वेसु समत्थि बहुवित्थरो भद्द ! ।,0.2634,0.626,0.7325,0.6496,-0.0062
bhuvanabhanu,113,24,जेणुत्तं कइ पुष्वाणि ताणि हुंति ? मुणिणा भणिअं ॥१३७०॥,0.2622,0.6471,0.7861,0.6724,-0.0067
bhuvanabhanu,113,25,पुच्छसु तुमं गुरुवरे तओ अ ते जेण पुच्छिआ तेहिं ।,0.2622,0.6793,0.7308,0.7037,-0.0087
bhuvanabhanu,113,26,पुव्वगओ वित्थारो कहिओ सब्बो घि जस्स तओ ॥१३७१।।,0.2617,0.7016,0.7815,0.7261,-0.0078
bhuvanabhanu,113,27,पुव्वाणं अज्झयणे जस्स मणं जायमित्थ अच्वंतं ।,0.2628,0.7342,0.6801,0.7574,-0.0056
bhuvanabhanu,113,28,जंपइ जो गुरुराया पाढह पुव्वाणि मे तुम्हे ॥१३७२॥,0.2593,0.7565,0.7325,0.7793,-0.0049
bhuvanabhanu,113,29,कायब्बो उ पसाओ तुम्हेहिं एस ताव सुगुरूहिं ।,0.257,0.7888,0.6871,0.8111,-0.0041
bhuvanabhanu,113,30,कहिअं पढंति मुणिणो पुव्वाई नेव सजणा ॥१३७३॥,0.2593,0.8111,0.736,0.8351,-0.0049
bhuvanabhanu,113,31,१. आत्मशरीरकाभिन्नाम् ॥ २. यस्य अङ्गोपकरणकादिकमूर्छाम् बलवती वनिता ॥ ३. भवभावनायां,0.1638,0.8669,0.87,0.8914,-0.005
bhuvanabhanu,113,32,ब्रह्मपुरम् इति नामं नगरमस्ति ॥ ४. प्रतिपत् बुद्धिः ॥ ५. असंतुष्यन् ॥ ६. चतुर्दशपूर्वेषु ॥,0.088,0.8892,0.7354,0.915,-0.0054
bhuvanabhanu,113,33,Jain Education International,0.0146,0.9747,0.1841,0.9828,0.0
bhuvanabhanu,113,34,For Private & Personal Use Only,0.4196,0.9751,0.62,0.9854,0.0
bhuvanabhanu,113,35,www.jainelibrary.org,0.8584,0.9755,0.9848,0.985,0.0
bhuvanabhanu,114,1,भुवणभाणुकेवलिचरियं,0.0985,0.0794,0.296,0.1,0.0
bhuvanabhanu,114,2,९७,0.8531,0.085,0.8811,0.0966,0.0
bhuvanabhanu,114,3,जेण कहिज्जइ अ तओ वयदाणं कुणइ 'सयणणुन्नाए ।,0.2657,0.1211,0.7343,0.1426,0.0025
bhuvanabhanu,114,4,जेणं दिक्खा गहिआ गुरुहत्थेणं महिड्डीए ॥१३७४॥,0.2675,0.143,0.7115,0.1692,0.0013
bhuvanabhanu,114,5,पण्णाविसेसओ जेणं सिक्खा तक्खणेण संगहिआ ।,0.2704,0.1748,0.7104,0.1949,0.004
bhuvanabhanu,114,6,३ प्पदिणेहिं चउदस मुणिणा पुव्वाणि भणिआई ॥१३७५।।,0.2704,0.1971,0.7721,0.2211,0.0046
bhuvanabhanu,114,7,अह अट्ठाणगपरिसाठिएण मोहचरडेण नीससिअं ।,0.2675,0.2289,0.7075,0.2508,0.0053
bhuvanabhanu,114,8,पुट्ठो 'महागएहि अन्नेहिं देव ! किं एअं ? ॥१३७६॥,0.2704,0.2508,0.7086,0.2757,0.0053
bhuvanabhanu,114,9,हत्थेण भालथलयं आहणिऊणं च चवह मोहनिवो ।,0.271,0.2834,0.7174,0.3053,0.0052
bhuvanabhanu,114,10,निहया वयं इमेणं जम्हा अम्हाण जो सत्तू ॥१३७७॥,0.271,0.3066,0.7284,0.3293,0.0051
bhuvanabhanu,114,11,सज्जीकओ अ जेणं सयागमो पाढओ समग्गो सो ।,0.2681,0.3375,0.715,0.3581,0.0065
bhuvanabhanu,114,12,*एअपयासिअमम्माणि जो अवगमिस्सइ परो वि ॥१३७८॥,0.2716,0.3594,0.7861,0.3851,0.0079
bhuvanabhanu,114,13,उम्मूलणं करिस्सइ कंदाणं 'अम्हगुत्तजुत्ताणं ।,0.2704,0.3929,0.6667,0.4152,0.0044
bhuvanabhanu,114,14,एस समणो इआणि मिलिओ को दुट्ठसंजोगो १ ॥१३७९॥.,0.2704,0.4143,0.7739,0.4397,0.0058
bhuvanabhanu,114,15,अत्थि स को वि इमं जो संजोगं झत्ति सुविहडावेइ ? ।,0.2698,0.4422,0.7791,0.4654,0.0046
bhuvanabhanu,114,16,निअसामिणं 'सखेअं दहूणं उट्ठिआ नारी ॥१३८०॥,0.2698,0.4646,0.7191,0.4882,0.0078
bhuvanabhanu,114,17,सा नामेणं नारी निद्दा परिवारओ इमो तीए ।,0.2686,0.4972,0.6702,0.5174,0.0029
bhuvanabhanu,114,18,आलस्सं वेगल्लं तणुभंगो अ मुहमोडणयं ॥१३८१॥,0.2692,0.5191,0.7069,0.5414,0.004
bhuvanabhanu,114,19,*जंभा य सुविणदंसण-' 'सरणब्भंसत्ति सा सपरिवारा ।,0.2733,0.5462,0.7791,0.5689,0.0069
bhuvanabhanu,114,20,"काऊणं च ""पमाणं जणिअंजलिआ भिसं भणइ ॥१३८२॥",0.2669,0.5685,0.771,0.5917,0.0046
bhuvanabhanu,114,21,अज्ज वि देव ! 'सदासीसज्झे कजे किमेरिसो खेओ ।,0.2692,0.6003,0.7593,0.623,0.0059
bhuvanabhanu,114,22,किंजइ ? किं कल्ले वि अ तुमए दिटुं न देव ! इर्म ? ॥१३८३॥,0.271,0.6234,0.8071,0.6483,0.0054
bhuvanabhanu,114,23,गहिऊण गलग्गाहं मुच्छाए वालिओ जमेस जिओ ।,0.2698,0.6561,0.7191,0.6775,0.0039
bhuvanabhanu,114,24,एगादसमाओ सोवाणाओ सिद्धिसोहस्स ॥१३८४॥,0.2698,0.6788,0.6999,0.6999,0.0027
bhuvanabhanu,114,25,तमिआणि मज्झ विलसिअं सामि ! तुमं निरिक्खसु तओ अ ।,0.2698,0.711,0.8147,0.7338,0.0032
bhuvanabhanu,114,26,मोहेण विहसिऊणं भणिअं वच्छे ! वरं गच्छ ॥१३८५॥,0.2675,0.7342,0.7314,0.7557,0.0025
bhuvanabhanu,114,27,पूरेसु तुमं निअवंछिअं तओ 'परिगरेण सह एसा ।,0.2704,0.7669,0.7389,0.7892,0.0
bhuvanabhanu,114,28,गच्छइ सच्छंदं चउदसपुव्वधरस्स पासम्मि ॥१३८६॥,0.271,0.7892,0.7348,0.8106,-0.0013
bhuvanabhanu,114,29,१. स्वजनानुज्ञया ॥ २. आस्थानकपर्षत्‌स्थितेन ॥ ३० सभागतैः ॥ ४. एतत्प्रकाशितमर्माणि ॥ ५. अस्मद्गोत्र-,0.1515,0.8325,0.8794,0.8562,-0.0016
bhuvanabhanu,114,30,युक्तानाम् ॥ ६. सुविघटयति-नाशयति ॥ ७. सखेदम् ॥ ८. वैकल्यम् ॥ ९. जृम्भा ॥ १०. स्मरणभ्रंश इति ॥,0.1014,0.8566,0.8765,0.8815,-0.003
bhuvanabhanu,114,31,११. स्वपरिवारं प्रमाणमिति कृत्वा इत्यर्थः ॥ १२. स्वदासीसाध्ये ॥ १३. परिकरेण ॥,0.1031,0.8793,0.6818,0.9008,-0.006
bhuvanabhanu,114,32,१३,0.1486,0.9141,0.1725,0.9304,0.0
bhuvanabhanu,114,33,Jain Education International,0.0146,0.9747,0.1841,0.9828,0.0
bhuvanabhanu,114,34,For Private & Personal Use Only,0.4196,0.9751,0.62,0.9845,0.0
bhuvanabhanu,114,35,www.jainelibrary.org,0.8584,0.9755,0.9848,0.985,0.0
bhuvanabhanu,115,1,९८,0.0979,0.0601,0.1247,0.0713,0.0
bhuvanabhanu,115,2,सिरिइंदहंसगणिविरइयं,0.6719,0.0575,0.8805,0.0773,0.0028
bhuvanabhanu,115,3,जस्स सरीरे तीए आलस्सं पुव्वमेव आणीअं ।,0.2686,0.0983,0.6807,0.1185,0.0
bhuvanabhanu,115,4,'तव्वसगो जो समणो न परावट्टेइ सुत्ताई ॥१३८७॥,0.2733,0.1198,0.7249,0.1413,0.0
bhuvanabhanu,115,5,पुव्वाणं अवरेसि सत्थाणऽत्थं न चिंतए जो य ।,0.2692,0.1477,0.6923,0.1679,0.0
bhuvanabhanu,115,6,एवं ति-चउरवासरगमणे मुणिणो वयंति परे ॥१३८८॥,0.2686,0.17,0.7442,0.1902,0.0
bhuvanabhanu,115,7,जइ निरवजा विज्जा पढिआ गुणणेण ता थिरीकुणसु ।,0.2675,0.2022,0.7477,0.2228,0.0
bhuvanabhanu,115,8,इअ पेरिऊण उबवेसिओ बलेण गुणणस्स मुणी ॥१३८९॥,0.2686,0.2241,0.7663,0.2452,0.0
bhuvanabhanu,115,9,अह पेसिओ पमीलाए सेसो परिगरो निओ सब्वो ।,0.2663,0.2512,0.7471,0.2701,0.0012
bhuvanabhanu,115,10,तेणं गहिओ समणो 'भूआविट्ठ व्व भूओ जो ॥१३९०॥,0.2675,0.2744,0.7477,0.2967,0.0012
bhuvanabhanu,115,11,जंभाहिं पिटुं जो मोडइ *उड्डीकरेइ बाहुजुगं ।,0.2669,0.3061,0.6766,0.3302,0.0014
bhuvanabhanu,115,12,भंजइ अंगुलिआओ 'पयाइअंगाणि विक्खिवइ ।।१३९१॥,0.2698,0.3336,0.7547,0.3534,0.0
bhuvanabhanu,115,13,इअ विविहपयारेहिं 'उंघा नामेइ जस्स ताव मुहं ।,0.2704,0.3658,0.7232,0.3856,0.0
bhuvanabhanu,115,14,भामेइ अहो पुरओ अ पिठ्ठओ पासओ वीसुं ॥१३९२॥,0.2675,0.3886,0.7383,0.4096,0.0
bhuvanabhanu,115,15,गणणाइउबक्कमगे कारिज्जंतम्मि थविरसमणेहिं ।,0.2686,0.4156,0.6836,0.4341,0.0
bhuvanabhanu,115,16,न वि पुंडरीअमुणिणो विणिग्गयं अक्खरं मुहओ ।।१३९३॥,0.2686,0.4384,0.771,0.4603,0.0
bhuvanabhanu,115,17,अह रत्तीए अकंतो निहाए दर्द समावडइ ।,0.2663,0.4714,0.6445,0.4912,0.0
bhuvanabhanu,115,18,संथारगाइविरहम्मि जत्थ तत्थ व पपसे जो ॥१३९४॥,0.2704,0.4938,0.7436,0.5127,0.0
bhuvanabhanu,115,19,जो 'कठ्ठखंडगं पिव निहाए विगयचेअणीभूओ ।,0.2675,0.5204,0.69,0.5414,0.0
bhuvanabhanu,115,20,सुवप जाव दिणमुहं विसंठुलकलेवरावयवो ॥१३९५॥,0.2675,0.5427,0.729,0.5638,0.0
bhuvanabhanu,115,21,पडिकमणगवेलाए उ जागरो ठिजए दुहेणं जो ।,0.2686,0.5749,0.6847,0.5964,-0.0014
bhuvanabhanu,115,22,इअ अन्नदिणे वि थविरसमणेहिं ठाविओ गुणिउं ॥१३९६।।,0.2698,0.5977,0.778,0.6183,0.0
bhuvanabhanu,115,23,अह उंघाए जो पाडिओ सिरं कुप्पराणि जाणूणि ।,0.2675,0.629,0.7168,0.6518,-0.0013
bhuvanabhanu,115,24,जुगवं भग्गाई भूमीआवापण तक्कालं ॥१३९७७॥,0.2681,0.6535,0.6521,0.6741,0.0
bhuvanabhanu,115,25,एवं च जाव किंचि वि न जंपए ताव थविरसाहुजणो ।,0.2692,0.6801,0.7599,0.7012,0.0
bhuvanabhanu,115,26,मोणमवलंबिऊणं ठिओ गुणेइ अ सयं सुत्तं ॥१३९८॥,0.2663,0.7033,0.7232,0.7235,0.0
bhuvanabhanu,115,27,पइदिअहं निहाए वड्डूंतीए पडिक्कमणकाले ।,0.2675,0.7351,0.6463,0.7591,0.0
bhuvanabhanu,115,28,जो कारिओ अ नहं अहो ! अपुव्वं नडीइ व्व ॥१३९९॥,0.2669,0.763,0.7523,0.7836,0.0
bhuvanabhanu,115,29,वयणविआरा विविहा लोअणभंगा तहा अणेगविहा ।,0.2669,0.7952,0.7273,0.8137,-0.0013
bhuvanabhanu,115,30,*पयकरविन्नासो विअ अणेरिसो जस्स नट्टविही ॥१४००।,0.2698,0.8162,0.7762,0.839,-0.0035
bhuvanabhanu,115,31,१. तद्वशगः ॥ २. शास्त्राणाम् ॥ ३. प्रमीलया-निद्रया ॥ ४. भूताविष्ट इव ॥ ५. ऊर्धीकरोति ॥ ६.,0.1457,0.8695,0.8741,0.8905,-0.0016
bhuvanabhanu,115,32,पदादिअङ्गानि विक्षिपति ॥ ७. निद्रा ॥ ८. काष्ठखण्डकम् ॥ ९. पदकरविन्यासः ॥,0.0944,0.8927,0.6568,0.9128,-0.0021
bhuvanabhanu,115,33,Jain Education International,0.0146,0.9747,0.1841,0.9828,0.0
bhuvanabhanu,115,34,For Private & Personal Use Only,0.4196,0.9751,0.62,0.9854,0.0
bhuvanabhanu,115,35,www.jainelibrary.org,0.8584,0.9755,0.9848,0.985,0.0
bhuvanabhanu,116,1,भुवणभाणुकेवलिचरियं,0.0932,0.0739,0.2879,0.0945,-0.003
bhuvanabhanu,116,2,९९,0.8438,0.079,0.8747,0.091,0.0
bhuvanabhanu,116,3,सवसीभूअऽप्पाणं जणेइ हासं च जो मुणी बहुअं ।,0.2611,0.1202,0.7005,0.1421,0.0013
bhuvanabhanu,116,4,'तत्तविऊण जणाण वि अच्छेरं कुणइ किं एअं ? ॥१४०१॥,0.2652,0.1426,0.7657,0.1627,0.0012
bhuvanabhanu,116,5,अपरावडूंतस्स य अचिंतमाणस्स विसमनिद्दस्स ।,0.2628,0.1739,0.6795,0.1945,0.0014
bhuvanabhanu,116,6,सच्छिद्दहत्थसलिलं व सुअं विगलेइ जस्स सया ॥१४०२॥,0.2634,0.1954,0.7751,0.2173,0.0023
bhuvanabhanu,116,7,सुहुमगहणत्थरासी विस्सरणं गच्छए समग्गो वि ।,0.2634,0.2241,0.7249,0.246,0.0013
bhuvanabhanu,116,8,जस्स जह सुअं भंसइ तहा हवइ जो निराकंखो ॥१४०३॥,0.2634,0.2465,0.7751,0.2679,0.0011
bhuvanabhanu,116,9,निद्दासुहं 'विसाओ वि अब्भहिअमसुहकारणं एअं ।,0.2652,0.2782,0.7185,0.2993,0.0013
bhuvanabhanu,116,10,*अमिअं पिव मन्नतो रयणीए जो जहा सुबइ ॥१४०४॥,0.2681,0.3001,0.7488,0.3212,0.0024
bhuvanabhanu,116,11,चिटुइ दिणम्मि वि तहा सुत्तो सुत्तं असेसयं गलिअं ।,0.264,0.3315,0.7418,0.3529,0.0012
bhuvanabhanu,116,12,गुरुणा भणिजए वच्छ ! पुंडरीआभिहाणमुणे! ॥१४०५।।,0.2663,0.3542,0.7273,0.3757,0.0
bhuvanabhanu,116,13,सिद्धंतं पढिउं पुण उच्छाहेणं तहाविष्हेण वयं ।,0.2652,0.3826,0.676,0.4023,0.0
bhuvanabhanu,116,14,गहिअं तुमए दुहओ पाढो एसो उ संजाओ ॥१४०६।॥,0.2652,0.4049,0.7267,0.4255,0.0013
bhuvanabhanu,116,15,नरलोअरजसुरलोअसुक्खमुक्खेगदाणसुररुक्खो ।,0.2652,0.4367,0.6772,0.4577,0.0014
bhuvanabhanu,116,16,जिणभासिअं तु सत्थं गुणिअव्वं इममणत्थहरं ॥१४०७॥,0.2634,0.459,0.7448,0.48,0.0012
bhuvanabhanu,116,17,नारय-तिरिआइअदुहसंदोहपयाणकारणम्मि तुमं ।,0.2646,0.4865,0.7016,0.5079,0.0013
bhuvanabhanu,116,18,निद्दासुहम्मि रत्तो निरत्थयं वट्टसि मुणे ! किं ? ॥१४०८॥,0.2657,0.5075,0.7721,0.5311,0.0058
bhuvanabhanu,116,19,निद्धंधसो अ समणो भासइ भयवं ! करेइ को निहं ? ।,0.278,0.5401,0.7663,0.5625,0.0036
bhuvanabhanu,116,20,केणावि इमं वितहं तुम्हाणं अग्गओ कहिथं ॥१४०९॥,0.264,0.5625,0.7232,0.5839,0.0038
bhuvanabhanu,116,21,जम्हा कल्ले वि मए एअपमाणं सुअं इमं गुणिअं ।,0.2622,0.5904,0.6946,0.6123,0.0027
bhuvanabhanu,116,22,चिंतेइ तओ सुगुरू अहो ! परं एअमब्भहिअं ॥१४१०।।,0.2657,0.6127,0.7273,0.6337,0.0038
bhuvanabhanu,116,23,जं अवलवेइ पञ्च्चक्खमत्रि मुणी सञ्चयं च नो चवइ ।,0.2646,0.6436,0.7296,0.6655,0.005
bhuvanabhanu,116,24,अन्नय जो निहाए समणो विसघारिउ व्व कओ ॥१४११।।,0.2634,0.666,0.7838,0.6891,0.0056
bhuvanabhanu,116,25,"सद्देण महंतेण वि सहमदितो ""दिवासुविणदंसी ।",0.264,0.6986,0.701,0.7205,0.0027
bhuvanabhanu,116,26,विविहविगारगयमुहो सुत्तो दिड्ट्ठो रिसी गुरुणा ॥१४१२॥,0.2675,0.7205,0.7686,0.7441,0.0047
bhuvanabhanu,116,27,काऊणं बहुसद्दे गुरुणा जग्गाविऊण भणिओ जो ।,0.2652,0.7514,0.697,0.7754,0.004
bhuvanabhanu,116,28,एवं बोल्लुसि भो पुंडरीअ ! न सुवसि (सुवेमि) ताव अहं ॥१४१३॥,0.2663,0.7742,0.8491,0.8008,0.006
bhuvanabhanu,116,29,तं किं एअं स चवइ कुत्थ किमेअं गुरो ! अहं सुविओ ? ।,0.2657,0.8064,0.7751,0.83,0.0069
bhuvanabhanu,116,30,इअ तुम्हाणं 'भंती अज्ज वि गुणणापरो उ अहं ॥१४१४।।,0.2675,0.8295,0.7652,0.8514,0.0047
bhuvanabhanu,116,31,१. तत्त्वविदाम् ॥ श्रुतम्-शास्त्रम् ॥ ३. विस्मरणम् ॥ ४. विषात् ॥ ५. अमृतम् ॥ ६. निर्लज्जः ॥,0.1503,0.8802,0.873,0.9017,0.0024
bhuvanabhanu,116,32,७. विषघारितः ॥ ८. दिवास्वप्नदर्शी ॥ ९. भ्रान्तिः ॥,0.0985,0.9025,0.4761,0.9197,0.0
bhuvanabhanu,116,33,Jain Education International,0.0146,0.9747,0.1841,0.9828,0.0
bhuvanabhanu,116,34,For Private & Personal Use Only,0.4196,0.9747,0.62,0.985,0.0
bhuvanabhanu,116,35,www.jainelibrary.org,0.8584,0.9755,0.9848,0.985,0.0
bhuvanabhanu,117,1,१००,0.095,0.0704,0.1346,0.085,0.0
bhuvanabhanu,117,2,१. विपर्यासः ॥,0.1428,0.8982,0.2453,0.9146,0.0
bhuvanabhanu,117,3,Jain Education International,0.0146,0.9751,0.1841,0.9828,0.0
bhuvanabhanu,117,4,सिरिइंदहंसगणिविरइयं,0.6672,0.07,0.8718,0.0884,0.0
bhuvanabhanu,117,5,गुरुराय ! जया सुत्तत्थं चिंतेमि अहमयलचित्तो उ ।,0.2669,0.1082,0.7145,0.1301,0.0013
bhuvanabhanu,117,6,सव्वेसि तया सुत्तो एसो एवं भमो हवइ ॥१४१५।।,0.2663,0.1318,0.708,0.152,0.0013
bhuvanabhanu,117,7,समणो थूलमुसावाइ त्ति विरत्ता उ सव्वहा गुरुणो ।,0.2634,0.1589,0.7273,0.1803,0.0013
bhuvanabhanu,117,8,मुणिणो वि तहा जंपइ पेरिजंतो असंबद्धं ॥१४१६॥,0.2652,0.1812,0.7121,0.2009,0.0
bhuvanabhanu,117,9,दोसं गच्छइ समणो जो सव्वेहिं उविक्खिओ तेण ।,0.2646,0.2095,0.7214,0.2271,0.0
bhuvanabhanu,117,10,पासे परिवारो मोहपेरिओ आगओ जस्स ॥१४१७॥,0.264,0.2314,0.708,0.2503,0.0013
bhuvanabhanu,117,11,तत्तो दूरीभूओ सयागमो सव्वहा जओ विमुहो ।,0.2652,0.2585,0.6888,0.2808,0.0014
bhuvanabhanu,117,12,नट्ठो पुण सब्बोहो गओ अ चारित्तधम्मो वि ॥१४१८॥,0.2663,0.2821,0.7115,0.3018,0.0013
bhuvanabhanu,117,13,गच्छइ पढमं चिअ जाव सव्वविरई सुदंसणअमच्चो ।,0.2657,0.3074,0.7063,0.3276,0.0013
bhuvanabhanu,117,14,सो वि पणट्ठो मिच्छत्तमंतिओ आगओ झत्ति ॥१४१९॥,0.2617,0.331,0.7197,0.3504,0.0
bhuvanabhanu,117,15,एवं सव्वेहि वि मिलिऊणं पज्जंतकालए जो अ ।,0.2646,0.3577,0.701,0.3761,0.0013
bhuvanabhanu,117,16,निद्दाघुरुघुरुगे किर खित्तो मरणेण संहरिओ ॥१४२०॥,0.2652,0.38,0.7366,0.4015,0.0012
bhuvanabhanu,117,17,भमिओ निगोअमज्झे तहा य एसिंदिपसु गंतूणं ।,0.2652,0.4066,0.6888,0.4298,0.0014
bhuvanabhanu,117,18,संसारे जो माणुसजम्मो हा ! हारिओ लद्धो ॥१४२१॥,0.2628,0.4307,0.7354,0.4504,0.0
bhuvanabhanu,117,19,अह चिंत्तवित्तिनामाडवीइ सुविवेगतुंग गिरिसिंगे ।,0.264,0.4616,0.641,0.4826,0.0015
bhuvanabhanu,117,20,अपमत्तनामकूडे जिणिंदपुरनामयं नयरं ॥१४२२॥,0.2634,0.4865,0.6399,0.5049,0.0
bhuvanabhanu,117,21,तत्थ विगयउच्छाहा मिलिआ सव्वे वि ते निराणंदा ।,0.2652,0.5122,0.7389,0.5311,0.0012
bhuvanabhanu,117,22,चारित्तधम्मनरवइपमुहा पगत्थ उवविट्ठा ॥१४२३॥,0.2646,0.5359,0.6707,0.5565,0.0014
bhuvanabhanu,117,23,जंपंति ताव एए मिहो अहो ! तुम्ह पिक्खह सुदक्खा ।,0.2628,0.5668,0.7471,0.5887,0.0012
bhuvanabhanu,117,24,किं इत्थ किजए ? मोहनिवस्स सहायगा बहुणो ॥१४२४॥,0.2663,0.5895,0.7564,0.6114,0.0012
bhuvanabhanu,117,25,उच्छिर्दिते उ अभव्व-दूरभव्वाभिहाणया एए ।,0.2663,0.6166,0.6649,0.6368,0.0
bhuvanabhanu,117,26,अक्खलिअ भममाणा मूलाओ पक्खमम्हाणं ॥१४२५॥,0.2652,0.6393,0.7139,0.6612,0.0013
bhuvanabhanu,117,27,अम्हेहिं तु सहाओ एगो लद्धो इमो धुवं सो वि ।,0.264,0.6724,0.7022,0.693,0.0
bhuvanabhanu,117,28,अम्हाणं मिलिओ किर बहुलेणं ताव कालेणं ॥१४२६॥,0.2646,0.6947,0.7354,0.7153,0.0
bhuvanabhanu,117,29,आरोविज्जइ एसो अम्हेहिं जाव गुरुगुणेसु जिओ ।,0.2663,0.7209,0.7069,0.7424,0.0
bhuvanabhanu,117,30,अम्हाण सहायत्तं पडिवजइ सो पुणो किं पि ॥१४२७॥,0.264,0.7437,0.7471,0.7651,-0.0012
bhuvanabhanu,117,31,ताव इमस्स स को वि 'विवज्जासो हवइ जेण जो मिलइ ।,0.2611,0.7759,0.7937,0.7952,0.0
bhuvanabhanu,117,32,तेसि मोहाइरिऊण चिअ विडंबिजप तेहिं ॥१४२८।।,0.264,0.7982,0.7045,0.8175,0.0
bhuvanabhanu,117,33,एसो तहेव दुहिओ वयं तु एअस्स सुहसमुप्पायं ।,0.2652,0.8261,0.6981,0.848,-0.0013
bhuvanabhanu,117,34,काउं उवक्कमामो मूढो जो मुणइ नेव इमं ॥१४२९॥,0.2628,0.8493,0.7098,0.8712,-0.0013
bhuvanabhanu,117,35,For Private & Personal Use Only,0.4196,0.9747,0.62,0.985,0.0
bhuvanabhanu,117,36,www.jainelibrary.org,0.8584,0.9755,0.9848,0.985,0.0
bhuvanabhanu,118,1,भुवणभाणुकेवलिच रियं,0.1031,0.076,0.2978,0.0966,-0.003
bhuvanabhanu,118,2,अवरं च जत्थ उवसंतमोहपुव्वधरगाइअपपसु ।,0.2704,0.1172,0.6748,0.1357,0.0
bhuvanabhanu,118,3,आरोविओ वि पडिउं मोहाइरिऊण जो मिलइ ॥१४३०॥,0.2727,0.1374,0.757,0.1576,-0.0012
bhuvanabhanu,118,4,किं तत्थ वयं बूमा ? कत्थ य जामो ? त्ति विहसिऊण तओ ।,0.2704,0.164,0.8112,0.1863,-0.0011
bhuvanabhanu,118,5,सब्बोहो बोलइ भा ! तुम्हाणं का 'मुहा अत्ती ॥१४३१॥,0.2716,0.1872,0.7692,0.2087,-0.0012
bhuvanabhanu,118,6,किं नव्वमिमं एसो अणाइकालपभवो उ ववहारो ।,0.2716,0.2151,0.7063,0.2344,-0.0013
bhuvanabhanu,118,7,अज्ज वि संसारिजिएहि भवम्मि मिस्सए बहुअं ॥१४३२॥,0.2692,0.2366,0.7844,0.2589,-0.0011
bhuvanabhanu,118,8,कुणमाणेसु हिअं आरोवंतेसु वि पपसु गुरुपसु ।,0.2698,0.2688,0.6847,0.2907,-0.0028
bhuvanabhanu,118,9,तुम्हासु ते उवसंतपुव्वधरआइणो पडिआ ॥१४३३॥,0.2704,0.2911,0.7086,0.3139,-0.0027
bhuvanabhanu,118,10,मोहाईणं मिलिआ भमंति उक्कट्ठउ धुवं एए ।,0.2686,0.3186,0.6428,0.3392,-0.0016
bhuvanabhanu,118,11,संसारं परवसगा अब पुग्गलपरावद्वं ॥१४३४॥,0.271,0.3409,0.6707,0.3641,-0.0029
bhuvanabhanu,118,12,एस अणंतजिआणं अणाइकालेण ताव ववहारो ।,0.2704,0.3684,0.683,0.3873,-0.0028
bhuvanabhanu,118,13,जाओ तओ किमच्छेरयं ? पडिच्छह समयमप्पं ॥१४३५॥,0.2698,0.3894,0.7622,0.4105,-0.0047
bhuvanabhanu,118,14,पअस्स सहायस्स बलेणं रिऊणं खयं वयं काउं ।,0.2716,0.4225,0.6993,0.441,-0.0027
bhuvanabhanu,118,15,पयडपयावा होमो सुइवंतमिमं जिअं कुणिमो ॥१४३६॥,0.2716,0.4453,0.7523,0.4663,-0.0024
bhuvanabhanu,118,16,इअ वितहो अभिमाणो तुम्हाणं जेण हवइ ताव तया ।,0.2733,0.4714,0.7477,0.4929,-0.0025
bhuvanabhanu,118,17,सुहसंपत्ती अ जया जिअस्स किर भाविणी अव्वो ! ॥१४३७।।,0.2704,0.4942,0.8059,0.5161,-0.0022
bhuvanabhanu,118,18,अम्हेहिं एगो उवलद्धो साहजकारणे जीओ ।,0.2704,0.5217,0.6533,0.5406,-0.0015
bhuvanabhanu,118,19,तुम्हेहिं जं वुत्तं अचिंतणिज्जं इमं सव्वं ॥१४३८॥,0.271,0.5432,0.6946,0.5659,-0.0028
bhuvanabhanu,118,20,जम्हा भूरिसहाया अवि एए मोहपमुहपडिवक्खा ।,0.2704,0.5715,0.7069,0.5934,-0.0027
bhuvanabhanu,118,21,तुम्हाणं पसरंताण रोहणं काउमेव पहू ॥१४३९।।,0.2698,0.5938,0.6836,0.6153,-0.0042
bhuvanabhanu,118,22,तुम्हे अप्पसहाया अवि सुसमत्था विवक्खघायम्मि ।,0.2704,0.6247,0.7319,0.6462,-0.0025
bhuvanabhanu,118,23,इअ पिक्खह जं एगो करिस्सइ 'किमाउला होह ? ॥१४४०।।,0.2716,0.6466,0.7978,0.6677,-0.0022
bhuvanabhanu,118,24,सव्वे जंपंति अहो ! सब्बोहेण भणिअं इणं साहु ।,0.2716,0.6745,0.7034,0.6956,-0.0027
bhuvanabhanu,118,25,कम्मनरिंदेणुप्पाइओ जिओ ताव नरखित्ते ॥१४४१॥,0.2704,0.6964,0.708,0.7188,-0.0027
bhuvanabhanu,118,26,पउमथलनामनयरं महानिवो सीहविक्कमो तत्थ ।,0.2721,0.7235,0.6428,0.7441,-0.0047
bhuvanabhanu,118,27,तस्स पिआ य कमलिणी ताणं पुत्तो उ जो जाओ ॥ १४४२॥,0.2698,0.7462,0.7914,0.7677,-0.0034
bhuvanabhanu,118,28,सीहरहो इअ नामं सुअस्स पिउणा कयं इमा वत्ता ।,0.2704,0.7784,0.7075,0.8003,-0.0053
bhuvanabhanu,118,29,कम्ममहानरवइणा कहाविआ तक्खणं तेसि ॥१४४३॥,0.2704,0.7995,0.7156,0.8227,-0.0065
bhuvanabhanu,118,30,नणु तुम्हेहिं वद्धावणयं कायव्वमेस जेण जिओ ।,0.2704,0.8278,0.6958,0.8502,-0.0055
bhuvanabhanu,118,31,अज्जदिणाओ तुम्हाण पक्खपोसं करिस्सइ जं ॥१४४४॥,0.2698,0.8502,0.7483,0.8716,-0.0049
bhuvanabhanu,118,32,१. मुधा ॥ २. अत्तिः पीडेत्यर्थः ॥ ३. किमाकुलाः ॥,0.1533,0.8987,0.5326,0.921,-0.0031
bhuvanabhanu,118,33,Jain Education International,0.0146,0.9747,0.1841,0.9828,0.0
bhuvanabhanu,118,34,१०१,0.8409,0.0769,0.8823,0.0923,0.0
bhuvanabhanu,118,35,For Private & Personal Use Only,0.419,0.9751,0.62,0.9858,0.0
bhuvanabhanu,118,36,www.jainelibrary.org,0.8584,0.9755,0.9848,0.985,0.0
bhuvanabhanu,119,1,१०२,0.1014,0.0648,0.1393,0.0807,0.0
bhuvanabhanu,119,2,सिरिइंदहंसगणिविरइयं,0.6696,0.064,0.877,0.0833,0.0
bhuvanabhanu,119,3,अह सब्बोहसयागमपयडीकयगुणवरेसु एस जिओ ।,0.2698,0.1056,0.722,0.1254,0.0
bhuvanabhanu,119,4,आरोहंतो 'सक्किजए न केणावि पाडेउं ॥१४४५॥,0.2698,0.1271,0.6946,0.1464,0.0014
bhuvanabhanu,119,5,इत्थ भवम्मि मए विअरिओ सहाओ उ पुण्णुदयनामो ।,0.2704,0.1593,0.7622,0.1803,0.0
bhuvanabhanu,119,6,एअस्स चिट्ठए तं पोसिस्सइ जो सयाकालं ।॥१४४६॥,0.2704,0.1812,0.7267,0.2014,0.0
bhuvanabhanu,119,7,नय पावोदयपोसं करिस्सइ कथावि जो तओ जीओ ।,0.2704,0.2091,0.7552,0.2276,0.0
bhuvanabhanu,119,8,मोहाइरिऊणं जुग्गो न भविस्सइ अहो ! ताव ॥१४४७॥,0.2675,0.2314,0.7372,0.2516,0.0
bhuvanabhanu,119,9,जाव इमेण जिएर्ण पविसिज्जइ मुत्तिनामनयरीए ।,0.2681,0.2628,0.6941,0.2821,0.0
bhuvanabhanu,119,10,एअं सुणिअ हरिसिआ समुट्ठिआ दंसणप्पमुहा ॥१४४८।।,0.2698,0.286,0.7541,0.3061,0.0
bhuvanabhanu,119,11,बंधंति तोरणाई जिर्णिदनयरम्मि तेण कणगकुंभे ।,0.2681,0.3134,0.6871,0.3328,0.0
bhuvanabhanu,119,12,पउमपिहाणपहाणे मोआवंति गिहबारेसु ॥१४४९॥,0.2686,0.3358,0.6976,0.3555,0.0
bhuvanabhanu,119,13,काराविज्जइ आवणसोहा सव्वत्थ वंसअग्गेसु ।,0.2669,0.368,0.6684,0.3877,0.0
bhuvanabhanu,119,14,जेहिं अवलंबिज्जंति रत्तसोहंतवत्थाई ॥१४५०॥,0.2652,0.3894,0.6562,0.4083,0.0
bhuvanabhanu,119,15,दावंति मिगमयसहिअसिरिखंडसलिलछडाउ रायपहे ।,0.2663,0.4165,0.7389,0.4358,0.0
bhuvanabhanu,119,16,कणगरयणदाणाई तहा य ते अभयदाणाई ॥१४५१॥,0.2675,0.4397,0.708,0.4599,0.0
bhuvanabhanu,119,17,वाइज्जते तुरिआई कारिज्जंति तेहिं नट्टाई ।,0.2657,0.471,0.655,0.4921,0.0
bhuvanabhanu,119,18,पइदिणमिमो अ सीहरहो नमइ जिणे अ आजम्मं ॥१४५२।।,0.2681,0.4938,0.7552,0.5135,0.0
bhuvanabhanu,119,19,जो कुणइ गुरुपणामं गच्छइ पिउणा समं जिणगिहेसु ।,0.2652,0.5204,0.7413,0.5414,-0.0012
bhuvanabhanu,119,20,तोसं पावइ मुणिदंसणेण सुणेइ तव्वयणं ॥१४५३॥,0.2657,0.5436,0.6935,0.5638,0.0
bhuvanabhanu,119,21,मुणिदिजमाणअसणाइअदंसणओ उवेइ हरिसं जो ।,0.2663,0.5749,0.7092,0.5955,0.0
bhuvanabhanu,119,22,पइदिणमिअ पुण्णोदयपोसो जस्स गयदोसो अ ॥१४५४॥,0.2657,0.5973,0.7587,0.6179,-0.0012
bhuvanabhanu,119,23,*तक्कयसाहज्जेणं जेण पढिआउ अप्पकालेणं ।,0.2681,0.6243,0.6521,0.6428,-0.0015
bhuvanabhanu,119,24,सयलाओ सुकलाओ तओ अ तरुणत्तणं पत्तो ॥१४५५॥,0.2663,0.6475,0.7331,0.6677,-0.0012
bhuvanabhanu,119,25,जस्स य जायं रूवं वम्महअइसाइ सुंदरत्तेणं ।,0.2646,0.6801,0.6614,0.6977,0.0
bhuvanabhanu,119,26,ललिअविलासो सुरवरलीलासरिसो हवइ एसो ॥१४५६॥,0.264,0.7012,0.7547,0.7218,-0.0012
bhuvanabhanu,119,27,न रमइ विसपसु मणं जस्स मयच्छीकहा पिआ नेत्र ।,0.2657,0.7286,0.7494,0.748,0.0
bhuvanabhanu,119,28,तप्पाणिग्गहणकरणमिच्छइ मणसा वि जो नेव ॥१४५७৷৷,0.2646,0.7505,0.7541,0.7699,0.0
bhuvanabhanu,119,29,सेवइ समणे तेसिं पासम्मि सुणेइ धम्मसत्थाणि ।,0.2628,0.7819,0.697,0.8033,-0.0013
bhuvanabhanu,119,30,जो भावेइ भवसरूवं तत्तो हवइ उ विरत्तो ॥१४५८॥,0.264,0.8055,0.7232,0.8244,0.0
bhuvanabhanu,119,31,अभिकंखइ मुक्खसुहं संसारविलक्खणं च जो दङ्गखो ।,0.264,0.8325,0.7372,0.8527,0.0
bhuvanabhanu,119,32,चउनाणधरो गुणनिहिनामो सुगुरू तहिं पत्तो ॥१४५९॥,0.2634,0.8549,0.7133,0.8751,-0.0013
bhuvanabhanu,119,33,१. शक्यते ॥ २. तत्कृतसाहाय्येन ॥,0.1434,0.8952,0.3992,0.9128,0.0
bhuvanabhanu,119,34,Jain Education International,0.0146,0.9751,0.1841,0.9828,0.0
bhuvanabhanu,119,35,For Private & Personal Use Only,0.4196,0.9747,0.62,0.985,0.0
bhuvanabhanu,119,36,www.jainelibrary.org,0.8584,0.9755,0.9848,0.985,0.0
bhuvanabhanu,120,1,भुवणभाणुकेवलिचरियं,0.1014,0.0683,0.2943,0.0889,0.0
bhuvanabhanu,120,2,१०३,0.8386,0.073,0.8788,0.0893,0.0
bhuvanabhanu,120,3,जेण सुअं वित्थरओ धम्मसरूवं सुगुरुसमीवम्मि ।,0.264,0.1099,0.7005,0.1305,0.0
bhuvanabhanu,120,4,जणणी-जणगाणुन्नाइ जेण गहिआ पुणो दिक्खा ॥१४६०॥,0.2646,0.1318,0.7663,0.1524,0.0
bhuvanabhanu,120,5,तत्तो सब्बो जं अणुचरेइ चारित्तधम्मपरिवारो ।-,0.2675,0.1632,0.6923,0.1833,0.0
bhuvanabhanu,120,6,भिसमणुरत्ता सव्वविरई 'तिजयरज्जदा जाया ॥ १४६१।,0.2628,0.1851,0.7488,0.2057,0.0
bhuvanabhanu,120,7,सब्बोहो न मुंचइ खणमवि पासं च सम्मदंसणयं ।,0.2646,0.2138,0.7127,0.2331,0.0
bhuvanabhanu,120,8,सच्वंगेण परिणमइ परिधेइ पवयणकवयं जो ॥१४६२॥,0.2663,0.2357,0.7517,0.255,0.0
bhuvanabhanu,120,9,संतोससिरप्त्ताणं धरमाणो भावणंगिआकलिओ ।,0.2646,0.2675,0.6789,0.2847,0.0
bhuvanabhanu,120,10,अपमायमहागयमारुहेइ समणो बलेण जुओ ॥१४६३॥,0.2634,0.2907,0.7197,0.31,0.0
bhuvanabhanu,120,11,* वसुससिसहस्ससीलंगपवरतलवग्गिआवरिअमज्झो ।,0.2628,0.3164,0.7139,0.3371,-0.0013
bhuvanabhanu,120,12,उचिअपुण्णोदयदंडनायगं जो ठवेइ पुरो ॥ १४६४॥,0.2652,0.3396,0.7075,0.3607,-0.0013
bhuvanabhanu,120,13,पइसमय उल्लसंतसुहऽज्झवसायभडकोडिकयसेवो ।,0.2634,0.3663,0.6859,0.3864,-0.0014
bhuvanabhanu,120,14,मोहबलेणं च समं विसमरणं कुणइ सीहरहो ॥१४६५॥,0.2611,0.389,0.7145,0.4096,-0.0013
bhuvanabhanu,120,15,तत्थ य ताडेइ महंतमोहचरडहिअयं समणसूरो ।,0.2657,0.4212,0.6754,0.4405,0.0
bhuvanabhanu,120,16,तिक्खगअमूढभावाभिहाणकुंतग्गओ सिग्धं ॥ १४६६॥,0.2622,0.4431,0.697,0.4646,0.0
bhuvanabhanu,120,17,दंसण-नाणग-संजमबाणतिगेणं च हणइ समकालं ।,0.2617,0.4702,0.7005,0.4891,0.0
bhuvanabhanu,120,18,जो 'रागपंचमुह-दोसगईदमहंतमंडलिप ॥१४६७॥,0.2611,0.4929,0.6591,0.5122,0.0
bhuvanabhanu,120,19,नीसेस पाणिकरुणापरिणामसरेण जो विदारेइ ।,0.2605,0.5191,0.6707,0.5384,0.0
bhuvanabhanu,120,20,हिंसाअज्झवसायाभिहाणबलवंतसामंतं ॥१४६८॥,0.2611,0.5423,0.6626,0.5625,-0.0015
bhuvanabhanu,120,21,*सञ्चवयणमुग्गरघापणं छिंदइ असच्चभडसीसं ।,0.2657,0.5732,0.662,0.5951,-0.0015
bhuvanabhanu,120,22,सोअअसिणा य चोरिअचोरं चूरेइ चारुतवो ।।१४६९॥,0.2745,0.5964,0.7448,0.6157,0.0
bhuvanabhanu,120,23,"""मेहुणसलहो जेणं दहिओ बंभाभिहाणदीवेण ।",0.264,0.623,0.669,0.6449,0.0
bhuvanabhanu,120,24,निद्दलइ निरीहत्ताऽसणिणा उ परिग्गहरिउं जो ॥१४७०॥,0.2587,0.6453,0.757,0.666,0.0
bhuvanabhanu,120,25,उवसमसलिलाऽऽसारेणं जेण कोहाणलो अ अवणीओ ।,0.2605,0.6733,0.7366,0.6909,0.0
bhuvanabhanu,120,26,मद्दवदंडेणं जो पाडेइ अ माण सुरसत्तुं ॥१४७१॥,0.2599,0.6964,0.6818,0.7166,0.0
bhuvanabhanu,120,27,'अज्जवसीरेणं जो मायाभूमि विदारए ''विउरो ।,0.2634,0.7269,0.704,0.7484,-0.0013
bhuvanabhanu,120,28,फोडेइ फुडं लोहतडागं संतुट्ठिलडीए ॥१४७२॥,0.2582,0.7488,0.648,0.7707,-0.0015
bhuvanabhanu,120,29,देहअसारत्तणचिंतणाइ-सारकरवालवग्गेण ।,0.2599,0.7763,0.627,0.7952,-0.0016
bhuvanabhanu,120,30,दुञ्जयपरीसहरिऊ पराजिणइ जो महासत्तो ॥१४७३॥,0.2611,0.7986,0.7191,0.821,-0.0013
bhuvanabhanu,120,31,१. त्रिजगद्राज्यदा ॥ २. प्रवचनकवचम् ॥ ३. अष्टादश ॥ ४. रागपञ्चमुख-द्वेषगजेन्द्र महामाण्डलिकान् ॥,0.1451,0.8532,0.8683,0.8725,0.0
bhuvanabhanu,120,32,५. सत्यवचनमुद्गरघातेन ॥ ६. शौचासिना ॥ ७. मैथुनशलभः शलभः पतङ्गः ॥ ८. सुरशत्रम्-दानवम् ॥ ९०,0.0956,0.8751,0.8689,0.8957,0.0
bhuvanabhanu,120,33,आर्जवसीरेण सीरम्-हलम् ॥ १०. विदुरः ज्ञानी ॥,0.0903,0.8987,0.4312,0.9184,0.0
bhuvanabhanu,120,34,Jain Education International,0.0146,0.9747,0.1841,0.9828,0.0
bhuvanabhanu,120,35,For Private & Personal Use Only,0.4196,0.9751,0.62,0.9845,0.0
bhuvanabhanu,120,36,www.jainelibrary.org,0.8584,0.9755,0.9848,0.985,0.0
bhuvanabhanu,121,1,१०४,0.1119,0.0627,0.1509,0.0777,0.0
bhuvanabhanu,121,2,सिरिइंदहंसगणिविरइयं,0.6801,0.0593,0.8887,0.0777,0.0
bhuvanabhanu,121,3,उग्गा महोवसग्गा किज्जंता मणुअ-देव-तिरिएहिं ।,0.2803,0.1095,0.7168,0.1297,0.0
bhuvanabhanu,121,4,जेणं च सहिज्जंते चालिज्जते न रोमाणि ॥१४७४।॥,0.278,0.1322,0.7296,0.1498,0.0
bhuvanabhanu,121,5,इअ अक्खलिअपयावस्स जस्स कालो गओ इमो बहुलो ।,0.2809,0.1636,0.7733,0.1846,0.0
bhuvanabhanu,121,6,सयलं मोहबलं बलवंतस्स पराहवंतस्स ॥१४७५॥,0.278,0.1881,0.6929,0.2035,0.0
bhuvanabhanu,121,7,अह 'खीणरीणनट्ठप्पापसु इमेसु पञ्च्चणीएसु ।,0.2786,0.2185,0.6649,0.2392,-0.0015
bhuvanabhanu,121,8,सम्मदंसणमंती सुपसन्नो जस्स संजाओ ॥१४७६॥,0.2803,0.2413,0.6766,0.2619,-0.0015
bhuvanabhanu,121,9,बहुइ सयागमो जस्स जलहिंवेलाजलं व निञ्च्चं पि ।,0.2797,0.2671,0.7168,0.2868,-0.0013
bhuvanabhanu,121,10,किरिआकलावमाराहए अ सम्मं मुणिवयंसो ॥१४७७॥,0.2803,0.2903,0.7483,0.3113,-0.0012
bhuvanabhanu,121,11,सवयणकिरणप्पसरेण जेण सूरिअसमप्पयावेण ।,0.2797,0.322,0.708,0.3426,0.0
bhuvanabhanu,121,12,मोहतिमिरोहनासाउं कया भव्वा य संपगासा ॥ १४७८॥,0.278,0.3452,0.764,0.3628,0.0
bhuvanabhanu,121,13,पडिबोहिऊण एगे निअसीसा भव्वपाणिणो उ कया ।,0.2815,0.3714,0.7494,0.389,0.0
bhuvanabhanu,121,14,इअ सव्वपयारेहिं पुण्णुदओ पोसिओ जेण ॥१४७९॥,0.2815,0.3942,0.7314,0.4156,0.0
bhuvanabhanu,121,15,मुणिऊणं पज्जंतसमयं च संलेहणं मुणी कुणइ ।,0.2803,0.4264,0.6946,0.447,0.0
bhuvanabhanu,121,16,दव्वेणं भावेणं असारसंसारसुविरत्तो ॥१४८०॥,0.2815,0.4478,0.6783,0.4689,-0.0015
bhuvanabhanu,121,17,गीअत्थमुणीहि सह 'सेलनिअंबे गओ अ सीहरहो ।,0.2786,0.4757,0.7279,0.4964,-0.0013
bhuvanabhanu,121,18,तत्थ सिलातलमेगं विलोइअं जेण अणवज्जं ॥१४८१॥,0.2791,0.4985,0.7319,0.5182,0.0
bhuvanabhanu,121,19,तत्थ *कुसमओ संथारगो अ सज्जीकओ सयं जेण ।,0.2791,0.5303,0.7261,0.55,0.0
bhuvanabhanu,121,20,तत्थ ठिओ सव्वजिणे बंदइ 'सक्कत्थएणं जो ॥१४८२॥,0.2786,0.5526,0.7471,0.5715,0.0
bhuvanabhanu,121,21,ससिरठविअपाणिपुडो पवट्टमाणं जिणाहिवं नमइ ।,0.2797,0.5792,0.7261,0.6011,0.0
bhuvanabhanu,121,22,तत्तो निअगुरुरायं समणो गुरुभत्तिसंजुत्तो ॥१४८३॥,0.2791,0.6011,0.722,0.623,-0.0013
bhuvanabhanu,121,23,तेसि पासे पञ्च्चक्खाइ 'वसुससंकपावठाणाई ।,0.2786,0.635,0.6737,0.6544,0.0
bhuvanabhanu,121,24,पुव्वं विरओ वि अजो चपइ अ चउविहमाहारं ॥१४८४॥,0.2803,0.6574,0.7809,0.6784,0.0
bhuvanabhanu,121,25,धम्मपडिबंधमेगं करेइ जो चत्तगत्तपांडबंधो ।,0.2786,0.684,0.6719,0.7024,-0.0015
bhuvanabhanu,121,26,आलोइअपडिक्कंताईआरो होइ सुविसुद्धो ॥१४८५।।,0.2786,0.7059,0.7028,0.7274,-0.0014
bhuvanabhanu,121,27,सुर-माणुस-तिरिअकओवसग्गसहणुज्जओ जई जाइ ।,0.2803,0.7372,0.7296,0.76,-0.0013
bhuvanabhanu,121,28,"""पायवुवगमणनामाणसणेणं विमलझाणगओ ॥१४८६॥",0.285,0.7604,0.7337,0.7819,-0.0026
bhuvanabhanu,121,29,जाव चरममूसासं च पालिऊणमकलंकचारित्तं ।,0.2786,0.7875,0.6888,0.8081,-0.0028
bhuvanabhanu,121,30,कालं काऊण गओ समणो सुक्कसुरलोगम्मि ॥१४८७॥,0.2762,0.8102,0.7296,0.8317,-0.0013
bhuvanabhanu,121,31,१. क्षीणरीणनष्टप्रायेषु ॥ २. सूर्यसमप्रतापेन ॥ ३. मोहतिमिरौघनाशात् ॥ ४. शैलनितम्बे ॥ ५. कुशमयः,0.1603,0.8686,0.8829,0.8892,0.0
bhuvanabhanu,121,32,दर्भमयः ॥ ६. शक्रस्तवेन ॥ ७. अष्टादश ॥ ८. पादपोपगमननामानशनेन ॥,0.1066,0.8914,0.6375,0.9107,-0.0011
bhuvanabhanu,121,33,Jain Education International,0.0146,0.9751,0.1841,0.9828,0.0
bhuvanabhanu,121,34,For Private & Personal Use Only,0.4196,0.9742,0.62,0.985,0.0
bhuvanabhanu,121,35,www.jainelibrary.org,0.8584,0.9755,0.9848,0.9854,0.0
bhuvanabhanu,122,1,भुवणभाणुकेवलिचरियं,0.0991,0.0721,0.2908,0.0927,-0.003
bhuvanabhanu,122,2,१४,0.1113,0.906,0.1393,0.9201,0.0
bhuvanabhanu,122,3,सत्तरससायरोवमआउधरो देवरायसमरिद्धी ।,0.2675,0.1048,0.6608,0.1245,-0.0044
bhuvanabhanu,122,4,जो संजाओ देवो महासुहंभोनिहिनिमन्नौ ॥१४८८॥,0.2663,0.1267,0.708,0.1481,-0.0053
bhuvanabhanu,122,5,तत्थ वि तित्थगराणं जेणं समवसरणाणि किज्जंति ।,0.2663,0.1533,0.7179,0.1743,-0.0052
bhuvanabhanu,122,6,पुहुवीए अवयरिडं पमोअपूरिअसरीरेण ॥१४८९॥,0.2669,0.1765,0.6865,0.2014,-0.0069
bhuvanabhanu,122,7,सिरिरिसह-वद्धमाणग-वंदाणण-वारिसेणनामेहि ।,0.2657,0.2048,0.6154,0.2241,-0.0033
bhuvanabhanu,122,8,जिणपडिमाओ नंदीसराइ तित्थेसु बंदइ जो ॥१४९०॥,0.2652,0.2271,0.6929,0.2495,-0.0054
bhuvanabhanu,122,9,अट्ठण्हिआमहूसव विहाणओ पोसिओ उ पुण्णुदओ ।,0.2646,0.2533,0.7045,0.2769,-0.004
bhuvanabhanu,122,10,जेणं दिव्वा भोगा भुत्ता धम्मपहुपसाया ॥१४९१॥,0.2628,0.2769,0.6935,0.3006,-0.0068
bhuvanabhanu,122,11,चइउं सुरलोगाओ पुव्वविदेहम्मि जो सुओ जाओ ।,0.2628,0.3031,0.6935,0.3263,-0.0068
bhuvanabhanu,122,12,कमलायरनयरे सिरिचंदनिवपिआइ कमलाए ॥१४९२॥,0.2652,0.3242,0.6911,0.3474,-0.0096
bhuvanabhanu,122,13,नामेण भाणुकुमरो सुरसमरूवो कलाकलावनिही ।,0.2611,0.3525,0.6946,0.3757,-0.0081
bhuvanabhanu,122,14,वङ्गुइ चंदु व्व सयलभुवणजणाणंददाणपरो ॥१४९३॥,0.2628,0.3766,0.711,0.3997,-0.0052
bhuvanabhanu,122,15,तत्थ य सब्बोहुजलदंसणसहिओ उ बालकालाओ ।,0.2628,0.4027,0.7028,0.4268,-0.0053
bhuvanabhanu,122,16,धम्मं कुणमाणो जो पुण्णोदयपोसणं जणइ ॥१४९४॥,0.2622,0.4255,0.715,0.4495,-0.0077
bhuvanabhanu,122,17,अह राया सुरलोगं गओ तओ भाणुनामकुमरो अ ।,0.2622,0.4521,0.6999,0.4749,-0.0067
bhuvanabhanu,122,18,रज्जं करेइ भुजइ भोगे दिव्वे 'ससोहग्गो ॥१४९५॥,0.2646,0.4745,0.7197,0.4968,-0.009
bhuvanabhanu,122,19,जो पालिऊण सात्रयधम्मं सम्मं सुअं ठबिअ रज्जे ।,0.2634,0.5019,0.7098,0.5238,-0.0065
bhuvanabhanu,122,20,गुरुपासम्मि वयं गहइ तहेव महाविभूईए ॥१४९६॥,0.264,0.5234,0.7051,0.5479,-0.0092
bhuvanabhanu,122,21,अइपरिचिओ कओ जेणं समणेणं सयागमो एसो ।,0.2605,0.5517,0.701,0.5741,-0.0079
bhuvanabhanu,122,22,चारित्तधम्मसिन्नाणुगओ एगग्गचित्तेणं ॥१४९७॥,0.2593,0.5741,0.6422,0.5977,-0.0091
bhuvanabhanu,122,23,जिअमोहबलो कयपुण्णोदयपोसो पवालिऊण वयं ।,0.2622,0.5998,0.7139,0.6243,-0.0065
bhuvanabhanu,122,24,गहिआणसणो जो नवमग्गेवेअगसुरो जाओ ॥१४९८॥,0.2628,0.6243,0.7238,0.6462,-0.0076
bhuvanabhanu,122,25,जो पगतीससायरसमजीविअधारगो सुरो होउं ।,0.2605,0.6496,0.6836,0.6724,-0.0055
bhuvanabhanu,122,26,उप्पन्नो पुव्वमहाविदेहनामम्मि खित्तम्मि ॥१४९९॥,0.2593,0.6733,0.6626,0.6951,-0.0072
bhuvanabhanu,122,27,भूमंडलमंडणपउमकंडनयराहिनायगो राया ।,0.2587,0.7012,0.6399,0.7248,-0.0046
bhuvanabhanu,122,28,सीमंतगाभिहाणो सामंतगसेविओ सययं ॥१५००॥,0.257,0.7231,0.6667,0.7432,-0.0071
bhuvanabhanu,122,29,तस्स सुओ संजाओ गुणवंतो इंददत्तनामो जो ।,0.2576,0.751,0.6603,0.7729,-0.0058
bhuvanabhanu,122,30,तत्थ वि नरिंदभोगे भुत्तूणं संजमो गहिओ ॥१५०१॥,0.2564,0.7724,0.7139,0.7956,-0.0051
bhuvanabhanu,122,31,जो मोहबलक्खयकारगो पुणो पुण्णुदयसुपोसगरो ।,0.2582,0.7999,0.704,0.8222,-0.0039
bhuvanabhanu,122,32,पुव्वविहिचिंहिअअणसणसमाहिमंतो कुणइ कालं ॥१५०२॥,0.2576,0.8214,0.7529,0.8459,-0.0059
bhuvanabhanu,122,33,१. ससौभाग्यः ॥ २. प्रपाल्य व्रतम् ॥,0.1381,0.8781,0.4073,0.8957,-0.0022
bhuvanabhanu,122,34,Jain Education International,0.0146,0.9747,0.1841,0.9828,0.0
bhuvanabhanu,122,35,१०५,0.8409,0.07,0.8794,0.085,0.0
bhuvanabhanu,122,36,For Private & Personal Use Only,0.4196,0.9747,0.62,0.985,0.0
bhuvanabhanu,122,37,www.jainelibrary.org,0.8584,0.9755,0.9848,0.985,0.0
bhuvanabhanu,123,1,१०६,0.1125,0.0696,0.155,0.085,0.0
bhuvanabhanu,123,2,सिरिइंद हंसगणिविरइयं,0.683,0.0653,0.8904,0.0837,0.0
bhuvanabhanu,123,3,पणयाललक्खजोअणमाणं सव्वट्ठसिद्धअभिहाणं ।,0.2838,0.1108,0.69,0.131,0.0
bhuvanabhanu,123,4,'जुगचंदरज्जुलो गालंकरणं रेहइ विमाणं ॥१५०३॥,0.2867,0.134,0.7086,0.1537,0.0
bhuvanabhanu,123,5,तत्थ य महाविमाणे उवरिमभार्गाम्म वट्टए एगं ।,0.2826,0.1653,0.7092,0.1863,0.0
bhuvanabhanu,123,6,*सायररसमणमाणं मुत्ताहलमुज्जलजलोहं ॥१५०४॥,0.2861,0.1881,0.7075,0.2091,-0.0014
bhuvanabhanu,123,7,मज्झगयस्स इमस्स य वलयाकारेण ताव सोहंति ।,0.2838,0.2203,0.7267,0.2396,-0.0013
bhuvanabhanu,123,8,चत्तारि मुत्तिआई नित्तानलमणपमाणाई ॥१५०५॥,0.2826,0.2422,0.7179,0.2628,0.0
bhuvanabhanu,123,9,पुणरवि बीए वलए अडसंखाकलिअमुत्तिअकलावो ।,0.2826,0.2757,0.7261,0.2958,0.0
bhuvanabhanu,123,10,*रिउचंदमणपमाणो दिष्पइ खजलं व मलमुक्को ॥१५०६।॥,0.2855,0.2976,0.785,0.3182,0.0012
bhuvanabhanu,123,11,चंदकलासंखाई चंदकलानिम्मलत्तजुत्ताई ।,0.2815,0.3302,0.6323,0.3504,0.0
bhuvanabhanu,123,12,तीए बलए अडमणपमिआई मुत्तिआणि तओ ॥१५०७७॥,0.2832,0.3521,0.7512,0.374,0.0012
bhuvanabhanu,123,13,लोअणकिसाणुपमिआणि मुत्तिअफलाणि तुरिअवलयम्मि ।,0.2774,0.3839,0.7821,0.4049,0.0
bhuvanabhanu,123,14,जलहिमणसरीराई नायव्वाई विअड्डेहिं ॥१५०८॥,0.2809,0.4066,0.6929,0.4315,0.0014
bhuvanabhanu,123,15,कुंजरलोअणवसुहामिआणि मुत्ताहलाणि नेआणि ।,0.2797,0.4431,0.7145,0.465,0.0
bhuvanabhanu,123,16,इगमणभारवहाई छट्ठे वलयम्मि वट्टाई ॥१५०९।।,0.2821,0.4659,0.6952,0.4878,-0.0014
bhuvanabhanu,123,17,मुत्ताहलमंतडिअमणेगमज्जंतवायलहरीहिं ।,0.2803,0.4976,0.6323,0.5191,0.0
bhuvanabhanu,123,18,वलयगमुत्तिअनिअरो समुच्छलिअ आहणेइ जया ॥१५१०॥,0.2815,0.5204,0.7809,0.541,0.0
bhuvanabhanu,123,19,पअं महाविमाणं महुररवेकंतभायणं जायं ।,0.2809,0.5526,0.6498,0.5741,0.0
bhuvanabhanu,123,20,कत्थ वि अन्नत्थ न अत्थि परिसं सद्दमहुरत्तं ॥१५११॥,0.2815,0.5754,0.7535,0.5964,0.0
bhuvanabhanu,123,21,तत्थ विमाणम्मि सुरा तन्नायरसेगमोहिअसचित्ता ।,0.278,0.608,0.7127,0.6286,-0.0013
bhuvanabhanu,123,22,समयग्गिसायरमिअं सुहेण पूरंति निअमाउं ॥१५१२॥,0.2786,0.6312,0.7354,0.6526,0.0
bhuvanabhanu,123,23,नायरसपहावो सो विरहगरुक्खाइआण जं होइ ।,0.2774,0.6625,0.7057,0.6823,0.0
bhuvanabhanu,123,24,किसलयसुमाइपसवो इत्थीजणगीअसवणेणं ॥१५१३।।,0.2762,0.6853,0.7261,0.7055,0.0
bhuvanabhanu,123,25,नायरसस्स समाणो लोए अन्नो रसो न को वि जओ ।,0.278,0.7175,0.7692,0.7351,0.0
bhuvanabhanu,123,26,सप्पो सुवण्णटंक्रयमप्पेइ रवण करवासस्स (१) [रवेण वसवत्ती] ॥१५१४॥,0.2756,0.7402,0.8817,0.7604,0.0
bhuvanabhanu,123,27,तत्थ समुप्पन्नो सो जो इंदवरिंददत्तरायरिसी ।,0.2756,0.7711,0.6643,0.7913,0.0
bhuvanabhanu,123,28,अहमिददेर्वारद्धि पत्तो सुहसंपयाकोसो ॥१५१५॥,0.2756,0.7943,0.6923,0.8149,0.0
bhuvanabhanu,123,29,१. युगचन्द्ररज्जुलोकालङ्करणं चतुर्दशरज्जुलो काभूषणमित्यर्थः ॥ २. सागररस = चतुःषष्टि ॥ ३. नेत्रानल,0.1568,0.8459,0.8473,0.8669,-0.0008
bhuvanabhanu,123,30,द्वात्रिंशत् ॥ ४. ऋतुचन्द्र = षोडश ॥ ५. आकाशजलम् वर्षाजलमित्यर्थः ॥,0.1043,0.869,0.6259,0.8892,0.0
bhuvanabhanu,123,31,Jain Education International,0.0146,0.9751,0.1841,0.9828,0.0
bhuvanabhanu,123,32,For Private & Personal Use Only,0.4196,0.9747,0.62,0.985,0.0
bhuvanabhanu,123,33,www.jainelibrary.org,0.8584,0.9755,0.9848,0.985,0.0
bhuvanabhanu,124,1,भुवणभाणुकेवलिचरियं,0.0991,0.0657,0.2937,0.0867,-0.003
bhuvanabhanu,124,2,१०७,0.8386,0.0687,0.8788,0.0837,0.0
bhuvanabhanu,124,3,अह पुब्वविदेहमहीविभूसणे गंधिलावईविजए ।,0.2663,0.1065,0.6212,0.1284,-0.0016
bhuvanabhanu,124,4,चंदपुरी इंदपुरीसरिसा नयरी इमा अत्थि ॥१५१६॥,0.2646,0.1288,0.7034,0.1503,-0.0013
bhuvanabhanu,124,5,तत्थ अकलंकनामो करेइ रजं महडिओ राया ।,0.2657,0.1563,0.6626,0.1803,0.0
bhuvanabhanu,124,6,भूवपणयपयकमलो समिद्वि-सत्तीहि 'सक्कसमो ॥१५१७॥,0.2652,0.1821,0.7558,0.2031,-0.0012
bhuvanabhanu,124,7,जिणरायपाय पंकयछप्पयकप्पस्स तस्स सोममुही ।,0.2652,0.216,0.6946,0.2357,-0.0014
bhuvanabhanu,124,8,महिसी सुदंसणा नाम समुज्जलदंसणसमुद्दा ॥१५१८॥,0.2657,0.2387,0.7022,0.2593,-0.0013
bhuvanabhanu,124,9,एगय पभायसमए गोखीरसमाणसीहसुविणं च ।,0.2652,0.2653,0.6853,0.286,-0.0014
bhuvanabhanu,124,10,लहइ निवइभजा परिपालिअजिणधम्ममज्जाया ॥१५१९॥,0.2634,0.2868,0.743,0.3074,-0.0024
bhuvanabhanu,124,11,समयग्गिसाय रोवमजीअं पालिअ तओ चुओ संतो ।,0.2628,0.319,0.7104,0.3401,0.0
bhuvanabhanu,124,12,म सुरिंददत्तजीओ तीए कुच्छीए उत्पन्नो ॥१५२०॥,0.264,0.3418,0.6748,0.3624,-0.0014
bhuvanabhanu,124,13,रायरमणीइ एसो सुविणो जाणाविओ नरिंदस्स ।,0.2634,0.3688,0.6976,0.3903,-0.0013
bhuvanabhanu,124,14,आगारिआ सुविणसत्थपाढगा तेण निअगेहे ॥१५२१॥,0.2628,0.3916,0.7261,0.4118,0.0
bhuvanabhanu,124,15,तेसि सुविणो कहिओ कंतालहिओ नरेसरेण तओ ।,0.2622,0.4242,0.7179,0.4448,0.0
bhuvanabhanu,124,16,तेहिं विआरिऊणं भणिज्ञए 'सुविणसक्कत्थो ॥१५२२॥,0.2605,0.4465,0.7214,0.4667,0.0
bhuvanabhanu,124,17,जं च महाराय ! सुविणसत्थे सीहो महासुविणमुत्तं ।,0.2617,0.4736,0.7284,0.4951,0.0
bhuvanabhanu,124,18,तस्स पहावेण सुओ हविस्सए सीहबलवंतो ॥१५२३॥,0.2617,0.4964,0.7209,0.5174,-0.0025
bhuvanabhanu,124,19,पुणरवि पुत्तो एसो खीरमहाजलहि विसयजसरासी ।,0.2622,0.5273,0.7302,0.5496,-0.0025
bhuvanabhanu,124,20,पसरंततेअस्तूरी सूरो भावी धणक्कमणे (१) ॥१५२४॥,0.264,0.5505,0.7075,0.5723,-0.0026
bhuvanabhanu,124,21,ते कणगाइअदाणं दाउं रण्णा विसजिआ रण्णी ।,0.2605,0.5775,0.6935,0.5981,-0.0013
bhuvanabhanu,124,22,आणंदभरभरिअमाणसा सुहेण वहइ सगब्भं ॥१५२५॥,0.2605,0.6015,0.7191,0.6222,-0.0013
bhuvanabhanu,124,23,जिणदेवपूअणअभयदाणाईहिं नरिदमिगनित्ता ।,0.2617,0.6329,0.6655,0.6548,0.0
bhuvanabhanu,124,24,पूरेइ दोहले पइदिणमुप्पज्ञंतए निअगे ॥१५२६॥,0.2617,0.6556,0.6731,0.6771,-0.0014
bhuvanabhanu,124,25,सुहवासरम्मि वसुहा व निहाणं निवइअंगणा तणुअं ।,0.2599,0.6831,0.7308,0.7046,-0.0012
bhuvanabhanu,124,26,पयडीकरेइ 'सूइगिहुज्जोअविहाणमाणिक्कं ॥१५२७॥,0.2582,0.7059,0.701,0.7282,0.0
bhuvanabhanu,124,27,सुअजम्मसरूवं ताव चंदधाराभिहाणदासीए ।,0.2587,0.7381,0.6253,0.7587,-0.0032
bhuvanabhanu,124,28,नरनाहस्स निवेइअमेसो हरिसाउलो जाओ ॥१५२८॥,0.2587,0.7604,0.7162,0.7806,-0.0013
bhuvanabhanu,124,29,नरवइणा तीए पारितोसिअं दाणमंजसा दिन्नं ।,0.2587,0.787,0.6678,0.8072,-0.0014
bhuvanabhanu,124,30,आजीविअनिव्वाहगमहो ! धणवओ सिणेहकओ ॥ १५२९॥,0.2686,0.8111,0.7593,0.8295,0.0
bhuvanabhanu,124,31,१. शक्रसमः ॥ २. कान्तालब्धः ३. स्वप्नसत्कार्थः ॥ ४. ० विशद० ॥ ५. सूतिगृहोद्योतविधानमाणिक्यम् ॥,0.1404,0.8639,0.8648,0.8854,-0.0008
bhuvanabhanu,124,32,६. आजीविकानिर्वाहकम् अहो ! धनव्ययः स्नेहकृतः ॥,0.0903,0.8884,0.4534,0.9085,-0.0016
bhuvanabhanu,124,33,Jain Education International,0.0146,0.9747,0.1841,0.9828,0.0
bhuvanabhanu,124,34,For Private & Personal Use Only,0.4196,0.9751,0.62,0.9854,0.0
bhuvanabhanu,124,35,www.jainelibrary.org,0.8584,0.9755,0.9848,0.985,0.0
bhuvanabhanu,125,1,१०८,0.1096,0.079,0.1486,0.0927,0.0
bhuvanabhanu,125,2,सिरिइंदहंसगणिविरइयं,0.6818,0.073,0.8846,0.0919,-0.0029
bhuvanabhanu,125,3,नयरीप सव्वाप वाईज्जते 'सरज्झयसमूहा ।,0.2803,0.1159,0.6702,0.1357,0.0
bhuvanabhanu,125,4,रायसुआगमणेणं नयरीलोओ हरिसवंतो ॥१५३०।।,0.2786,0.1383,0.7075,0.1597,-0.0027
bhuvanabhanu,125,5,पुरजणवद्धावणयाई आगच्छंति रायगेहम्मि ।,0.278,0.1696,0.6655,0.1919,-0.006
bhuvanabhanu,125,6,मंगलकार गअक्खयपत्ताणि सनालिगेराणि ॥१५३१॥,0.2791,0.1919,0.715,0.2125,-0.0053
bhuvanabhanu,125,7,सुअजम्मावसरम्मि अ राया दावेइ कणगदाणाई ।,0.278,0.2246,0.7139,0.2465,-0.0027
bhuvanabhanu,125,8,लोओ दहूण वयइ किमेल वरिसइ 'सलिलवाहो ? ॥१५३२।।,0.2786,0.246,0.8048,0.2679,-0.0033
bhuvanabhanu,125,9,सोहिज्जंते कारागिहाणि मोइज्जए अ बंदिजणो ।,0.2756,0.2787,0.7051,0.2988,-0.0014
bhuvanabhanu,125,10,कारिज्जंते रण्णा जिणगेहेसु महपूआओ ।॥१५३३॥,0.278,0.3023,0.7063,0.3237,-0.0027
bhuvanabhanu,125,11,इअ गीअ-नट्ट-वायण-- खायण-पाणप्पयाणपमुहेहिं ।,0.2803,0.331,0.7238,0.3551,-0.0026
bhuvanabhanu,125,12,विविहपयारेहिं सुअजम्ममहो निवइणा जणिओ ॥१५३४॥,0.278,0.3555,0.7721,0.3778,-0.0047
bhuvanabhanu,125,13,सिद्धत्थनामगो 'जोइससत्थत्थाण जाणगो रण्णा ।,0.2768,0.389,0.6882,0.4079,-0.0014
bhuvanabhanu,125,14,आगारिअ पुच्छिज्जइ केरिसयं सुअगहसरूवं ? ॥१५३५।।,0.2797,0.4109,0.7605,0.4328,-0.0024
bhuvanabhanu,125,15,तेणं भणिअं भूवो जं आणावेह तं च सोअव्वं ।,0.2762,0.4422,0.6859,0.4659,-0.0028
bhuvanabhanu,125,16,संवच्छरो उ एसो आणंदो नाम विन्नेओ ।॥१५३६॥,0.278,0.465,0.7016,0.4856,-0.0041
bhuvanabhanu,125,17,होइ घणव्वयनामो *रिऊ तहा कत्तिओ इमो मासो ।,0.2768,0.4968,0.7541,0.517,-0.0037
bhuvanabhanu,125,18,भद्दा तिही अ बीआ गुरुवारो 'कत्तिआरिक्खं ॥१७३७॥,0.2791,0.5187,0.7646,0.5423,-0.0048
bhuvanabhanu,125,19,रासी वसहां जोगो 'धिई पसत्थगहपिक्खिअं लग्गं ।,0.278,0.5509,0.7436,0.5706,-0.005
bhuvanabhanu,125,20,उच्चवट्ठाणठिआ य गहा उड्ङ्कुमुहीउ होराउ ।।१५३८।।,0.2774,0.5732,0.7045,0.5964,-0.0055
bhuvanabhanu,125,21,इक्कारसठाणठिआ पावगहा 'सुहपयायगा होंति ।,0.2791,0.6058,0.7045,0.6295,-0.0068
bhuvanabhanu,125,22,रासिम्मि परिसे एस कुमारो देव ! जाओ जं ॥ १५३९॥,0.2774,0.6286,0.7675,0.6505,-0.0048
bhuvanabhanu,125,23,तेणं नरिंद ! कुमरो इमो हविस्सइ अतुच्छलच्छीओ ।,0.2756,0.6599,0.7465,0.6823,-0.0037
bhuvanabhanu,125,24,अइमाणविक्कमाइअगुणमणिजलही महाराओ ॥१५४०॥,0.2751,0.6831,0.7314,0.705,-0.0064
bhuvanabhanu,125,25,तत्तो पयावई पुच्छइ अज्ज ! हवंति के इमे रासी ? ।,0.2774,0.714,0.7331,0.7372,-0.0051
bhuvanabhanu,125,26,तेसिं गुणा य के इच्चाइ चवसु अत्थि जइ सव्वं ॥१५४१॥-,0.2751,0.7368,0.8019,0.7596,-0.0066
bhuvanabhanu,125,27,सिद्धत्थनिमित्तविसारपण साहिजए महाराय !,0.2745,0.7699,0.6859,0.79,-0.0071
bhuvanabhanu,125,28,जोइससत्थे वट्टति रासिणो बारस इमे उ ॥१५४२॥,0.2739,0.793,0.7214,0.8149,-0.0065
bhuvanabhanu,125,29,१. स्वरध्वजसमूहाः स्वरध्वजो वाद्यम् ॥ २. मेघः ॥ ३. ज्योतिषशास्त्रार्थानाम् ॥ ४. शरत्कालः ॥ ५.,0.1568,0.8532,0.88,0.8763,-0.0016
bhuvanabhanu,125,30,ऋतुः ॥ ६. कृत्तिकानक्षत्रम् ॥ ७. धृतिः योगः ॥ ८ शुभप्रदायकाः ॥ ९. कथय ॥,0.1037,0.8789,0.7045,0.8995,-0.0019
bhuvanabhanu,125,31,Jain Education International,0.0146,0.9751,0.1841,0.9828,0.0
bhuvanabhanu,125,32,For Private & Personal Use Only,0.4196,0.9751,0.62,0.9845,0.0
bhuvanabhanu,125,33,www.jainelibrary.org,0.8584,0.9755,0.9848,0.985,0.0
bhuvanabhanu,126,1,भुषणभाणुक्वलिचरियं,0.1031,0.0717,0.2978,0.0927,0.0
bhuvanabhanu,126,2,१. कर्कटकः कर्क,0.1317,0.8532,0.25,0.8755,0.0
bhuvanabhanu,126,3,अपमृत्युरित्यर्थः ।।,0.0816,0.8759,0.1987,0.8948,0.0
bhuvanabhanu,126,4,१०. तेजस्वी ॥,0.0845,0.8995,0.1888,0.915,0.0
bhuvanabhanu,126,5,६.,0.2255,0.8759,0.2424,0.8948,0.0
bhuvanabhanu,126,6,मेसो बसहो मिहुणो 'कक्कडओ पंचवयणओ कन्ना ।,0.2675,0.1129,0.7348,0.1335,0.0
bhuvanabhanu,126,7,तुल विछुओ अ धणुहं मयरो कुंभो अ मीणो अ ॥१५४३॥,0.2675,0.1353,0.7698,0.1567,0.0
bhuvanabhanu,126,8,एपसिं बारस्सयरासीण समासओ गुणा एए ।,0.2669,0.1623,0.6655,0.1816,0.0
bhuvanabhanu,126,9,जोइससत्थविआराणुसारओ निव ! भणिज्जंति ॥१५४४॥,0.2646,0.1842,0.7523,0.2048,0.0
bhuvanabhanu,126,10,चक्सुचवलो बली रोगी तह 'धम्मत्थठविअपरिणामो ।,0.2663,0.2112,0.7506,0.2319,-0.0012
bhuvanabhanu,126,11,जलभीरू रमणिपिओ कयण्णुओ रायमहिओ अ ॥१५४५॥,0.2657,0.2344,0.7617,0.255,0.0
bhuvanabhanu,126,12,चंडो 'मिउओ अंते पवासुओ मेसरासिसंजाओ ।,0.2628,0.2615,0.6929,0.2817,0.0
bhuvanabhanu,126,13,अट्ठारसमे बरिसे पणवीसइमेव अध्पमिई ॥१५४६॥,0.264,0.283,0.7098,0.3036,0.0
bhuvanabhanu,126,14,तेहिं भट्टो वरिसाण सयं जीवइ पुणो वि तस्स मिई ।,0.2617,0.3104,0.7413,0.3315,0.0
bhuvanabhanu,126,15,'कत्तिअरिक्खे भोमे चउद्दसीअङ्कुरत्तम्मि ॥१५४७॥,0.2663,0.3328,0.6917,0.3547,0.0
bhuvanabhanu,126,16,दाया भोगी दक्खो 'सुथूर गल्लो महाबलो सच्चो ।,0.2576,0.3607,0.6917,0.3821,0.0
bhuvanabhanu,126,17,धणवंतो थिरचित्तो जणप्पिओ अप्पभासी अ ॥१५४८॥,0.2599,0.3826,0.7314,0.4015,0.0
bhuvanabhanu,126,18,“सत्थो 'सोरिअजुत्तो परोवयारी तहेव ''तेअंसी ।,0.2634,0.4096,0.7133,0.4311,0.0
bhuvanabhanu,126,19,सविलासगई रोगबहुलो तहा कंठरोगी अ ॥१५४९।।,0.2593,0.4332,0.7051,0.4543,0.0
bhuvanabhanu,126,20,मेषो वृषभो मिथुनः कर्कटकः पञ्चवदनकः कन्या ।,0.2564,0.4714,0.6993,0.4921,0.0
bhuvanabhanu,126,21,तुला वृश्चिकश्च धनुर्मकरः कुम्भश्च मीनश्च ॥१॥,0.2576,0.4942,0.6614,0.514,0.0
bhuvanabhanu,126,22,एतेषां द्वादशकराशीनां समासतः गुणा पते ।,0.3526,0.5264,0.7448,0.5457,0.0
bhuvanabhanu,126,23,ज्योतिषशास्त्रविचारानुसारतः नृप । भण्यन्ते ॥२॥,0.3013,0.5479,0.7284,0.5689,0.0
bhuvanabhanu,126,24,"चक्षुर्लोलो बली रोगी, धर्मार्थः कृतनिश्चयः ।",0.3024,0.5805,0.69,0.6015,0.0
bhuvanabhanu,126,25,"जलभीरुः प्रियः स्त्रीणां, कृतज्ञो राजपूजितः ॥१॥",0.303,0.6033,0.7249,0.6252,0.0
bhuvanabhanu,126,26,चण्डकर्मा मृदुश्चान्ते प्रवासी मेषसम्भवः ।,0.3019,0.6303,0.6801,0.6514,0.0015
bhuvanabhanu,126,27,अपमृत्युर्भवेत्तस्य किलाष्टादशवत्सरे ॥२॥,0.3007,0.6531,0.6515,0.6733,0.0
bhuvanabhanu,126,28,पञ्चविंशतिवर्षाणां पर्यन्ते वा कथञ्चन ।,0.2984,0.6793,0.6387,0.6977,0.0017
bhuvanabhanu,126,29,भ्रष्टस्ताभ्यां पुनर्जीवेत् शतमेकं म्रियेत न ॥३॥,0.299,0.7016,0.6958,0.7239,0.0015
bhuvanabhanu,126,30,कृत्तिकास्वर्द्धरात्रेऽसौ चतुर्दश्यां तु मङ्गले ।,0.3001,0.7278,0.669,0.7505,0.0016
bhuvanabhanu,126,31,भोगी दाता शुचिर्दक्षः स्थूलगण्डो महागलः ॥४॥,0.296,0.7523,0.7244,0.7746,0.0027
bhuvanabhanu,126,32,अर्थवानल्पभाषी च स्थिरचित्तो जनप्रियः ।,0.292,0.778,0.676,0.7978,0.003
bhuvanabhanu,126,33,परोपकारी कान्तश्च बहुपुत्रः शौर्यसंयुतः ॥५॥,0.296,0.8012,0.6865,0.824,0.003
bhuvanabhanu,126,34,१०९,0.8409,0.0747,0.8817,0.0906,-0.0143
bhuvanabhanu,126,35,इत्यर्थः ॥ २. सिंहः ॥ ३. धर्मार्थस्थापितपरिणामः ॥ ४. मृदुः ॥ ५. अपमृतिः,0.2727,0.8527,0.8572,0.8759,0.001
bhuvanabhanu,126,36,कृत्तिकानक्षत्रे ॥ ७. सुस्थूलगण्डः ॥ ८. सार्थः अर्थवान् ॥ ९. शौर्ययुक्तः ॥,0.2675,0.8759,0.8566,0.8995,0.002
bhuvanabhanu,126,37,Jain Education International,0.0146,0.9747,0.1841,0.9828,0.0
bhuvanabhanu,126,38,For Private & Personal Use Only,0.4196,0.9747,0.62,0.985,0.0
bhuvanabhanu,126,39,www.jainelibrary.org,0.8584,0.9755,0.9848,0.985,0.0
bhuvanabhanu,127,1,११०,0.1352,0.0657,0.176,0.0816,0.0
bhuvanabhanu,127,2,सिरिइंदहंसगणिविरइयं,0.7063,0.0657,0.9172,0.0846,0.0
bhuvanabhanu,127,3,कंतो तहा 'ससो (रो) ओ लंछणधारी अ खंधगंडेसु ।,0.3042,0.1039,0.7646,0.1254,0.0013
bhuvanabhanu,127,4,वसहम्मि होइ जाओ पणवीसइमे अ वरिसम्मि ॥१५५०।।,0.3059,0.1271,0.8094,0.1468,0.0012
bhuvanabhanu,127,5,मधू चउप्पयाओ तस्स न जाओ अ जइ तओ जिअइ ।,0.3048,0.155,0.8024,0.176,0.0012
bhuvanabhanu,127,6,वरिसाणं सयं मरणं च रोहिणीरिक्खबुहवारे ॥१५५१॥,0.303,0.1769,0.792,0.1979,0.0012
bhuvanabhanu,127,7,'सरसऽन्नभोअगो नयणचंचलो मेहुणारयमणो अ ।,0.3065,0.2052,0.7407,0.2267,0.0
bhuvanabhanu,127,8,गंधव्वनट्टकुसलो जणप्पिओ कंठरोगी अ. ॥१५५२॥,0.3036,0.2276,0.7348,0.2473,0.0
bhuvanabhanu,127,9,गुणवंतो कित्तिधरो समिद्विमंतो दढव्वओ गोरो ।,0.3042,0.2542,0.7343,0.2744,0.0
bhuvanabhanu,127,10,नयवाई विन्नाणी पडुवयणो बुद्धिमंतो अ ॥१५५३॥,0.3024,0.2774,0.743,0.298,0.0
bhuvanabhanu,127,11,सुसमत्थो उ विणोई दुहिओ होऊणं पढमयं एसो ।,0.3013,0.3044,0.757,0.3255,0.0
bhuvanabhanu,127,12,पच्छा लच्छीवंतो हवेइ मिहुणम्मि उप्पन्नो ॥१५५४॥,0.3013,0.3276,0.7517,0.3486,0.0
bhuvanabhanu,127,13,सोलसमे वरिसे तस्स मिई जलओ असीइमे अहवा ।,0.3001,0.3542,0.7622,0.3736,0.0
bhuvanabhanu,127,14,पोसाभिहाणमासे जलाणले नत्थि संदेहो ॥१५५५॥,0.2978,0.3766,0.7395,0.3954,0.0013
bhuvanabhanu,127,15,धम्मिट्ठो धणवंतो सूरो निअकजकारगो 'बंको ।,0.2984,0.4032,0.7267,0.4238,0.0014
bhuvanabhanu,127,16,कोवंऽधो कयमुणओ [पुण्णओ] गुरुवच्छलओ सिरोरोगी ॥१५५६॥,0.2984,0.4264,0.8619,0.4474,0.001
bhuvanabhanu,127,17,तेजस्वी रोगबहुलः कण्ठरोगी सुमित्रकः ।,0.3462,0.4702,0.7104,0.4921,0.0016
bhuvanabhanu,127,18,सविलासगतिः सत्यो लाञ्छनी स्कन्धगण्डयोः ॥६॥,0.3473,0.4921,0.792,0.5118,0.0013
bhuvanabhanu,127,19,एवं गुणगणोपेतो वृषे जातो भवेन्नरः ।,0.3462,0.5251,0.6847,0.5453,0.0
bhuvanabhanu,127,20,स समानां शतं जीवेत् पञ्चविंशतिको यदि ॥७॥,0.3438,0.547,0.7716,0.5668,0.0
bhuvanabhanu,127,21,नश्यञ्च्चतुष्पदात्तस्य मरणं रोहिणीबुधे ।,0.3432,0.5745,0.6836,0.5951,0.0
bhuvanabhanu,127,22,मृष्टान्नो दृष्टिलोलश्च मैथुनासक्तमानसः ॥८॥,0.3444,0.5951,0.7127,0.617,-0.0016
bhuvanabhanu,127,23,धनाढ्यः करुणोपेतः कण्ठरोगी जनप्रियः ।,0.3403,0.629,0.715,0.6462,0.0
bhuvanabhanu,127,24,गन्धर्वनाट्यकुशलः कीत्तिभागी गुणोत्कटः ॥९॥,0.3427,0.6505,0.7465,0.6711,0.0
bhuvanabhanu,127,25,दुःखितः प्रथमं भूत्वा पश्चाच्छ्रीमान् भवत्यसौ ।,0.3392,0.678,0.7494,0.6994,0.0
bhuvanabhanu,127,26,कुतूहली प्रगल्भश्च विज्ञानी स भवेत्तथा ॥१०॥,0.3421,0.7007,0.7389,0.7213,0.0
bhuvanabhanu,127,27,गौरो दीर्घः पटुर्वाचि मेधावी च दृढव्रतः ।,0.3386,0.7321,0.7174,0.7531,0.0015
bhuvanabhanu,127,28,समर्थों न्यायवादी च मिथुनोद्भूतमानवः ॥११॥,0.3403,0.7544,0.757,0.7776,0.0014
bhuvanabhanu,127,29,जले तस्यापमृत्युः स्यात् वत्सरे किल षोडशे ।,0.3386,0.7832,0.7587,0.8029,0.0
bhuvanabhanu,127,30,आशीतिके म्रियेतासौ पौषमासे जलानले ॥१३॥,0.3374,0.8046,0.7564,0.8248,0.0
bhuvanabhanu,127,31,१. सशौचः (सरोग) ॥ २. स्कन्धगण्डयोः ॥ ३. चतुष्पदात् ॥ ४. सरसान्नभोजको मिष्टान्नभोजीत्यर्थः ॥,0.1702,0.8682,0.8951,0.8892,0.0008
bhuvanabhanu,127,32,५. वक्रः ॥,0.1195,0.8961,0.197,0.9081,0.0
bhuvanabhanu,127,33,Jain Education International,0.0146,0.9747,0.1841,0.9828,0.0
bhuvanabhanu,127,34,For Private & Personal Use Only,0.4196,0.9747,0.62,0.985,0.0
bhuvanabhanu,127,35,www.jainelibrary.org,0.8584,0.9755,0.9848,0.985,0.0
bhuvanabhanu,128,1,भुवणभाणुकेवलिचरियं,0.1125,0.0631,0.3071,0.0833,0.0
bhuvanabhanu,128,2,१११,0.8514,0.0666,0.8934,0.0824,0.0
bhuvanabhanu,128,3,किसदेहो धीमंतो पवासुओ दुक्खिओ 'सिसुत्तम्मि ।,0.2774,0.1056,0.7459,0.1262,0.0
bhuvanabhanu,128,4,वरमित्तजुओ निच्चं 'बहुभजो पुत्तवंतो अ ॥१५५७।।,0.2774,0.1275,0.7249,0.149,0.0
bhuvanabhanu,128,5,सिरिवच्छ-संखरेहंकिअहत्थो हवइ 'तुरिअरासिभयो ।,0.2762,0.1546,0.7564,0.1756,0.0
bhuvanabhanu,128,6,वीसइमे दसमे वा वरिसे मरणं च 'पवणाओ ॥ १५५८।।,0.2756,0.1773,0.7716,0.1967,0.0
bhuvanabhanu,128,7,अहवा तेवीसइमे संवच्छरए असीइमे वावि ।,0.2762,0.2044,0.6713,0.2233,0.0
bhuvanabhanu,128,8,पोसे मासे मिर्गासररिक्खे 'सुक्के 'तिजामाए ॥१५५९॥,0.2745,0.2271,0.7552,0.2469,0.0
bhuvanabhanu,128,9,सिरिमंतो अभिमाणी किरिआजुत्तो अ मज्जमंसपिओ ।,0.2745,0.2538,0.7483,0.2744,0.0
bhuvanabhanu,128,10,वसणरओ देसभमणसीलो आउभीरू अ ॥१५६०॥,0.2756,0.2769,0.7086,0.2958,0.0
bhuvanabhanu,128,11,'तक्कालकोववंतो 'पिंगलनित्तो ''छुहाइअइतत्तो ।,0.2786,0.3031,0.6987,0.3255,0.0
bhuvanabhanu,128,12,''मायाजणवलहओ सुपुत्तओ ''अप्पपन्नो अ ॥१५६१॥,0.278,0.3267,0.7477,0.3474,-0.0012
bhuvanabhanu,128,13,** मिट्ठऽन्नाऽऽसी विणयन्निओ सुविक्कमअलंकिअसरीरो ।,0.2768,0.3525,0.7622,0.3736,0.0
bhuvanabhanu,128,14,पच्छा विरागवंतो नायव्वो सीहजायनरो ॥ १५६२॥,0.2733,0.3753,0.7098,0.3946,0.0
bhuvanabhanu,128,15,१३,0.2756,0.3542,0.2972,0.3624,0.0
bhuvanabhanu,128,16,''वोमेसुवच्छरो वा असीइवासो मणुस्सओ आउं ।,0.2768,0.4027,0.7168,0.4234,0.0
bhuvanabhanu,128,17,मुंचइ ' *महुमासि 'महासु पुण्णखित्तम्मि १७ रविपुत्ते ॥ १५६३॥,0.2721,0.4259,0.8328,0.4474,0.0
bhuvanabhanu,128,18,कार्यसारो धनी सूरो धर्मिष्ठो गुरुवत्सलः ।,0.3182,0.4689,0.6929,0.4886,0.0
bhuvanabhanu,128,19,शिरोरोगी महाबुद्धिः कृशाङ्गः कृतवेदकः ॥१३॥,0.3211,0.4912,0.7314,0.5109,0.0
bhuvanabhanu,128,20,प्रवासशीलः कोपान्धो बाल्ये दुःखी सुमित्रकः ।,0.317,0.514,0.7226,0.5354,0.0
bhuvanabhanu,128,21,भृतभृत्यों मनाग्वक्रो बहुभार्यः पुत्रवांस्तथा ॥१४॥,0.3176,0.5367,0.7314,0.5573,0.0
bhuvanabhanu,128,22,हस्ते श्रीवत्स-शङ्खाभ्यां युक्तः ककर्टकोद्भवः ।,0.3182,0.5595,0.708,0.5796,0.0
bhuvanabhanu,128,23,पतनेन म्रियेतासौ वर्षाणां विंशतौ नरः ॥१५॥,0.3159,0.5814,0.7115,0.5998,0.0
bhuvanabhanu,128,24,दशवर्षस्य वा मृत्युस्त्रयोविंशतिकस्य वा ।,0.3153,0.6046,0.6824,0.6247,0.0
bhuvanabhanu,128,25,अशीतौ वा पुनः पौषे मृगशीर्षे सिते निशि ॥१६॥,0.3135,0.6264,0.7611,0.6475,0.0
bhuvanabhanu,128,26,श्रीमान् मानी क्रियायुक्तो मद्यमांसप्रियस्तथा ।,0.3135,0.6539,0.7133,0.675,0.0015
bhuvanabhanu,128,27,देशभ्रमणशीलश्च विनीतः शीतभीरुकः ॥१७॥,0.3141,0.6767,0.697,0.696,0.0015
bhuvanabhanu,128,28,क्षिप्रकोपी सुपुत्रश्च जननीजनवल्लभः ।,0.3147,0.6986,0.6393,0.7201,0.0036
bhuvanabhanu,128,29,व्यसनी प्रकटो लोके पिङ्गनेत्रः क्षुदार्तिकः ॥१८॥,0.3118,0.7209,0.7267,0.7437,0.0028
bhuvanabhanu,128,30,अल्पप्रज्ञो नृपे भक्तो मृष्टान्नी विक्रमी तथा ।,0.3094,0.7441,0.6894,0.7647,0.0031
bhuvanabhanu,128,31,पश्चाद्विरागी जायेत सिंहे जातो मनुष्यकः ॥१९॥,0.3129,0.766,0.7314,0.7888,0.0042
bhuvanabhanu,128,32,१. शिशुत्वे ॥ २. बहुभार्यः ॥ ३. चतुर्थराशिभवः कर्कराश्युद्भवः ॥ ४. पवनात् ॥ ५. शुक्ले ॥ ६.,0.1463,0.8235,0.8718,0.8476,0.0024
bhuvanabhanu,128,33,त्रियामायाम्-रान्नौ ॥ ७. जलभीरुः ॥ ८. शीघ्रकोपी ॥ ९. पिङ्गनेत्रः ॥ १०. क्षुधाद्यतितप्तः ॥ ११. मातृजन -,0.0921,0.8467,0.8706,0.8712,0.0037
bhuvanabhanu,128,34,वल्लभः ॥ १२. अल्पप्रज्ञः ॥ १३. मिष्टान्नाशी-मिष्टान्नभोजीत्यर्थः ॥ १४. व्योम-इषु पञ्चाशत् ॥ १५. मधुमासे =,0.0944,0.869,0.8718,0.8927,0.0022
bhuvanabhanu,128,35,चैत्रमासे ॥ १६० मघासु ॥ १७. शनैश्चरः ॥,0.0921,0.8909,0.412,0.9116,0.0018
bhuvanabhanu,128,36,Jain Education International,0.0146,0.9747,0.1841,0.9828,0.0
bhuvanabhanu,128,37,For Private & Personal Use Only,0.4196,0.9747,0.62,0.985,0.0
bhuvanabhanu,128,38,www.jainelibrary.org,0.8584,0.9755,0.9848,0.985,0.0
bhuvanabhanu,129,1,११२,0.1329,0.0623,0.1731,0.0769,0.0
bhuvanabhanu,129,2,सिरिइंदहंसगणिविरइयं,0.7034,0.058,0.9091,0.076,0.0
bhuvanabhanu,129,3,इत्थीजणहरिसगरो धणागरौ दायगो 'कई दक्खो ।,0.3054,0.0992,0.7471,0.1194,0.0
bhuvanabhanu,129,4,बुद्भुत्तणम्मि धम्मविहाणपरो सव्वलोगपिओ ॥१५६४॥,0.3036,0.1224,0.7698,0.1443,-0.0013
bhuvanabhanu,129,5,गंधव्वनट्टवसणासत्तो दुहिओ अभओ अ नित्तरोगी अ ।,0.3036,0.1494,0.7896,0.1717,-0.0012
bhuvanabhanu,129,6,'उअरकडीसु विसालो कन्नाजाओ नरो हवइ ॥१५६५।।,0.3042,0.1722,0.7739,0.1924,0.0
bhuvanabhanu,129,7,तस्स सिरोरोगाओ जलाउ जलणाउ सत्थओ वावि ।,0.3007,0.1984,0.7657,0.2173,-0.0013
bhuvanabhanu,129,8,मरणं किर नायव्वं तेवीसइमम्मि वरिसम्मि ॥१५६६॥,0.3007,0.2216,0.771,0.2426,-0.0012
bhuvanabhanu,129,9,अहवा बत्तीसइमे असीइअमे वच्छरम्मि अक्खायं ।,0.2984,0.2495,0.7389,0.2688,0.0
bhuvanabhanu,129,10,मूले नक्खत्ते वइसाहे मासम्मि बुहवारे ॥१५६७॥,0.3001,0.2714,0.7389,0.2937,-0.0013
bhuvanabhanu,129,11,"""अट्ठाणरोसणो 'फुडभासी दुहिओ तहा खमासहिओ ।",0.2995,0.2984,0.7663,0.3207,-0.0012
bhuvanabhanu,129,12,सबलक्खो चललच्छीउ गिहसूरो सुमित्तहिओ ॥१५६८॥,0.2972,0.3212,0.7745,0.3418,0.0
bhuvanabhanu,129,13,'देवञ्चओ उआरो पवासुओ सञ्चभासओ निउणो ।,0.3007,0.3478,0.7383,0.3688,-0.0013
bhuvanabhanu,129,14,सुविसाललोअणो संगही अलुद्धो दयावंता ॥१५६९॥,0.296,0.371,0.7389,0.3929,-0.0013
bhuvanabhanu,129,15,वाणिज्जकज्ञ्जकुसलो अ संविभागी नरो तुलाजाओ ।,0.2966,0.398,0.736,0.4186,0.0
bhuvanabhanu,129,16,बीसइमे वासे मरइ ''भित्तिपायाइणा एसेो ॥१५७०॥,0.2931,0.4212,0.7535,0.4401,0.0
bhuvanabhanu,129,17,पञ्चाशत्का प्रियेतासौ यदि वा शतिको मधौ ।,0.3409,0.4633,0.7465,0.483,0.0
bhuvanabhanu,129,18,मघासु जीवितं मुश्चेत् पुण्यक्षेत्रे शनैश्चरे ॥२०॥,0.3427,0.4852,0.7442,0.5088,0.0
bhuvanabhanu,129,19,विलासिनीजनाह्लाददायको धनपूरितः ।,0.3403,0.514,0.6812,0.535,0.0
bhuvanabhanu,129,20,दाता दक्षः कविर्वृद्धभावे धर्मपरायणः ॥२१॥,0.3386,0.5354,0.7197,0.5569,0.0
bhuvanabhanu,129,21,सर्वलोकप्रियो नाट्ये गान्धर्वव्यसने रतः ।,0.3362,0.5629,0.7075,0.5818,0.0016
bhuvanabhanu,129,22,प्रवासशीलः स्रीदुःखी नेत्ररोगी च निर्भयः ॥२२॥,0.3368,0.5869,0.7681,0.6067,0.0
bhuvanabhanu,129,23,कट्युदरविशालश्च कन्याजातो भवेन्नरः ।,0.3362,0.6136,0.6876,0.6337,0.0
bhuvanabhanu,129,24,शिरोरागाज्जलादग्रे शस्त्राद् विंशतिवार्षिकः ॥२३॥,0.3368,0.6359,0.7733,0.6595,0.0
bhuvanabhanu,129,25,त्रयोविंशतिको वार्डाप म्रियतेऽसौ ततः परम् ।,0.3339,0.6629,0.7343,0.6827,0.0
bhuvanabhanu,129,26,अशीतौ मूलनक्षत्रे वैशाखे बुधवासरे ॥२४॥,0.3316,0.6857,0.7069,0.7063,0.0
bhuvanabhanu,129,27,अस्थानरोषणो दुःखी स्फुटभाषी क्षमान्वितः ।,0.3316,0.7136,0.7314,0.7338,0.0
bhuvanabhanu,129,28,चलाक्षश्चललक्ष्मीको गृहे दर्शितविक्रमः ॥२५॥,0.3322,0.7355,0.7191,0.7544,0.0
bhuvanabhanu,129,29,वाणिज्यदक्षो देवानां पूजको मित्रवत्सलः ।,0.3298,0.763,0.7098,0.784,0.0
bhuvanabhanu,129,30,प्रवासी सुहृदामिष्टः उदारः सत्यभाषकः ॥२६॥,0.3316,0.7857,0.7378,0.8055,0.0014
bhuvanabhanu,129,31,१. कविः ॥ २. धर्मविधानपरः- धर्मपरायणः इत्यर्थः ॥ ३. अभयः निर्भय इत्यर्थः ॥ ४. उदरकटीषु,0.1626,0.836,0.8899,0.8592,0.0024
bhuvanabhanu,129,32,विशालः ॥ ५. शिरोरागात् जलात् ज्वलनात् शस्त्रात् ॥ ६. वैशाखे ॥ ७. अस्थानरोषणः ॥ ८. स्फुटभाषी ॥,0.1096,0.8596,0.8869,0.8824,0.0022
bhuvanabhanu,129,33,९. देवार्चकः ॥ १०. भित्तिपातादिना ॥,0.1113,0.8815,0.3939,0.8991,0.0
bhuvanabhanu,129,34,Jain Education International,0.0146,0.9747,0.1841,0.9828,0.0
bhuvanabhanu,129,35,For Private & Personal Use Only,0.4196,0.9747,0.62,0.985,0.0
bhuvanabhanu,129,36,www.jainelibrary.org,0.8584,0.9755,0.9848,0.985,0.0
bhuvanabhanu,130,1,भुवणभाणुकेवलिचरियं,0.0927,0.0704,0.2908,0.0919,-0.0029
bhuvanabhanu,130,2,११३,0.8339,0.0717,0.8753,0.088,0.0141
bhuvanabhanu,130,3,जइ वा जया असीई बरिसाणं च अणुराहनक्खत्तं ।,0.2617,0.1099,0.7145,0.1305,-0.0026
bhuvanabhanu,130,4,अहचा जिट्टारिक्खं मंगलवारो तया मरणं ॥१५७१॥,0.2628,0.1327,0.7104,0.1546,-0.0026
bhuvanabhanu,130,5,कूरो सूरो परदारासत्तो पिंगलोअणो माणी,0.2652,0.1602,0.6451,0.1829,-0.0046
bhuvanabhanu,130,6,सहसा लद्धधणो तह जणणीविसए वि दुद्रुमई ॥१५७२॥,0.264,0.1816,0.7436,0.2052,-0.0036
bhuvanabhanu,130,7,निअपरजणनिट्ठरओ पवासुओ होइ बालभावम्मि ।,0.2646,0.21,0.701,0.231,-0.0013
bhuvanabhanu,130,8,धूत्तो 'तेणो विहलारंभो विछुअभवो मणुओ ॥१५७३॥,0.2652,0.2327,0.7273,0.2563,-0.0025
bhuvanabhanu,130,9,१५,0.1224,0.9047,0.1498,0.918,0.0
bhuvanabhanu,130,10,विछुअ-सत्थ-भुअंगम-चोरऽन्नविगारपहिं सो मरइ ।,0.2634,0.2589,0.715,0.2821,-0.0013
bhuvanabhanu,130,11,अट्ठारस-पणवीसवरिसो तओ 'सत्तां जिअइ ॥१५७४॥,0.2646,0.2812,0.7308,0.304,-0.0025
bhuvanabhanu,130,12,सूरो सञ्च्चो धीमंतो जणआणंदणो पवरभजो ।,0.2652,0.31,0.6533,0.331,-0.003
bhuvanabhanu,130,13,माणी विन्नाणी चारित्तजुओ सत्तिओ चेव ॥१५७५॥,0.264,0.3315,0.7261,0.3529,-0.0025
bhuvanabhanu,130,14,सुललिअअक्खरभासी तेअंसी होइ थूलदेहो अ ।,0.2634,0.359,0.6731,0.3813,-0.0014
bhuvanabhanu,130,15,सकुलक्खयगारी नरवइमहिओ थूलदंसी अ ॥१५७६॥,0.2646,0.3809,0.7273,0.404,-0.0025
bhuvanabhanu,130,16,सच्छिद्दपायअंगुलिओ कलहपिओ अ मित्तदोसी अ ।,0.2628,0.4083,0.7203,0.4302,-0.0013
bhuvanabhanu,130,17,धणवंतो पुण पच्छिमकालम्मि दरिद्दओ होइ ॥१५७७॥,0.2646,0.4307,0.7348,0.453,-0.0025
bhuvanabhanu,130,18,अलुब्धः संविभागी च दीर्घनेत्रो दयापरः ॥,0.3135,0.4689,0.6946,0.4916,-0.0015
bhuvanabhanu,130,19,निपुणः संग्रही चैव तुलाजातो भवेन्नरः ॥२७॥,0.3147,0.4912,0.715,0.5122,-0.0015
bhuvanabhanu,130,20,म्रियते विंशतौ कुड्यपातादिभ्योऽथवा पुनः ।,0.3147,0.523,0.7034,0.5436,0.0
bhuvanabhanu,130,21,अशीतावनुराधासु ज्येष्ठे मंगलवासरे ॥२८॥,0.3118,0.5466,0.6789,0.5663,0.0
bhuvanabhanu,130,22,बाल्यप्रवासी क्रूरात्मा शूरः पिङ्गललोचनः ।,0.3118,0.5779,0.6935,0.5994,0.0
bhuvanabhanu,130,23,परदाररतो मानी निष्ठुरः स्वजने जने ॥२९॥,0.3124,0.6011,0.7069,0.6217,0.0
bhuvanabhanu,130,24,सहसाऽवाप्तलक्ष्मीको जनन्यामपि दुष्टधीः ।,0.3129,0.6325,0.6888,0.6535,0.0
bhuvanabhanu,130,25,धूर्त्तश्चौरोऽफलारम्भी वृश्चिको द्भूतमानसः ॥३०॥,0.3129,0.6535,0.7098,0.6788,0.0015
bhuvanabhanu,130,26,वृश्चिकास्त्राहिचौरान्नो म्रियतेऽष्टादशाब्दकः ।,0.3129,0.6857,0.6946,0.7076,0.0015
bhuvanabhanu,130,27,पञ्चविंशतिको वापि ततो जीवति सप्ततिम् ॥३१॥,0.3135,0.7089,0.7453,0.7304,0.0013
bhuvanabhanu,130,28,सूरः सत्यः धिया युक्तः सात्त्विको जननन्दनः ।,0.3118,0.7415,0.7261,0.7617,0.0
bhuvanabhanu,130,29,शिल्पविज्ञानसंयुक्तो धनाढ्यो वरभार्यकः ॥३२॥,0.3159,0.763,0.7319,0.7849,0.0028
bhuvanabhanu,130,30,मानी चारित्रसम्पन्नो ललिताक्षरभाषकः ।,0.31,0.7952,0.6725,0.8137,0.0
bhuvanabhanu,130,31,तेजस्वी स्थूलदेहश्च कुलम्घ्नो राजपूजितः ॥३३॥,0.3124,0.8175,0.7104,0.8381,0.0
bhuvanabhanu,130,32,१. स्तेनः ॥ २. विफलारम्भः ॥ ३. सप्ततिम् ॥ ४. सात्त्विकः ॥,0.1486,0.8729,0.6061,0.8914,0.0
bhuvanabhanu,130,33,Jain Education International,0.0146,0.9751,0.1841,0.9828,0.0
bhuvanabhanu,130,34,For Private & Personal Use Only,0.4196,0.9751,0.62,0.9854,0.0
bhuvanabhanu,130,35,www.jainelibrary.org,0.8584,0.9755,0.9848,0.985,0.0
bhuvanabhanu,131,1,११४,0.1125,0.0674,0.1521,0.0829,0.0
bhuvanabhanu,131,2,सिरिई इहंसगणिविरइयं,0.6836,0.0648,0.8887,0.0833,0.0
bhuvanabhanu,131,3,धणुहाभिहरासिभवो मणुस्सओ तस्स होइ मरणं च ।,0.2832,0.1061,0.7471,0.1267,0.0
bhuvanabhanu,131,4,अट्ठारसमम्मि दिणे अहवा सत्तइमवासरप ॥१५७८॥,0.2826,0.1284,0.7302,0.1498,-0.0013
bhuvanabhanu,131,5,आसाढनाममासो नक्खत्तं सवणयं च विन्नेों ।,0.2821,0.1563,0.6888,0.1743,0.0
bhuvanabhanu,131,6,वारो अ 'सुरायरिओ जया तया होइ मरणं च ।।१५७९।।,0.2815,0.179,0.7838,0.1992,0.0
bhuvanabhanu,131,7,दुज्जणइट्ठो जुवइंजणवसो गीअरसजाणगो दक्खो ।,0.2826,0.2065,0.7133,0.2267,0.0
bhuvanabhanu,131,8,अप्पसुओ जणणीवच्छलओ गुज्झम्मि लंछिअओ ॥१५८०॥,0.2826,0.228,0.7669,0.2486,0.0
bhuvanabhanu,131,9,सीलालंकिअदेहो 'चाई बहुबंधवो सुरुवो अ ।,0.2832,0.2555,0.6871,0.2774,0.0
bhuvanabhanu,131,10,बंछिअसुहो धणड्डो विणोअवंतो थिरारंभो ॥१५८१।।,0.2826,0.2791,0.7244,0.3031,0.0
bhuvanabhanu,131,11,*मगरुब्भवो उ मच्चो मच्चू एअस्स वीसइमवासे ।,0.2861,0.3066,0.7075,0.3267,0.0
bhuvanabhanu,131,12,सत्तइमे वारे वइ सणि भद्दवपसु सूलाओ ॥१५८२॥,0.2826,0.3293,0.743,0.3499,-0.0013
bhuvanabhanu,131,13,दाया अलसो गयतुरयझुणी खरो सिणेहहिओ अ ।,0.2826,0.3555,0.7418,0.3774,-0.0013
bhuvanabhanu,131,14,अण्णड्डो धणभोगी चलहत्थो घट्टदिट्ठी अ ॥१५८३।।,0.2931,0.3791,0.7436,0.4032,0.0
bhuvanabhanu,131,15,परकजगरो कयविज्ञाउजमओ अ 'अवरगुणवेई ।,0.2832,0.4058,0.7104,0.4264,0.0
bhuvanabhanu,131,16,एसो कवीसरो होइ कुंभरासिपहवो मणुओ ॥१५८४॥,0.2861,0.4285,0.7424,0.4491,0.0
bhuvanabhanu,131,17,दरिद्रः पश्चिमे काले मित्रद्वेषी कलिप्रियः ।,0.3304,0.4714,0.7045,0.4908,-0.0016
bhuvanabhanu,131,18,छिद्रपादाङ्गुलिः क्षेमी धनुर्जातो भवेन्नरः ॥३४॥,0.3293,0.4938,0.7325,0.5157,-0.0029
bhuvanabhanu,131,19,अष्टादशदिने नो चेत् मृतोऽसौ तर्हि सप्ततौ ।,0.3293,0.5255,0.7209,0.5474,-0.0015
bhuvanabhanu,131,20,आषाढमासे म्रियते श्रवणे शुक्रवासरे ॥३५॥,0.3287,0.5487,0.7075,0.5698,-0.0031
bhuvanabhanu,131,21,कुजनेष्टो वशे स्त्रीणां पण्डितः शीलसंयुतः ।,0.3298,0.5805,0.704,0.6015,-0.0016
bhuvanabhanu,131,22,गीतज्ञो लाञ्छनी गुह्य पुत्राढ्यो माल्य (तु) वत्सलः ।॥३६॥,0.3298,0.6037,0.8048,0.6247,-0.0012
bhuvanabhanu,131,23,धनी त्यागी सुरूपश्च शीतालूर्भूरिबान्धवः ।,0.3304,0.635,0.6923,0.6578,-0.0016
bhuvanabhanu,131,24,परिचिन्तितसौख्यश्च स्थिरारम्भः कुतूहली ॥३७॥,0.3298,0.6574,0.7442,0.6793,-0.0028
bhuvanabhanu,131,25,मकरोत्थो मृतो नो चेद्विशत सप्ततौ ततः ।,0.3304,0.6887,0.704,0.7097,-0.0031
bhuvanabhanu,131,26,रेवत्यां म्रियते शूलान्नभस्ये शनिवासरे ॥३८॥,0.3298,0.7119,0.7249,0.7334,-0.0015
bhuvanabhanu,131,27,दाताऽलसः कृतघ्न्नश्च गजेन्द्रतुरगस्वनः ।,0.3293,0.745,0.6614,0.766,-0.0035
bhuvanabhanu,131,28,शालूरकुक्षिनिर्भीको धनाभागी सशक्तिकः ॥३९॥,0.3293,0.7664,0.7413,0.7896,-0.0042
bhuvanabhanu,131,29,स्तब्धदृष्टिश्चलो हस्ते मानविद्याकृतोद्यमः ।,0.3281,0.7995,0.6876,0.8188,-0.0032
bhuvanabhanu,131,30,पुण्याढ्यः स्नेहहीनश्च भोगी खरः कविस्तथा ॥४०॥,0.3287,0.8214,0.7652,0.8441,-0.0067
bhuvanabhanu,131,31,१. सुराचार्य : शुक्रः-शुक्रवार इत्यर्थः ॥ २. त्यागी ॥ ३. मकरोद्भवः ॥ ४. वदिः ॥ ५. गजतुरगध्वनिः।।,0.1591,0.8755,0.8864,0.8987,-0.0024
bhuvanabhanu,131,32,६. अन्नान्यः ॥ ७. स्तब्धदृष्टिः ॥ ८. अपरगुणवेदी परकार्ये गुणज्ञ इत्यर्थः ॥,0.1136,0.8987,0.641,0.9201,-0.0044
bhuvanabhanu,131,33,Jain Education International,0.0146,0.9747,0.1841,0.9828,0.0
bhuvanabhanu,131,34,For Private & Personal Use Only,0.4196,0.9751,0.62,0.9854,0.0
bhuvanabhanu,131,35,www.jainelibrary.org,0.8584,0.9755,0.9848,0.985,0.0
bhuvanabhanu,132,1,भुवणभाणुकेवलिचरियं,0.1043,0.0635,0.2937,0.0846,-0.0031
bhuvanabhanu,132,2,११५,0.8432,0.0683,0.8846,0.0837,0.0
bhuvanabhanu,132,3,सो बीसइमे वरिसे 'वग्घहओ सत्तसीइवासे वा ।,0.2692,0.1039,0.7057,0.1232,0.0
bhuvanabhanu,132,4,जलपडणाओ कत्थ वि मरइ अ भद्दवयमासम्मि ॥१५८५॥,0.2698,0.1258,0.7704,0.1464,-0.0012
bhuvanabhanu,132,5,*पडुवक्को सूरो तह 'अगाहचिट्ठो 'नरुत्तमो कोही ।,0.2745,0.1533,0.7238,0.1743,0.0
bhuvanabhanu,132,6,रणसजो निलजो अवरजणनिसेवओ निञ्चं ॥१५८६।॥,0.2733,0.1756,0.7279,0.1958,-0.0013
bhuvanabhanu,132,7,गंधव्ववेअगो पारदारिओ बहुलसत्तुसंजुत्तो ।,0.2727,0.2031,0.6568,0.225,0.0
bhuvanabhanu,132,8,'लोलक्खो अइदक्खो तहा 'विभूसारओ सययं ॥१५८७॥,0.2756,0.2258,0.7681,0.2456,0.0
bhuvanabhanu,132,9,सिरिदेवसुगुरुसेवासत्तो तुरिओ सकज्ञ्जकरणम्मि ।,0.2704,0.2533,0.708,0.2731,0.0
bhuvanabhanu,132,10,बंधुहिओ अ धणपिओ पिअदंसणओ नमणसीलो ॥१५८८॥,0.2698,0.2752,0.7751,0.298,0.0012
bhuvanabhanu,132,11,बारसमरासिजाओ हवइ नरो तस्स मरणमक्खायं ।,0.2698,0.3018,0.7185,0.3207,0.0013
bhuvanabhanu,132,12,अड्डारसमे वरिसे अहवा 'बाणोणसयगम्मि ॥१५८९॥,0.2698,0.3259,0.7308,0.3461,0.0
bhuvanabhanu,132,13,इअ जे मेसाईणं बारसरासीण वण्णिआ उ गुणा ।,0.2721,0.3525,0.7086,0.3723,0.0
bhuvanabhanu,132,14,नरवर ! पुव्वं सव्वे ते कहिया सव्वदंसीहिं ॥१५९०।।,0.271,0.3748,0.743,0.3963,0.0012
bhuvanabhanu,132,15,पअं जोइससत्थं पयासगं 'इंदिआइगऽत्थाणं ।,0.271,0.4019,0.6713,0.4216,0.0
bhuvanabhanu,132,16,केवलिभासिअभावेण कयाइ वि 'नऽन्नहा होइ ॥ १५९१।।,0.2681,0.4242,0.757,0.4453,0.0036
bhuvanabhanu,132,17,गुणज्ञः परकार्ये च भाषकः कुम्भसम्भवः ।,0.3193,0.4762,0.6836,0.4972,0.0016
bhuvanabhanu,132,18,स च विंशतिवर्षे चेद् व्याघ्रण न हतस्तदा ॥४१॥,0.3193,0.4989,0.7477,0.5208,0.0027
bhuvanabhanu,132,19,सप्ताशीतितमे वर्षे मासे भाद्रपदे तथा ।,0.3211,0.526,0.6655,0.5462,0.0034
bhuvanabhanu,132,20,म्रियते मानवः क्वापि नीरे पतनसम्भवात् ॥४२॥,0.3211,0.5492,0.7558,0.5711,0.0027
bhuvanabhanu,132,21,गम्भीरचेष्टितः शूरः पटुवाक्यो नरोत्तमः ।,0.3205,0.5814,0.6871,0.602,0.0016
bhuvanabhanu,132,22,क्रोधी प्राज्ञो रणश्रेष्ठो न त्यागी बन्धुवत्सलः ॥४३॥,0.3176,0.6037,0.7599,0.6264,0.004
bhuvanabhanu,132,23,गान्धर्ववेदको नित्यं सेवकश्चेतरे जने ।,0.317,0.6307,0.6579,0.6492,0.0034
bhuvanabhanu,132,24,गच्छति त्वरया मार्गे निर्लजः प्रियदर्शनः ॥४४॥,0.3211,0.6531,0.7448,0.6733,0.0028
bhuvanabhanu,132,25,सत्यो देवगुरूपास्तिरतः प्रचुरशक्तिकः ।,0.3199,0.6853,0.6707,0.7063,0.0017
bhuvanabhanu,132,26,विभूषानिरतो दक्षो लोलाक्षः पारदारिकः ॥४५॥,0.3182,0.7076,0.7383,0.7295,0.0014
bhuvanabhanu,132,27,धनप्रियोऽस्थिरो नम्रो मीने जातो मनुष्यकः ।,0.3182,0.7342,0.7244,0.757,0.0014
bhuvanabhanu,132,28,मृत्युरष्टादशे वर्षे पश्ञ्चोनशतिकस्य वा ॥४६॥,0.3176,0.757,0.7022,0.7789,0.003
bhuvanabhanu,132,29,तदेवं देव ! ये प्रोक्ता मेषादीनां गुणा मया ।,0.3164,0.7896,0.7104,0.8102,0.0044
bhuvanabhanu,132,30,एते पूर्व स्वशिष्येभ्यः सर्वज्ञेन निवेदिताः ॥४७॥,0.3188,0.8115,0.7488,0.8343,0.0041
bhuvanabhanu,132,31,१. व्याघ्रहतः ॥ २. पटुवाक्यः ॥ ३. अगाधचेष्टः- गम्भीरचेष्टित इत्यर्थः ॥ ४. नरोत्तमः ॥ ५. लोलाक्षः॥,0.1527,0.8682,0.8776,0.8918,0.0056
bhuvanabhanu,132,32,६. विभूषारतः ७. पश्ञ्चोनशतके ॥ ८. इन्द्रियातिगार्थानाम् ॥ ९. न अन्यथा ॥,0.1061,0.8922,0.6509,0.9124,0.0011
bhuvanabhanu,132,33,Jain Education International,0.0146,0.9747,0.1841,0.9828,0.0
bhuvanabhanu,132,34,For Private & Personal Use Only,0.4196,0.9747,0.62,0.985,0.0
bhuvanabhanu,132,35,www.jainelibrary.org,0.8584,0.9755,0.9848,0.985,0.0
bhuvanabhanu,133,1,११६,0.1259,0.0597,0.1643,0.0747,0.0
bhuvanabhanu,133,2,सिरिइंदहंसगणिविरइयं,0.6952,0.0601,0.9003,0.0786,0.0
bhuvanabhanu,133,3,जोइसनाणस्स पुणो वभिचारो होइ भासगनरस्स ।,0.2937,0.0988,0.743,0.1194,0.0013
bhuvanabhanu,133,4,दोसेण जेण एसो 'सत्थविभायं न जाणेइ ॥१५९२॥,0.2937,0.1211,0.7448,0.1421,0.0013
bhuvanabhanu,133,5,कूरगहा दिट्ठा जइ बलवंता रासिणो इमे हुंति ।,0.2949,0.1533,0.7145,0.1748,0.0014
bhuvanabhanu,133,6,तेसिं गुणा उ सच्चा विन्नेआ नऽन्नहा नाह ! ॥१५९३॥,0.292,0.1756,0.7552,0.1958,0.0013
bhuvanabhanu,133,7,पअं सोऊण निवो अकलंको नाम भणइ एवमिमं ।,0.2931,0.2074,0.7308,0.2271,0.0013
bhuvanabhanu,133,8,संदेहो नत्थि अको वि भासिअं सम्ममजेणं ॥ १५९४॥,0.292,0.2297,0.7879,0.249,0.0024
bhuvanabhanu,133,9,२,0.6002,0.2323,0.6096,0.2383,0.0
bhuvanabhanu,133,10,तत्तो सो सिद्धत्थो विसजिओ सत्थजाणगो रण्णा ।,0.292,0.2615,0.7483,0.2808,0.0013
bhuvanabhanu,133,11,धणकंचणगाइअभूरिदाणदाणेण महिऊणं ॥१५९५।।,0.2914,0.2855,0.7162,0.3057,0.0
bhuvanabhanu,133,12,सुहवासरम्मि कुमरस्स नामगं निवइणा ठबिअमेअं ।,0.2925,0.3169,0.7517,0.3366,0.0
bhuvanabhanu,133,13,बलिराय त्ति महंतमहपुव्वर्ग हरिससहिपणं ॥ १५९६॥,0.2914,0.3392,0.7296,0.3607,0.0027
bhuvanabhanu,133,14,बइ सो कुमरो पइदिणं सयणपाणिसंठिओ ताव ।,0.2908,0.3701,0.7389,0.3907,0.0
bhuvanabhanu,133,15,पुण्णोदयो पयडिओ ससंककिरणुजलो जस्स ॥१५९७॥,0.2914,0.3937,0.7628,0.4148,0.0
bhuvanabhanu,133,16,बालत्तणे वि जाओ सब्बोहो जस्स रायतणयस्स ।,0.2908,0.4212,0.7244,0.4392,0.0
bhuvanabhanu,133,17,पुव्वभवाओ चिअ दंसणेण चत्तं न जस्स तडं ॥१५९८॥,0.2896,0.4435,0.7675,0.4637,0.0
bhuvanabhanu,133,18,देवे बंदइ आणंदिओ गुरूण पयपंकयाणि तहा ।,0.2896,0.471,0.7098,0.4903,0.0
bhuvanabhanu,133,19,पणमेइ अ निसमेइ अ दिवानिसं जो जिणागमयं ॥ १५९९।।,0.2902,0.4933,0.8065,0.5122,0.0
bhuvanabhanu,133,20,पुण्णोदयष्पहावेण जेण पढिआउ निम्मलकलाओ ।,0.2908,0.5208,0.7168,0.5401,0.0
bhuvanabhanu,133,21,गंभीरत्त-गुरुत्तणपमुहगुणा जस्स कुमरत्ते ॥१६००।।,0.2885,0.544,0.7244,0.5633,0.0
bhuvanabhanu,133,22,जो वडूंतो जुव्वणवपण समहिडिओ गुरुपइट्ठो ।,0.2879,0.5698,0.6981,0.5917,0.0
bhuvanabhanu,133,23,तहरूव सुहगयाइगुणेहिमिव तस्स 'फद्धाए ॥१६०१॥,0.2861,0.6011,0.7273,0.623,-0.0013
bhuvanabhanu,133,24,सयलकलाकुसलेहिं अणेगकुमरेहिं समेस भिसं ।,0.2855,0.629,0.7098,0.6496,0.0
bhuvanabhanu,133,25,विरयइ पुणो विणोए विविह्वपयारे निवकुमारो ॥१६०२॥,0.2855,0.6518,0.7768,0.6715,0.0
bhuvanabhanu,133,26,ज्योतिर्ज्ञानं निमित्तं च तथाऽन्यदपि तादृशम् ।,0.3333,0.6951,0.7459,0.7136,0.0
bhuvanabhanu,133,27,अतीन्द्रियार्थं तच्छास्त्रं सर्व सर्वज्ञपूर्वकम् ॥४८॥,0.3322,0.717,0.7424,0.7364,0.0
bhuvanabhanu,133,28,ततोऽत्र व्यभिचारः स्यात् केवलं नरदोषतः ।,0.331,0.7492,0.7185,0.7694,0.0
bhuvanabhanu,133,29,विभागं हि न जानीते शास्त्रस्याल्पश्रुतो नरः ॥४९॥,0.3298,0.7716,0.7815,0.7918,0.0
bhuvanabhanu,133,30,एवं च स्थिते-,0.2343,0.7999,0.3671,0.8162,0.0
bhuvanabhanu,133,31,क्रूरग्रहैर्न दृष्टाश्चेद् बलवन्तश्च राशयः ।,0.331,0.8274,0.6573,0.8484,0.0
bhuvanabhanu,133,32,ततोऽमीषां गुणाः सत्या नान्यथेत्यवधारय ॥५०॥,0.3304,0.8493,0.7512,0.8699,-0.0014
bhuvanabhanu,133,33,१. शास्त्रविभागम् ॥ २. सम्यगार्येण सम्यगाचार्येणेत्यर्थः ॥ ३. स्पर्द्धया ॥,0.1614,0.8918,0.6772,0.912,0.0
bhuvanabhanu,133,34,Jain Education International,0.0146,0.9751,0.1841,0.9828,0.0
bhuvanabhanu,133,35,For Private & Personal Use Only,0.4196,0.9747,0.62,0.985,0.0
bhuvanabhanu,133,36,www.jainelibrary.org,0.8584,0.9755,0.9848,0.985,0.0
bhuvanabhanu,134,1,भुषणमाणुवे. बलिचरियं,0.12,0.0743,0.3135,0.0957,-0.003
bhuvanabhanu,134,2,देवगिहेसु जणेइ ण्हवणाणि सुमभरमहंतपूआओ ।,0.2873,0.1091,0.7249,0.131,-0.0027
bhuvanabhanu,134,3,विरयावेइ तहा जत्ताओ [मह] भत्तिजुत्तो जो ॥१६०३॥,0.2867,0.1301,0.7517,0.1533,-0.005
bhuvanabhanu,134,4,आउज्ज-गीअ-नाडयविह्मवणप्पमुहपुण्णपयरेहिं ।,0.2879,0.158,0.7022,0.1808,-0.007
bhuvanabhanu,134,5,जिणवरसासणमेअं पहाविअं रायकुमरेण ॥१६०४५।,0.2855,0.1812,0.7185,0.2027,-0.0054
bhuvanabhanu,134,6,जेणं दाणं दाविजइ दीणाण करुणानिहाणेणं ।,0.2832,0.2087,0.6859,0.2293,-0.0058
bhuvanabhanu,134,7,गुरुरायपासदेसे सयागमं सुणइ एगमणो ॥१६०५॥,0.2908,0.231,0.7156,0.2542,-0.0082
bhuvanabhanu,134,8,चारित्तधम्मसिन्नं समग्गमवि जस्स परिचिईभूअं ।,0.2838,0.2576,0.6941,0.2804,-0.0043
bhuvanabhanu,134,9,मोहमहाचरडबलं दूरेण भमइ भयभ॑तं ॥१६०६।।,0.2815,0.2817,0.6911,0.3036,-0.0057
bhuvanabhanu,134,10,न विसयरागो जस्स विसओ हवइ दिद्विगो न दोसो वि ।,0.2861,0.307,0.7995,0.3293,-0.0023
bhuvanabhanu,134,11,जम्हा उदगाओ पिव अग्गी उग्गो वि उवसंतो ॥१६०७।।,0.285,0.3298,0.7826,0.3512,-0.007
bhuvanabhanu,134,12,गिरिराओ उच्छलमाणो पडिओ 'कंदुगु व्व दूरतरं ।,0.2873,0.3577,0.7448,0.3813,-0.0038
bhuvanabhanu,134,13,लोहो बाहविहुरो सुहडेणं जेण जणिओ अ ॥१६०८॥,0.2826,0.3796,0.743,0.4036,-0.0063
bhuvanabhanu,134,14,किविणत्तं पिसुणत्तं अणुमत्तं जस्स दीसप नेव,0.2844,0.4079,0.7075,0.4298,-0.0055
bhuvanabhanu,134,15,फरिस-रस-गंध-रूव-रवगिद्धया नवि अ अक्खाणं ॥१६०९॥,0.2821,0.4298,0.8269,0.4508,-0.0043
bhuvanabhanu,134,16,जेणावमाणिओ अविणओ गओ वासठाणअपयाणा ।,0.2821,0.4573,0.7244,0.477,-0.0066
bhuvanabhanu,134,17,अन्नत्थ व तत्थ इमो विसेसओ वासिओ तेहिं ॥१६१०॥,0.2838,0.4783,0.7628,0.5011,-0.0085
bhuvanabhanu,134,18,मद्दव-अजव-सोरिअ-उदारयापमुहगुणसहस्सेहिं ।,0.2855,0.5062,0.7098,0.5298,-0.0055
bhuvanabhanu,134,19,रायकुमरस्स अंगं घडिथं च 'चतुम्मुहेण इमं ॥१६११।।,0.2861,0.5286,0.7628,0.5526,-0.0098
bhuvanabhanu,134,20,कुमरस्स कित्तिपूरो पसरइ घणसारपरिमलु व्व जओ ।,0.2826,0.556,0.7582,0.5801,-0.0074
bhuvanabhanu,134,21,जम्हा अवगुणअंगारकणो जस्स न तडम्मि ठिओ ॥१६१२॥,0.2826,0.5788,0.7855,0.602,-0.007
bhuvanabhanu,134,22,जस्स विणयाइअगुणे दहूणं रंजिआ नयरलोआ ।,0.2826,0.6058,0.7034,0.6295,-0.0055
bhuvanabhanu,134,23,जस्स रमंतस्स नयणअविसयभावं न इच्छंति ॥१६१३॥,0.2826,0.6295,0.7657,0.6501,-0.0048
bhuvanabhanu,134,24,कुमरे दिड्डे माया-पिऊण उप्पजए अ जो हरिसो ।,0.2821,0.6569,0.7267,0.6793,-0.0039
bhuvanabhanu,134,25,न मुणिज्जइ छउमत्थेण सो पमुत्तूण जिणमेगं ॥१६१४॥,0.2832,0.6793,0.7529,0.7024,-0.0062
bhuvanabhanu,134,26,खणमवि खमंति न इमे जणणिजणगा निवंगयविओगं ।,0.2803,0.7067,0.7786,0.7274,-0.0035
bhuvanabhanu,134,27,विणयाईण गुणाणं एस पहावो समग्गो वि ॥१६१५।।,0.2821,0.7299,0.7372,0.7514,-0.0051
bhuvanabhanu,134,28,पइगेहं जस्स गुणाण कहाओ जणमुहेसु वडूंति ।,0.2826,0.7574,0.6987,0.7793,-0.0056
bhuvanabhanu,134,29,सव्वे वि वल्लहा जं गुणा न उण सयणसंबंधो ॥१६१६।।,0.2809,0.7802,0.7587,0.8008,-0.0037
bhuvanabhanu,134,30,जस्स य गीआई गाइज्जते अमरसुंदरीहिं पि ।,0.2821,0.8072,0.6853,0.8274,-0.0029
bhuvanabhanu,134,31,भासिज्जते जस्स य चरिआणि अहो ! सुरेहिं पि ॥ १६१७७॥,0.2809,0.8295,0.8013,0.8506,-0.0022
bhuvanabhanu,134,32,१६७,0.8578,0.073,0.898,0.0889,0.0
bhuvanabhanu,134,33,१. कन्दुक इव ॥ २. अणुमात्रम् ॥ ३. अक्षाणाम्-इन्द्रियाणाम् ॥ ४. चतुर्मुखेन-ब्रह्मणेत्यर्थः ॥ ५. नयन-,0.1632,0.8815,0.8887,0.9043,-0.0016
bhuvanabhanu,134,34,अविषयभावम्-अदर्शनमित्यर्थः ॥ ६. नृपाङ्गजवियोगम् ॥,0.1101,0.9055,0.4854,0.927,-0.0031
bhuvanabhanu,134,35,Jain Education International,0.0146,0.9747,0.1841,0.9828,0.0
bhuvanabhanu,134,36,For Private & Personal Use Only,0.4196,0.9751,0.62,0.9854,0.0
bhuvanabhanu,134,37,www.jainelibrary.org,0.8584,0.9755,0.9848,0.985,0.0
bhuvanabhanu,135,1,११८,0.1049,0.0683,0.1428,0.0837,0.0
bhuvanabhanu,135,2,सिरिइंद हंसगणिविरइयं,0.6748,0.0627,0.8834,0.0812,-0.0028
bhuvanabhanu,135,3,इअ बलिनामे कुमरे अच्चब्भुअगुणमणोहरे सुणिए ।,0.2756,0.1048,0.701,0.1262,-0.0041
bhuvanabhanu,135,4,देसाहिवनिवकन्नाओ जायाओ सरागाओ ॥१६१८॥,0.2751,0.1262,0.7115,0.1477,-0.004
bhuvanabhanu,135,5,एअम्मि भवे अम्हे इमस्स कुमरस्स पाणिगहणं च ।,0.2756,0.1541,0.7308,0.1748,-0.0038
bhuvanabhanu,135,6,कुणिमो अवरस्स य नेव निच्छओ निम्मिओ ताहिं ॥१६१९॥,0.2751,0.176,0.8077,0.1988,-0.0033
bhuvanabhanu,135,7,'एअमुदंतं मुणिउं राएहि पेसिआउ कन्नाओ ।,0.2797,0.2035,0.6754,0.2263,-0.0044
bhuvanabhanu,135,8,निनिअदेसेहिंतो मणुन्नरिवारसहिआओ ॥१६२०॥,0.2739,0.2258,0.722,0.2482,-0.0052
bhuvanabhanu,135,9,निअरूवसारलच्छीतज्जितअच्छरगणाउ कुमरीउ ।,0.2751,0.2529,0.6853,0.2739,-0.0028
bhuvanabhanu,135,10,ताओ सयंवराओ समागयाओं गयगईओ ।॥ १६२१।।,0.2733,0.2757,0.7045,0.2963,-0.0054
bhuvanabhanu,135,11,चितंति ताय-माया उ अहो ! रायकुमरस्स सोहग्गं ।,0.2739,0.3036,0.7319,0.3242,-0.0025
bhuvanabhanu,135,12,आगरिसिऊण जेणं आणीआओ निवसुआओ ॥१६२२॥,0.2721,0.3255,0.7354,0.3474,-0.0038
bhuvanabhanu,135,13,नरवइणा तासि आवासा दिन्ना पमोअकलिएण ।,0.2751,0.3529,0.6958,0.374,-0.0055
bhuvanabhanu,135,14,लायण्णपूरिअसरीराणं तेलुक्कसाराणं ॥१६२३।।,0.2704,0.3748,0.6661,0.3985,-0.0074
bhuvanabhanu,135,15,अच्छरिअं अच्छरिअं जासि नेवऽच्छराओ तुल्लाओ ।,0.2733,0.4023,0.7214,0.4242,-0.0039
bhuvanabhanu,135,16,*समवच्छराण तुच्छेअरछेअन्त्तणगुणजुआणं ॥१६२४॥,0.2762,0.4255,0.7174,0.4474,-0.0053
bhuvanabhanu,135,17,वयगहणाभिप्पाओ पुरा वि नाओ निवेण अत्थि तओ ।,0.2733,0.456,0.7587,0.4796,-0.006
bhuvanabhanu,135,18,राया देवी गंतूण भणंति नरिंदपुत्तस्स ॥१६२५॥,0.2727,0.4792,0.6911,0.5036,-0.007
bhuvanabhanu,135,19,बच्छ ! जइ तुमं अम्हे गणेसि धम्मस्स सारमुणगो सि ।,0.2733,0.5058,0.7681,0.5286,-0.0059
bhuvanabhanu,135,20,घिप्पसु तया तुमं रायसुआणं पाणिमेआसि ॥१६२६॥,0.2704,0.5281,0.7273,0.5517,-0.0051
bhuvanabhanu,135,21,तुह गुणसवणागरिसिअमणाउ गच्छंति जइ निरासाओ ।,0.2704,0.5595,0.7593,0.5835,-0.0072
bhuvanabhanu,135,22,पत्थागयाउ रायवरपेसिआओ सधूआओ ॥१६२७॥,0.271,0.5835,0.7075,0.6071,-0.0067
bhuvanabhanu,135,23,अम्हाणं एअं खेअकारणं 'सिरिगरं न लोअम्मि ।,0.2681,0.6101,0.6993,0.6307,-0.0041
bhuvanabhanu,135,24,तम्हा कुमरीण मणोरहं तुमं ताव पूरेसु ॥१६२८॥,0.2698,0.6337,0.6993,0.6565,-0.0054
bhuvanabhanu,135,25,माया-पिऊण हरिसं करेसि जइ ताब अम्ह वयणाई ।,0.2686,0.6651,0.7459,0.6848,-0.0037
bhuvanabhanu,135,26,*समणम्मि ठवेसु जओ तुमं पिओ वच्छलो निच्चं ॥१६२९।।,0.2751,0.6874,0.7885,0.7102,-0.0045
bhuvanabhanu,135,27,तत्तो बलिरायसुओ चितेइ अ ताय-मायनिब्बंधो ।,0.2692,0.7149,0.6941,0.7359,-0.0027
bhuvanabhanu,135,28,एसो दढो करिज्जइ किमित्थ पयबंधणं बहुअं ॥१६३०॥,0.2704,0.7377,0.7512,0.76,-0.0024
bhuvanabhanu,135,29,लंघेमि अहं जइ पिउवयणाई ता हविस्सए असुहं ।,0.2675,0.7694,0.7179,0.7909,-0.0026
bhuvanabhanu,135,30,माया-पिआण एगो तणओ ताणं अहं जम्हा ॥१६३१॥,0.2692,0.7939,0.7314,0.8128,-0.0025
bhuvanabhanu,135,31,चितिअकजं पुणरवि अहं करिस्सामि अवसरम्मि तओ ।,0.2675,0.8192,0.7657,0.842,-0.0035
bhuvanabhanu,135,32,करगहणविहाणेणं करेमि माया-पिउसमाहिं ॥१६३२॥,0.2663,0.842,0.7284,0.8639,-0.0038
bhuvanabhanu,135,33,१. एतम्-उदन्तम्-वृत्तान्तम् ॥ २. समवत्सराणाम् ॥ ३. स्वदुहितरः ॥ ४. स्वमनसि ॥,0.148,0.8922,0.7634,0.9137,-0.0019
bhuvanabhanu,135,34,Jain Education International,0.0146,0.9751,0.1841,0.9828,0.0
bhuvanabhanu,135,35,For Private & Personal Use Only,0.4196,0.9751,0.62,0.9854,0.0
bhuvanabhanu,135,36,www.jainelibrary.org,0.8584,0.9755,0.9848,0.985,0.0
bhuvanabhanu,136,1,भुवणभाणुकेवलिचरियं,0.0932,0.0666,0.2861,0.0863,0.0
bhuvanabhanu,136,2,भोगफलाणि अवस्सं भुत्तव्वाई ति जेण पडिवन्नं ।,0.2593,0.1116,0.6917,0.1314,0.0
bhuvanabhanu,136,3,मणवंछारहिएण वि पिउवयणं नायतत्तणं ॥१६३३॥,0.2622,0.1335,0.7034,0.1541,0.0013
bhuvanabhanu,136,4,कुमरस्स तओ पिउणा पाणिग्गहणुच्छवो महड्डीए ।,0.2605,0.161,0.7063,0.1855,0.0
bhuvanabhanu,136,5,काराविओ नराहिवकुमरीणं सुहमुद्दुत्तम्मि ॥१६३४॥,0.2605,0.1881,0.7057,0.2095,0.0
bhuvanabhanu,136,6,रापण महाभवणं उज्जाणमणोरमं च कारिअमपुव्वं ।,0.2605,0.2151,0.7086,0.2357,0.0
bhuvanabhanu,136,7,रायसुअकेलिहेउं भज्जागेहाणि 'तप्पासे ॥१६३५॥,0.2617,0.2379,0.6719,0.2581,0.0
bhuvanabhanu,136,8,तत्थ ठिओ रायसुओ सुरोवमसुहं सया अणुहवंतो ।,0.2576,0.2645,0.7115,0.286,0.0
bhuvanabhanu,136,9,रबपत्तबद्धनञ्चं पेक्खइ ताहिं समं एसो ॥१६३६॥,0.2611,0.2872,0.6772,0.307,-0.0014
bhuvanabhanu,136,10,पुव्वभवसंचिअसुकयफलमेअं इअ मुर्णतओ कुमरो ।,0.2582,0.3143,0.6923,0.3358,-0.0013
bhuvanabhanu,136,11,धम्मं सम्मं च कुणंतओ गमेइ सयलदिणाई ॥१६३७७॥,0.2564,0.3375,0.7162,0.3572,0.0
bhuvanabhanu,136,12,अकलंकनराहिवई पालिअरज्जो अ भवविरत्तमणो ।,0.257,0.3641,0.6807,0.383,0.0
bhuvanabhanu,136,13,सपयम्मि ठवेइ सुअं पज्जंतो कस्स वि न गेज्झो ? ॥१६३८॥,0.2547,0.3873,0.792,0.4075,0.0
bhuvanabhanu,136,14,लोए वि तुच्छओ हवइ उच्छुपज्जंतपव्वजायरसो ।,0.2517,0.4143,0.6987,0.4362,-0.0013
bhuvanabhanu,136,15,इहलोगं परलोग साहंति नरा इमे धन्ना ॥१६३९।।,0.2564,0.4367,0.6871,0.456,-0.0014
bhuvanabhanu,136,16,अकलंकनिवो दिक्खं कुवलयचंदाभिहाणजिणपासे ।,0.2564,0.4629,0.6591,0.4818,0.0
bhuvanabhanu,136,17,अंगीकरेइ वित्थरपुरस्सरं गुरुपणयसीसो ॥१६४०॥,0.2535,0.4852,0.6923,0.5067,-0.0013
bhuvanabhanu,136,18,चरिऊण तवं उग्गं भावरिऊणं खयं च काऊणं ।,0.2517,0.5131,0.6731,0.5311,0.0
bhuvanabhanu,136,19,उप्पाडिऊण नाणं संपत्तो सासयं ठाणं ॥ १६४१॥,0.2547,0.5363,0.6725,0.5556,0.0
bhuvanabhanu,136,20,देवी सुदंसणा वि अ गहिऊणं संजमं निवेण समं ।,0.2529,0.5625,0.6824,0.5814,0.0
bhuvanabhanu,136,21,*तवसोसिअससरीरा य देवलोगं गया समणी ॥ १६४२।।,0.257,0.5861,0.7389,0.605,0.0
bhuvanabhanu,136,22,बलिराओ वि अ उवचिअपुण्णुदएणं महानिवो विहिओ ।,0.2512,0.6131,0.7314,0.6337,0.0
bhuvanabhanu,136,23,सव्वेहि वि जस्साणा निअसीसे ठाविआ सययं ॥ १६४३॥,0.2488,0.6346,0.757,0.6548,0.0
bhuvanabhanu,136,24,सामंतमंडलिअपमुहमहीसा मंडलेसरा जेण ।,0.2483,0.6629,0.6265,0.6831,0.0
bhuvanabhanu,136,25,निअपुव्वयनिवइ-असाहिआ अवि पराजिआ बहुसो ॥१६४४।।,0.2523,0.6848,0.785,0.7063,0.0
bhuvanabhanu,136,26,रज्जमहो ! सुररायसममहो ! सोहग्गमंग क्रयसोहं ।,0.2535,0.714,0.6847,0.7338,0.0
bhuvanabhanu,136,27,दाणमहो ! बलिअवंयारकारगं बलिनरिदस्स ॥१६४५॥,0.2506,0.7355,0.7168,0.7553,0.0
bhuvanabhanu,136,28,सीलमहो ! जस्स सुदंसणस्स य सुराणमवि अ अक्खोहं ।,0.2483,0.7621,0.7622,0.7827,0.0
bhuvanabhanu,136,29,दसविहपञ्चक्खाणकरणेण य अहो ! सुकयकोसो ॥१६४६॥,0.2494,0.7853,0.7506,0.8059,0.0
bhuvanabhanu,136,30,जस्स अहो ! सुहभावो अणन्नतुल्लो सुपुण्णपोसगरो ।,0.2477,0.8132,0.6976,0.833,0.0
bhuvanabhanu,136,31,*महजम्मो रम्मो एस जत्थ लद्धो उ जिणधम्मो ॥१६४७॥,0.2488,0.8347,0.7564,0.854,0.0
bhuvanabhanu,136,32,१. तत्पार्श्व ॥ २. तपःशोषितस्वशरीरा ॥ ३. महानां जन्म यस्मात् स महजन्मा-उत्सवजनक इत्यर्थः ॥,0.1311,0.897,0.8421,0.9154,0.0
bhuvanabhanu,136,33,Jain Education International,0.0146,0.9747,0.1841,0.9828,0.0
bhuvanabhanu,136,34,For Private & Personal Use Only,0.4196,0.9751,0.62,0.9854,0.0
bhuvanabhanu,136,35,११९,0.8351,0.0683,0.8724,0.0829,0.0
bhuvanabhanu,136,36,www.jainelibrary.org,0.8584,0.9755,0.9848,0.985,0.0
bhuvanabhanu,137,1,१२०,0.1078,0.0666,0.1498,0.0807,0.0
bhuvanabhanu,137,2,सिरिइंदहंसगणिविस्इय,0.6801,0.0614,0.8875,0.0803,0.0
bhuvanabhanu,137,3,जेण कर्य इस्सरिअं 'आगाससमुद्दपुव्वलक्खाई ।,0.2768,0.103,0.697,0.1245,0.0
bhuvanabhanu,137,4,निक्कंटयं महामेहबुद्विपमुइअसयललोअं ॥१६४८॥,0.2797,0.1258,0.6836,0.1477,-0.0014
bhuvanabhanu,137,5,कुमरत्तणम्मि जस्स य गयाणि गयणदुगपुव्वलक्खाई ।,0.278,0.1524,0.7605,0.1748,-0.0012
bhuvanabhanu,137,6,इअ सुरचमक्करीओ करेइ जो रजरिद्धीओ ॥१६४९॥,0.2797,0.1748,0.7314,0.1967,-0.0026
bhuvanabhanu,137,7,जिण्णुद्धारा जेणं विहाविआ तात्र ठाणठाणेसु ।,0.2768,0.2022,0.6807,0.2237,-0.0014
bhuvanabhanu,137,8,*निअअप्पुद्धारा पिव पहावगेणं जिणमयस्स ।।१६५०।।,0.2809,0.225,0.7483,0.2465,-0.0025
bhuvanabhanu,137,9,'जेणाहिणवा जिणवरपासाया कारिआ य निअदेसे ।,0.278,0.2508,0.7418,0.2714,-0.0013
bhuvanabhanu,137,10,"पइगामं पइनयरं ""जसपयरा व पयडीभूआ ॥१६५१॥",0.2756,0.2765,0.7325,0.298,-0.0013
bhuvanabhanu,137,11,रहजत्ताओ जेणं पयट्टिआओ अ नयरमज्झम्मि ।,0.2768,0.3018,0.6906,0.3233,-0.0014
bhuvanabhanu,137,12,विरइअमहाविभूईओ धम्मुजोआण सया ॥१६५२।।,0.2751,0.3263,0.7075,0.3486,-0.0013
bhuvanabhanu,137,13,धम्मेण बडिओ जो जमेरिसा पाविआ महाभोगा ।,0.2751,0.3529,0.7214,0.3774,-0.0013
bhuvanabhanu,137,14,जेणावि वडिओ सो पहावणाहेउकिच्चेहिं ।।१६५३।।,0.2739,0.3804,0.7034,0.4066,-0.0027
bhuvanabhanu,137,15,धम्मस्स य रायस्स य परुप्परं वट्टए अ उवयारो ।,0.2751,0.4126,0.7267,0.4332,-0.0052
bhuvanabhanu,137,16,जेसि समो अन्नो को वि दीसइ न लोअमज्झम्भि ॥१६५४।॥,0.2721,0.4332,0.7955,0.4551,-0.0045
bhuvanabhanu,137,17,पगय चउद्द‌सिदिणे कओववासो महानरेसो अ ।,0.2774,0.4611,0.6935,0.4826,-0.0042
bhuvanabhanu,137,18,रविअत्थमणगसमए घूपइ जिणाहिवे देवे ॥१६५५॥,0.2756,0.4826,0.7185,0.5071,-0.0053
bhuvanabhanu,137,19,तत्तो रत्तिअपोसहगाही सज्झायभणणआसत्तो ।,0.2745,0.5109,0.6707,0.5303,-0.0044
bhuvanabhanu,137,20,सुहभावो बलिभूवो अपमत्तो निम्गमइ रत्ति ॥१६५६॥,0.2733,0.5333,0.7383,0.556,-0.0038
bhuvanabhanu,137,21,रयणिविरामे रण्णो विसेसओ चरणधम्मसिन्नमिणं ।,0.2739,0.5595,0.7343,0.5792,-0.0025
bhuvanabhanu,137,22,सन्निहिअं संजायं जस्स य चितेइ रायवरो ॥१६५७।।,0.271,0.5835,0.7302,0.6028,-0.0025
bhuvanabhanu,137,23,मज्झ अहो ! मूढत्तं माणुसजम्मं इमं च लहिऊणं ।,0.2721,0.6097,0.7139,0.632,-0.0013
bhuvanabhanu,137,24,विसयाभिलासगिद्धेण मए हा ! हारिअं ताव ॥१६५८॥,0.2669,0.6325,0.7407,0.6522,-0.0037
bhuvanabhanu,137,25,बहुसायरोवमाइअकालहवंतेगभोगसुक्खेहिं ।,0.2692,0.6604,0.6369,0.6818,-0.0032
bhuvanabhanu,137,26,जीआणं जइ न तित्ती ता किं होही 'निभोगेहिं ? ॥ १६५९।।,0.2692,0.6827,0.7861,0.7029,-0.0023
bhuvanabhanu,137,27,"""तत्तविआरेणं जइ विलोगसे एस लोगमज्झम्मि ।",0.2733,0.7093,0.6987,0.7295,-0.0014
bhuvanabhanu,137,28,ता किमवि नत्थि रम्मं धम्मं मोचूण रे जीव ! ॥१६६०॥,0.2681,0.7325,0.7704,0.7531,0.0
bhuvanabhanu,137,29,जेसु असारेसु वि भावेसु मुहा तुज्झ रमइ सारमई ।,0.2675,0.7591,0.729,0.781,0.0
bhuvanabhanu,137,30,ते वि अणिच्चा बटुंति नट्टवट्टिअपयत्थ व्व ॥१६६१।।,0.2675,0.7827,0.7168,0.8029,0.0
bhuvanabhanu,137,31,तथाहि-,0.2663,0.8115,0.3502,0.8278,0.0
bhuvanabhanu,137,32,१. चत्वारिंशत् २. विंशतिपूर्वलक्षाणि ॥ ३. निजात्मोद्धारा इव ॥ ४. अभिनवप्राणाः नूतना इत्यर्थः ॥ ५.,0.1474,0.866,0.8741,0.8862,-0.0008
bhuvanabhanu,137,33,यशःप्रकारा इव ॥ ६. निर्गमयति ॥ ७. नृभोगैः ॥ ८. तत्त्वविचारेण ॥,0.0944,0.8888,0.6078,0.9081,-0.0011
bhuvanabhanu,137,34,Jain Education International,0.0146,0.9751,0.1841,0.9828,0.0
bhuvanabhanu,137,35,For Private & Personal Use Only,0.4196,0.9751,0.62,0.9845,0.0
bhuvanabhanu,137,36,www.jainelibrary.org,0.8584,0.9755,0.9848,0.985,0.0
bhuvanabhanu,138,1,भुवणभाणुकेवलिचरियं,0.1049,0.0644,0.2984,0.0842,0.0
bhuvanabhanu,138,2,सारं सरीरमेअं जेहि हवइ 'रूवजुव्वणवएहिं ।,0.2721,0.1018,0.6772,0.1224,0.0
bhuvanabhanu,138,3,कुटुजराईहिं तक्खणेण ताई विणस्संति ॥१६६२॥,0.2716,0.1232,0.6876,0.1438,0.0014
bhuvanabhanu,138,4,जो पढमं सुररमणीणं वंछणिज्जो नरो इमो होइ ।,0.2716,0.1507,0.7162,0.1717,0.0013
bhuvanabhanu,138,5,पच्छा जुगुच्छणिज्ञो तासि चिअ एस थविरत्थे [त्ते] ॥१६६३॥,0.2727,0.173,0.8199,0.1967,0.0021
bhuvanabhanu,138,6,जेसि पडिहाइ मणे लच्छी सारत्तणेण तेसि पि ।,0.2698,0.2009,0.6976,0.2198,0.0
bhuvanabhanu,138,7,न मिलइ एसा साहिअकिलेससयगाण लोगाणं ॥ १६६४॥,0.2733,0.2228,0.7599,0.2443,0.0024
bhuvanabhanu,138,8,जइ कमला संमिलइ अ कयावि केसि पि तहवि नासेइ ।,0.2704,0.2495,0.7821,0.2714,0.0023
bhuvanabhanu,138,9,वरिसाकालसमुब्भवतडि व्व खणदिट्ठनट्ठा सा ॥१६६५॥,0.2733,0.2722,0.7564,0.2945,0.0024
bhuvanabhanu,138,10,लच्छीवंतो जीवो उ वासवाओ वि मन्नए अहिअं ।,0.271,0.2993,0.7069,0.319,0.004
bhuvanabhanu,138,11,धणरहिओ पुण सो ञ्च्चिअ परगिहदासत्तणं कुणइ ॥१६६६॥,0.2721,0.322,0.7844,0.3439,0.0023
bhuvanabhanu,138,12,जइ जाउ जाइ जीवंत [य] स्स न जीवस्स जलहिजा नासं ।,0.2826,0.3491,0.8042,0.3714,0.0034
bhuvanabhanu,138,13,जम्मंतरम्मि गच्छंतस्स उ तस्स न उवेइ समं ॥१६६७॥,0.271,0.3727,0.7587,0.3933,0.0012
bhuvanabhanu,138,14,रजस्स को वि माणो हवेइ सो वि अविवेगआवासो ।,0.2733,0.3993,0.7587,0.4186,0.0012
bhuvanabhanu,138,15,जेणं पहुत्तभट्ठो भिक्खाए भमइ जीवंतो ॥१६६८॥,0.2739,0.4216,0.6987,0.4435,0.0014
bhuvanabhanu,138,16,एगो रज्जं काऊण चक्कवट्टी वि सत्तमि पुढविं ।,0.2721,0.4491,0.6795,0.471,0.0014
bhuvanabhanu,138,17,गच्छइ गयसरणो किं तओ अ रज्जस्स अभिभाणो ? ॥१६६९॥,0.2721,0.4702,0.8083,0.4925,0.0022
bhuvanabhanu,138,18,दिर्दृता विन्नेआ विन्नजणेहिं च इत्थ चक्कीणं ।,0.2716,0.4985,0.6696,0.5182,0.0
bhuvanabhanu,138,19,भरहाहिवईण सुभूम-बंभदत्ताभिहाणाणं ॥ १६७०॥,0.2721,0.5204,0.6538,0.541,0.0015
bhuvanabhanu,138,20,गयपुरनामनयरवइअणंगवीरिअनिवंगणाभइणी ।,0.2721,0.5479,0.641,0.5676,0.0
bhuvanabhanu,138,21,जमदग्गितावसेणं परिणीआ रेणुआकुमरी ॥१६७१॥,0.2704,0.5706,0.6742,0.5908,0.0014
bhuvanabhanu,138,22,भइणीए मिलणत्थं समागया एगया य रिसिकंता ।,0.2686,0.5981,0.7174,0.617,0.0
bhuvanabhanu,138,23,नयरे तीए भइणीवइसंबंधे सुओ जाओ ॥१६७२॥,0.2721,0.6213,0.6993,0.6415,0.0014
bhuvanabhanu,138,24,सा रेणुआ सपुत्ता आणीआ तावसेण वणमज्झे ।,0.2704,0.6475,0.6772,0.6677,0.0014
bhuvanabhanu,138,25,तीए पढमो पुत्तो रामनामेणं अत्थि पुरा ॥१६७३॥,0.2675,0.6698,0.7057,0.6913,0.0013
bhuvanabhanu,138,26,तेणं च परसुविज्जा लद्धा विज्ञाहराउ एगाओ ।,0.2692,0.6973,0.6882,0.717,0.0014
bhuvanabhanu,138,27,सो परसुरामनामो विक्खाओ मेइणीइ तओ ॥१६७४।॥,0.2669,0.7201,0.7261,0.7394,0.0
bhuvanabhanu,138,28,अह जाणिऊण अन्नायमिमं तेणं च मारिआ माया ।,0.2686,0.7467,0.7249,0.7651,0.0013
bhuvanabhanu,138,29,पुत्तसहिआ निवेण वि विणासिओ आसमो तस्स ॥१६७५।।,0.2716,0.7686,0.7914,0.7905,0.0011
bhuvanabhanu,138,30,तावससुएण रुहेण कओ रायस्स मत्थयच्छेओ ।,0.2681,0.7952,0.6894,0.8171,0.0
bhuvanabhanu,138,31,गयपुरसामी जाओ रायसुओ कत्तवीरिअओ ॥१६७६॥,0.2716,0.8192,0.697,0.8394,0.0014
bhuvanabhanu,138,32,१२१,0.8467,0.0691,0.8869,0.0842,0.0
bhuvanabhanu,138,33,१. रूपयौवनवयोभिः ॥ २. वार्धक्ये ॥ ३. यदि जातु याति जीवतः न जीवस्य जलधिजा नाशम् ॥,0.1521,0.8583,0.8788,0.8806,0.0016
bhuvanabhanu,138,34,४. मेदिन्याम् ॥,0.1055,0.8845,0.2145,0.9021,0.0
bhuvanabhanu,138,35,१६,0.127,0.9098,0.1533,0.924,0.0
bhuvanabhanu,138,36,Jain Education International,0.0146,0.9747,0.1841,0.9828,0.0
bhuvanabhanu,138,37,For Private & Personal Use Only,0.4196,0.9747,0.62,0.985,0.0
bhuvanabhanu,138,38,www.jainelibrary.org,0.8584,0.9755,0.9848,0.9854,0.0
bhuvanabhanu,139,1,१२२,0.1043,0.0605,0.1474,0.0773,0.0
bhuvanabhanu,139,2,सिरिइंदहंसगणिविरइयं,0.6795,0.0635,0.8852,0.082,0.0
bhuvanabhanu,139,3,पिउणो वइरं चितंतेणं तेणं हओ अ जमदग्गी ।,0.2756,0.1026,0.6766,0.1224,0.0015
bhuvanabhanu,139,4,कुविपण परसुरामेण कत्तवीरिअनिवो निहओ ॥१६७७॥,0.2762,0.1254,0.6923,0.1473,0.0028
bhuvanabhanu,139,5,गयपुररजं गहिअं च परसुरामेण सत्तवंतेण ।,0.2751,0.1533,0.6317,0.173,0.0016
bhuvanabhanu,139,6,निवभजा 'साहाणा नट्ठा ताराभिहाणा य ॥१६७८॥,0.2774,0.1752,0.7127,0.1971,0.0013
bhuvanabhanu,139,7,सा तावसस्स आसमठाणम्मि गया भयाउला सिग्धं ।,0.2762,0.2035,0.7459,0.222,0.0012
bhuvanabhanu,139,8,निअभूमिहरे ठविआ पविपंजरसंनिहे रिसिणा ॥१६७९।।,0.2797,0.2258,0.7809,0.2456,0.0012
bhuvanabhanu,139,9,तीए गब्भाओ सो ससंभमाए पडंतओ पुत्तो ।,0.2756,0.2529,0.6742,0.2748,0.0029
bhuvanabhanu,139,10,भूमीप लग्गो तेण कयं नामं सुभूमुत्ति ॥ १६८०॥,0.2756,0.2765,0.6772,0.298,0.0015
bhuvanabhanu,139,11,*निक्खत्तिआ धरित्ती कया परसुरामभूमिनाहेण ।,0.2832,0.3036,0.69,0.3246,0.0029
bhuvanabhanu,139,12,पसरंतपयावविजिअदिणवईणा सत्तवारा य ॥१६८१॥,0.2797,0.3272,0.7325,0.3474,0.0
bhuvanabhanu,139,13,रापण एगया पुच्छिओ अ नेमित्तिओ इगो ताव ।,0.2768,0.3551,0.7145,0.3748,0.0013
bhuvanabhanu,139,14,कस्स पुरिसस्स य करेण मज्झ मरणं भविस्सइ भो ! ॥१६८२॥,0.2791,0.377,0.8397,0.3972,0.0
bhuvanabhanu,139,15,तेणं भणिअं नरवर ! खत्तिअदाढाभरेण भरिअव्वं ।,0.2774,0.4045,0.7255,0.4246,0.0013
bhuvanabhanu,139,16,थालं हर्वात खीरं दाढाउ जस्स दिडीए ॥१६८३॥,0.2791,0.4272,0.7028,0.4483,0.0014
bhuvanabhanu,139,17,जो मुंजइ तं खीरं तस्स करेण मरणं च तुह भावि ।,0.278,0.4547,0.7494,0.4753,0.0
bhuvanabhanu,139,18,अह परसुरामरापण मंडिआ दाणसाला य ॥१६८४॥,0.2786,0.4779,0.7302,0.4972,0.0
bhuvanabhanu,139,19,तत्थ य थालं तं मंडिअं च सीहासणम्मि भूवेण ।,0.278,0.5058,0.7075,0.526,0.0
bhuvanabhanu,139,20,सक्कारिन्जंति तओ नाणादेसागया लोआ ॥१६८५॥,0.2786,0.5281,0.7185,0.547,0.0
bhuvanabhanu,139,21,इत्थंतरम्मि किर मेहनायविज्ञाहरेण एगयरो ।,0.2803,0.5552,0.6632,0.5745,0.0
bhuvanabhanu,139,22,नेमित्तिओ अ पुट्ठो पुत्तीए को बरो भावी ? ॥१६८६॥,0.2803,0.5784,0.7517,0.5994,0.0
bhuvanabhanu,139,23,कालत्तयविउणा तेणं कहिअं तुज्झ अत्तजायाए ।,0.2786,0.6058,0.7086,0.6269,0.0
bhuvanabhanu,139,24,कंतो सुभूमनामो भावि तावसयठाणठिओ ॥१६८७॥,0.2809,0.6286,0.7139,0.6475,0.0
bhuvanabhanu,139,25,तेण वयणेण मुइओ सेवइ विज्ञाहरो सुभूमं तं ।,0.278,0.6565,0.7045,0.678,0.0
bhuvanabhanu,139,26,दिन्नाओ विज्ञाओ इमस्स विज्ञाहरेण तओ ॥१६८८।।,0.2797,0.6788,0.7436,0.6982,0.0
bhuvanabhanu,139,27,रायसुओ निअमायं पुच्छइ भूमी किमेअमाण त्ति ? ।,0.278,0.7063,0.7284,0.7286,0.0
bhuvanabhanu,139,28,जणणीए रोअंतीप भणिओ पुव्ववुत्तंतो ॥१६८९॥,0.278,0.7299,0.6981,0.7505,0.0
bhuvanabhanu,139,29,जणणीवयणं सोउं अभिमाणजलोहपूरिअमणद्धो (१) ।,0.278,0.757,0.7308,0.7784,0.0
bhuvanabhanu,139,30,गच्छामि अप्पसत्तुं समुलमुम्मूलपमि अहं ॥१६९०॥,0.2815,0.7793,0.7133,0.8016,-0.0013
bhuvanabhanu,139,31,इअ भणिउं रायसुओ गयपुरनयरं गओ तओ तस्स ।,0.2797,0.8068,0.7372,0.8283,-0.0013
bhuvanabhanu,139,32,दिडीए दाढाओ जायाओ खीररूवाओ ।॥१६९१॥,0.2774,0.83,0.6923,0.8506,-0.0014
bhuvanabhanu,139,33,१. साधाना-गर्भवतीत्यर्थः ॥ २. पविवज्ज्रम् ॥ ३. निःक्षत्रिया ॥ ४. आत्मजायाः ॥,0.1556,0.8948,0.7273,0.9137,0.0
bhuvanabhanu,139,34,Jain Education International,0.0146,0.9751,0.1841,0.9828,0.0
bhuvanabhanu,139,35,For Private & Personal Use Only,0.4196,0.9751,0.62,0.9854,0.0
bhuvanabhanu,139,36,www.jainelibrary.org,0.8584,0.9755,0.9848,0.985,0.0
bhuvanabhanu,140,1,भुवणभाणुकेवलिचरियं,0.1008,0.0575,0.2925,0.0773,0.0
bhuvanabhanu,140,2,१२३,0.8403,0.0653,0.8811,0.0816,0.0
bhuvanabhanu,140,3,सीहासणम्मि तम्मि अ उविष्ट्ट्ठो भुजए स तं खीरं ।,0.2652,0.0936,0.7366,0.1159,0.0025
bhuvanabhanu,140,4,अह परसुरामराओ सज्जबलो आगओ तत्थ ॥१६९२॥,0.2657,0.1172,0.7296,0.1383,0.0038
bhuvanabhanu,140,5,खीरं भोत्तुं थालं सुभूमकुमरेण निअसिरस्सुवरिं ।,0.2646,0.1447,0.6917,0.167,0.0027
bhuvanabhanu,140,6,भामिअ निक्खित्तं परसुरामरायाभिमुहमेअं ॥१६९३॥,0.2681,0.1666,0.7244,0.1894,0.0026
bhuvanabhanu,140,7,थालं च चक्करयणं संजायमिमं अमोहसत्थवरं ।,0.2686,0.1945,0.6807,0.2138,0.0028
bhuvanabhanu,140,8,एसो पुव्वभवज्ञिअपुण्णपहावो अहो ! जस्स ॥१६९४॥,0.2692,0.2168,0.7383,0.24,0.005
bhuvanabhanu,140,9,चक्करयणेण तेणं च परसुरामस्त सीसयं छिन्नं ।,0.2675,0.2452,0.6573,0.2641,0.003
bhuvanabhanu,140,10,'केसवचक्केण जहा राहुसिरं छिंदिथं लोए ॥१६९५॥,0.2739,0.2666,0.7104,0.2898,0.004
bhuvanabhanu,140,11,तं रज्जं च सुभूमेणं गहिअं एगबीसवारा य ।,0.2663,0.2941,0.6562,0.3147,0.0045
bhuvanabhanu,140,12,२,0.2733,0.319,0.2838,0.3259,0.0
bhuvanabhanu,140,13,* निब्बंभणा कया मेइणी महारोसवंतेण ॥१६९६॥,0.2721,0.3164,0.6981,0.3379,0.0055
bhuvanabhanu,140,14,पुणरवि सुभूमचक्कहरेणं छक्खंडमाणया पुहुवी ।,0.2698,0.3439,0.6667,0.3675,0.0044
bhuvanabhanu,140,15,संसाहिआ पवट्टइ आणा सव्वत्थ जस्स जए ॥१६९७॥,0.2692,0.3667,0.743,0.3894,0.0061
bhuvanabhanu,140,16,नवनिहिसामी चउदसरयणपहाणो 'रसंककोडिभडो ।,0.2698,0.3933,0.7436,0.4148,0.0061
bhuvanabhanu,140,17,*रिउनंदकोडिगामो जो किर रिद्धीइ सक्कसमो ॥१६९८॥,0.2721,0.4156,0.7681,0.4388,0.0071
bhuvanabhanu,140,18,घोमतिअसायरस्संतेउरसंपुण्णलद्धकामसुहो ।,0.2692,0.4431,0.6451,0.4659,0.0047
bhuvanabhanu,140,19,भुजइ चक्किपहुत्तं रंजइ जो सब्वरायगणे ॥१६९९॥,0.271,0.4667,0.711,0.4891,0.004
bhuvanabhanu,140,20,सव्वुत्तमरिद्धिजुओ पावं काउं सुभूमचक्कहरो ।,0.271,0.4933,0.6591,0.5152,0.003
bhuvanabhanu,140,21,सत्तंगरजधारी अहो गओ सत्तमि पुढविं ॥१७००॥,0.2704,0.5161,0.7051,0.5393,0.0027
bhuvanabhanu,140,22,तम्हा पुरिसवरेहिं रज्जे माणो न को वि कायव्यो ।,0.2721,0.5427,0.7366,0.565,0.0038
bhuvanabhanu,140,23,पावाणुबंधिरज्जं *नरगंतं होइ जेण जणे ॥१७०१॥,0.271,0.5655,0.7092,0.5878,0.0053
bhuvanabhanu,140,24,सोअव्वो दिडूंतो बीओ एसो उ बंभदत्तस्स ।,0.2686,0.5921,0.6416,0.6136,0.0047
bhuvanabhanu,140,25,सागेअनयरमंबरमिव जणतारागणाइण्णं ॥१७०२॥,0.2698,0.6153,0.6772,0.6359,0.0029
bhuvanabhanu,140,26,तत्थ य राया चंदावयंसगो चंदसोअरो तस्स ।,0.2698,0.6432,0.6381,0.6612,0.0016
bhuvanabhanu,140,27,पुत्तो मुणिचंदो भूवलयसमुग्गयजसकंदो ॥१७०३॥,0.2716,0.6655,0.6777,0.6874,0.0029
bhuvanabhanu,140,28,सिरिसायर चंदसुगुरुवयणामिअसित्तमाणसो कुमरो ।,0.271,0.6913,0.7028,0.7149,0.0067
bhuvanabhanu,140,29,गहिऊण वयं तेहिं सह विहरंतो गओ गामं ॥१७०४॥,0.271,0.7145,0.7331,0.7368,0.0063
bhuvanabhanu,140,30,सो लद्धअन्नउदगो समागओ जाव ताव सत्थो सो ।,0.2692,0.7424,0.7203,0.7626,0.0039
bhuvanabhanu,140,31,चलिओ तम्हा भट्ठो समणो पडिओ उ अडवीए ॥१७०५॥,0.2716,0.7638,0.7681,0.7866,0.0047
bhuvanabhanu,140,32,मुच्छमउच्छं च गओ अणगारो गुणमहागरी पसो ।,0.2838,0.7926,0.7319,0.8149,0.0065
bhuvanabhanu,140,33,तं दष्टुं चउरो गोवदारया पडिअरंति फुडं ॥१७०६।।,0.2716,0.8141,0.7191,0.839,0.0039
bhuvanabhanu,140,34,१. केशवः वासुदेवः लक्ष्मण इत्यर्थः ॥ २. निःब्राह्मणा ॥ ३. ९६ क्रोडः ॥ ४. ९६ क्रोढः ॥,0.1538,0.8665,0.8246,0.8879,0.0017
bhuvanabhanu,140,35,५. नरकान्तम् ॥ ६. मूर्छामतुच्छाम् ॥,0.1515,0.8897,0.4085,0.9098,0.0
bhuvanabhanu,140,36,Jain Education International,0.0146,0.9747,0.1841,0.9828,0.0
bhuvanabhanu,140,37,For Private & Personal Use Only,0.4196,0.9747,0.62,0.985,0.0
bhuvanabhanu,140,38,www.jainelibrary.org,0.8584,0.9755,0.9848,0.985,0.0
bhuvanabhanu,141,1,१२४,0.109,0.0657,0.1498,0.082,0.0
bhuvanabhanu,141,2,सिरिइंदहंसगणिविरइयं,0.6789,0.0635,0.8875,0.0829,0.0
bhuvanabhanu,141,3,धम्मं सोउं पए पब्वइआ तत्थ दो कयदुगंछा ।,0.2791,0.1069,0.6888,0.1267,0.0
bhuvanabhanu,141,4,गच्छंति देवलोगं संजमआराहगा समणा ॥१७०७॥,0.2797,0.1292,0.7145,0.1477,0.0
bhuvanabhanu,141,5,अह ते चइऊण दसण्णपुरे संडिल्लनामविप्पस्त ।,0.2762,0.1563,0.6667,0.1765,0.0
bhuvanabhanu,141,6,जमलसुआ जसमइदासीप जाया जुवा जाया ॥१७०८॥,0.2786,0.179,0.7354,0.1992,0.0
bhuvanabhanu,141,7,एगय गया य खित्तस्स रक्खणं काउमंजसा दासा ।,0.2791,0.2061,0.7331,0.2241,0.0
bhuvanabhanu,141,8,वडरुक्खस्स 'अहो सुत्ता दट्ठा ताव सप्पेणं ॥१७०९।।,0.2797,0.2297,0.7418,0.249,-0.0013
bhuvanabhanu,141,9,मरिऊणं च इमे कालिंजरसेले मिगीइ पगाए ।,0.2797,0.255,0.6603,0.2752,0.0
bhuvanabhanu,141,10,कुच्छीए उप्पन्ना मिगा भमंति वणमज्झम्मि।।१७१०॥,0.2786,0.2782,0.722,0.2988,0.0
bhuvanabhanu,141,11,पुव्वभवपीइवसओ चरमाणा समगमेगठाणम्मि ।,0.2791,0.3053,0.6923,0.3263,0.0
bhuvanabhanu,141,12,वाहेण हया हरिणा मुत्तूणं बाणमेगं च ॥१७११॥,0.2774,0.3285,0.704,0.3495,0.0
bhuvanabhanu,141,13,गंगातीरे हंसीइ जमलहंसा इमे पुणो जाया ।,0.278,0.3555,0.6661,0.3761,0.0
bhuvanabhanu,141,14,बागुरिएण चरंता बद्धा पासेण दो वि मया ॥१७१२॥,0.2756,0.3774,0.7523,0.398,-0.0012
bhuvanabhanu,141,15,वाणारसीपुरीए मायंगेसस्स भूअदिन्नस्स ।,0.2774,0.4058,0.6183,0.4255,-0.0017
bhuvanabhanu,141,16,धणवंतस्स जमलपुत्ता जाया दो वि ते जीआ ॥१७१३॥,0.2791,0.4281,0.7628,0.4495,0.0
bhuvanabhanu,141,17,नामेण चित्त-संभूइणो इमे पइदिणं पवङ्केति ।,0.2821,0.4551,0.6439,0.4779,0.0
bhuvanabhanu,141,18,अह नयरीनाहो संखनिवो तस्स य नमुइमंती ॥१७१४॥,0.2797,0.483,0.7529,0.5041,0.0
bhuvanabhanu,141,19,कत्थ वि समये मंती हेतुं रापण भूअदिन्नस्स ।,0.2774,0.5105,0.6597,0.5298,0.0
bhuvanabhanu,141,20,दिन्नो तेण वि भणिअं जइ पुत्ते मज्झ पाढेसि ॥१७१५॥,0.2756,0.5324,0.7634,0.5543,-0.0012
bhuvanabhanu,141,21,पच्छन्नं भूमिहरठिअं भवंतं च सचिव ! रक्खेमि ।,0.278,0.5595,0.7127,0.5801,-0.0013
bhuvanabhanu,141,22,इअ मणिए मंतिवरेण तहा पडिवन्नमेअं च ॥१७१६॥,0.278,0.5827,0.7331,0.6037,-0.0013
bhuvanabhanu,141,23,तत्थ ठिएणं तेणं कुमराणं पाढिआओ सयलाओ ।,0.2768,0.6106,0.7127,0.6316,-0.0013
bhuvanabhanu,141,24,[णवरं सो कामग्गहपीडिओ तह चेव वडूंतों ] ॥१७१७॥,0.2786,0.6329,0.7564,0.6544,-0.0012
bhuvanabhanu,141,25,मंती कमेण मायंगअंगणासंगमं कुणइ लुद्धो ।,0.2774,0.6612,0.6678,0.6814,0.0
bhuvanabhanu,141,26,मुणिउं मायंगेणं मारिउमिट्ठो अ पाविट्ठो ॥१७१८॥,0.2786,0.6831,0.7156,0.7046,-0.0013
bhuvanabhanu,141,27,अज्झावयस्स मारणवत्ता 'जाणाविआ य कुमरेहिं ।,0.2751,0.7097,0.7232,0.7312,-0.0013
bhuvanabhanu,141,28,एसो नट्ठो पुण हत्थिणाउरमहापुरम्मि गओं ॥१७६९॥,0.2774,0.7325,0.711,0.754,-0.0013
bhuvanabhanu,141,29,जाओ अमञ्चओ चक्कवट्टिणो सो सणकुमारस्स ।,0.2768,0.7604,0.6486,0.7815,0.0
bhuvanabhanu,141,30,तेहिं 'अप्पकलाहिं पुरीजणो रंजिओ सब्बो ॥१७२०॥,0.2751,0.7832,0.7372,0.8046,-0.0013
bhuvanabhanu,141,31,अन्नय मयणमहमहुज्ञाणे तेहिं 'सगीअनट्टेहि ।,0.2756,0.8094,0.6737,0.833,-0.0029
bhuvanabhanu,141,32,लोओ एगागारो जणिओ सयलो वि सव्वत्थ ॥ १७२१।।,0.2716,0.833,0.7605,0.8523,-0.0024
bhuvanabhanu,141,33,१. अधः ॥ २. मातङ्गेशस्य चाण्डालस्येत्यर्थः ॥ ३. ज्ञापिता ॥ ४. आत्मकलाभिः ॥ ५. स्वगीतनाट्‌यैः ॥,0.1544,0.8686,0.8794,0.8892,0.0
bhuvanabhanu,141,34,६. एकाकारः ॥,0.1049,0.8982,0.2133,0.912,0.0
bhuvanabhanu,141,35,Jain Education International,0.0146,0.9747,0.1841,0.9828,0.0
bhuvanabhanu,141,36,For Private & Personal Use Only,0.4196,0.9751,0.62,0.9854,0.0
bhuvanabhanu,141,37,www.jainelibrary.org,0.8584,0.9755,0.9848,0.985,0.0
bhuvanabhanu,142,1,भुवया भाणुकेवलिचरियं,0.0909,0.0644,0.2855,0.085,0.0
bhuvanabhanu,142,2,विप्पजणेणं च तओ रावा रायस्स अग्गओ विहिआ,0.2605,0.1099,0.7156,0.128,0.0
bhuvanabhanu,142,3,"""मेएहिं एएहिं विटालिआ सव्वओ नयरी ॥१७२२॥",0.2617,0.1318,0.7057,0.1516,0.0
bhuvanabhanu,142,4,तेणं तेसि पवेसो निअनयरीए निवारिओ रण्णा ।,0.2552,0.1597,0.6976,0.1782,0.0
bhuvanabhanu,142,5,एगय जुण्हमहे ते पुरे पविट्ठा विणोपण ॥१७२३॥,0.2587,0.1829,0.7016,0.2044,0.0
bhuvanabhanu,142,6,अच्छाइऊण वयणं गायेंता महुरसद्दओ गीअं ।,0.2564,0.2104,0.6556,0.2314,-0.0015
bhuvanabhanu,142,7,उवलक्खिऊण लोषण कुट्टिआ कड्डुिआ एए ॥१७२४॥,0.2582,0.2327,0.711,0.2581,0.0
bhuvanabhanu,142,8,अह ते विरत्तचित्ता दक्खिणपासम्मि पव्वए चडिआ ।,0.2582,0.2602,0.7413,0.2791,0.0
bhuvanabhanu,142,9,*काउमणा भिगुवायं निअदुहउत्तारणोवायं ॥१७२५॥,0.2576,0.2825,0.7092,0.304,0.0
bhuvanabhanu,142,10,तेहिं च अंतराले अणगारो पिच्छिओ पमोपण ।,0.2523,0.31,0.676,0.3289,0.0
bhuvanabhanu,142,11,पणओ तव्वयणाओ बुद्धा सुद्धा सया पप ॥१७२६॥,0.2564,0.3345,0.7057,0.3525,0.0
bhuvanabhanu,142,12,मुणिवरपासे अंगीकयचारित्ता इमे अ विहरेंति ।,0.2582,0.3615,0.6859,0.3817,0.0
bhuvanabhanu,142,13,पुहवीतले महातवपरायणा कयविमलझाणा ॥१७२७॥,0.2552,0.383,0.7156,0.404,-0.0013
bhuvanabhanu,142,14,अह ताव हत्थिणाउरनयरे समणा समागया दुन्नि ।,0.2523,0.4109,0.6731,0.4319,-0.0014
bhuvanabhanu,142,15,मासखवणपारणए संभूइरिसी गओ नयरं ॥१७२८॥,0.2535,0.4328,0.6871,0.453,-0.0013
bhuvanabhanu,142,16,मंतिवरेणं तमुइणा दिट्ठो उवलक्खिओ इमो साहू ।,0.2564,0.4603,0.7045,0.4813,0.0
bhuvanabhanu,142,17,ससरूवपयासणआसंकाए चितए मंती ॥१७२९॥,0.2541,0.483,0.6672,0.5024,0.0
bhuvanabhanu,142,18,नयराओ समणो एस कड्डिअव्वो त्ति भासिए पुरिसा ।,0.2541,0.5088,0.7389,0.5337,0.0024
bhuvanabhanu,142,19,समणं हणंति करुणारहिआ किर लिड्छु-लट्ठीहिं ॥१७३०॥,0.2541,0.5371,0.7337,0.5599,0.0012
bhuvanabhanu,142,20,साहू गयावराहो हणिज्ज्रमाणो 'सरोसनित्तो अ ।,0.2523,0.5638,0.6836,0.5844,0.0
bhuvanabhanu,142,21,तेजोलेसं मुंचइ धूसरिअं धूमओ नयरं ॥ १७३१॥,0.2529,0.5874,0.6702,0.6093,0.0
bhuvanabhanu,142,22,चक्कवई तत्थ समागओ तह वि नोवसमइ एस रिसी ।,0.2517,0.6144,0.7372,0.6329,0.0
bhuvanabhanu,142,23,आगंतूर्ण चित्तगमुणिणा उवसामिओ अ इमो ॥१७३२॥,0.2517,0.6363,0.7092,0.6587,0.0013
bhuvanabhanu,142,24,उज्जाणं च गएहिं तेहि संलेहणाविहिपरेहिं ।,0.2517,0.6634,0.6381,0.6814,0.0
bhuvanabhanu,142,25,अंगीकयं अणसणं परलोअसुहप्पयाणखमे ॥१७३३॥,0.2517,0.687,0.6882,0.7067,0.0
bhuvanabhanu,142,26,विन्नायमंतिसंबंधेण चक्कवइणा य सो सचिवो ।,0.25,0.7145,0.6661,0.7334,0.0
bhuvanabhanu,142,27,आणाइओ मुणीणं पुरओ दढरज्जुबद्धंगो ॥१७३४॥,0.2517,0.7372,0.6824,0.7578,0.0
bhuvanabhanu,142,28,करुणारसकोसेहिं तेहिं मोआविओ अहो ! मंती ।,0.25,0.7638,0.683,0.7827,0.0
bhuvanabhanu,142,29,चक्ववई अंतेउरसहिओ नमिउं च तत्थ गओ ॥१७३५॥,0.2483,0.7862,0.7162,0.8068,0.0
bhuvanabhanu,142,30,कुणइ सुनंदानामं इत्थीरयणं च रिसिपयपणामं ।,0.25,0.8137,0.6661,0.8351,-0.0014
bhuvanabhanu,142,31,अलिअफलिसं महेसी सुकुमालं अणुहवेइ तया ॥१७३६॥,0.2488,0.8373,0.7319,0.8579,0.0
bhuvanabhanu,142,32,१२५,0.8269,0.0661,0.8683,0.0816,0.0
bhuvanabhanu,142,33,५. मेदैः चाण्डालैः ॥ २. ज्योत्स्नामहे-शरत्पूर्णिमाउत्सवे ॥ ३. कर्तुमनसौ भृगुपातम् ॥ ४. सरोषनेत्रः ॥,0.1358,0.8892,0.8514,0.9094,0.0
bhuvanabhanu,142,34,Jain Education International,0.0146,0.9751,0.1841,0.9828,0.0
bhuvanabhanu,142,35,For Private & Personal Use Only,0.4196,0.9751,0.62,0.9854,0.0
bhuvanabhanu,142,36,www.jainelibrary.org,0.8584,0.9755,0.9848,0.985,0.0
bhuvanabhanu,143,1,६२६,0.0874,0.061,0.1329,0.0773,0.0
bhuvanabhanu,143,2,सिरिइंदहंसगणिविरइय,0.6591,0.0605,0.8724,0.079,0.0
bhuvanabhanu,143,3,कुणइ निआणं संभूइरिसी जइ अत्थि तवफलं मज्झ ।।,0.2582,0.0996,0.7139,0.1202,0.0
bhuvanabhanu,143,4,होमि महं चक्कवई एरिसरिद्धीइ संजुत्तो ॥१७३७॥,0.2576,0.1228,0.6941,0.1443,0.0013
bhuvanabhanu,143,5,जिणसासणभणिअभिणं तवं कुर्णत्रेण नेव कायव्वं ।,0.2587,0.1498,0.7069,0.1713,0.0013
bhuvanabhanu,143,6,तुच्छफलं निआणं तवदेवमणी उ मुक्खफलो ॥१७३८॥,0.2587,0.1735,0.7319,0.1945,0.0
bhuvanabhanu,143,7,इअ चित्तसाहुणा वारिज्जंतेणावि तेण समणेणं ।,0.2617,0.2009,0.6766,0.2216,0.0
bhuvanabhanu,143,8,न उण निआणं चत्तं संसारो दुच्चओ जेण ॥१७३९॥,0.2605,0.2237,0.7069,0.2447,0.0
bhuvanabhanu,143,9,समणा दो वि तओ ते कालं काऊण 'अणिमिसा जाया ॥,0.2622,0.2508,0.7733,0.2692,0.0
bhuvanabhanu,143,10,सोहम्मदेवलोगे अच्छरसुहसायरनिमन्ना ॥१७४०॥,0.2576,0.2739,0.6707,0.2941,0.0
bhuvanabhanu,143,11,सुरलोगाओ चइउँ चित्तजिओ पुरिमतालनयरम्मि ।,0.2611,0.3006,0.6702,0.3212,0.0
bhuvanabhanu,143,12,इब्भगिहम्मि समिद्धे पुत्तो जाओ कलावंतो ॥१७४१॥,0.2628,0.3225,0.7255,0.3439,0.0
bhuvanabhanu,143,13,संभूइजिओ कंपिल्लपुरे बंभनिवभज्जचुलणीए ।,0.2617,0.3508,0.6037,0.3705,0.0
bhuvanabhanu,143,14,संजाओ चउदससुविणसूइओ बंभदत्तसुओ १७४२॥,0.2611,0.3731,0.6853,0.3937,0.0
bhuvanabhanu,143,15,कासीदेसाहिवई कडगो राया करेणुदत्तो अ ।,0.2622,0.3997,0.6101,0.4195,0.0
bhuvanabhanu,143,16,दिग्घो अ कोसलेसो चंपेसो पुप्फचूलो अ ॥१६७४३॥,0.2622,0.4234,0.6439,0.4435,0.0
bhuvanabhanu,143,17,बंभनिवस्स इमे संति मित्तरूवा नरेसरा चउरो ।',0.2628,0.4495,0.704,0.4689,0.0
bhuvanabhanu,143,18,ससिणेहा वरिसं जा अन्नुन्न रज्जेसु चिटुंति ॥१७४४॥,0.2634,0.4736,0.7238,0.4938,0.0
bhuvanabhanu,143,19,धगय एष सडवे नरवइणो संति बंभरज्जम्मि ।,0.2634,0.4998,0.6573,0.5191,-0.0015
bhuvanabhanu,143,20,राया सिररोगेणं च असज्झेण गयरजासो ॥१७४५।।,0.2622,0.523,0.7308,0.5423,0.0
bhuvanabhanu,143,21,कडगाइनिवुच्छंगे कुमरो मुक्को इमो भवंतेहिं ।,0.264,0.55,0.6538,0.5715,0.0
bhuvanabhanu,143,22,रज्जं च कारिअव्वो इअ चविअ परासुओ बंभो ॥१७४६॥,0.2652,0.5723,0.7698,0.593,0.0
bhuvanabhanu,143,23,कयनिर्वाकञ्श्चेहिं तेहिं मंतिअमवणिनायगेहिं च ।,0.2617,0.599,0.676,0.6179,-0.0014
bhuvanabhanu,143,24,कुमरो अ जाव रजारिहो हवइ पालणिज्ञमिणं ॥१७४७॥,0.264,0.6222,0.7541,0.6436,0.0
bhuvanabhanu,143,25,इअ चिंतिऊण तेहिं दिग्घो मुक्को अ बंभरज्जम्मि ।,0.264,0.6492,0.6859,0.6707,-0.0014
bhuvanabhanu,143,26,अवरे निअनिअरज्जे वसुंधरानायगा य गया ॥ १७४८॥,0.2646,0.6724,0.7331,0.6939,0.0
bhuvanabhanu,143,27,सो कोसपमुहचिंतं करेइ सयलं सया वि उज्जुत्तो ।,0.2628,0.699,0.7191,0.7201,0.0
bhuvanabhanu,143,28,तत्थ ठिअस्स निवइणो जाओ चुलणीइ संबंधो ॥१७४९॥,0.2617,0.7218,0.7372,0.7419,0.0
bhuvanabhanu,143,29,धणुर्मतिणा य नाओ वरधणुपुत्तस्स 'नाविर्भ तुमए ।,0.264,0.7497,0.6964,0.7703,0.0
bhuvanabhanu,143,30,एगंते कहिअब्वं सरूवयं बंभदत्तस्स ।।१७५०॥,0.2622,0.7724,0.6369,0.79,0.0
bhuvanabhanu,143,31,जाणाविअं च तेणं नरिंदकुमरस्स माइदुच्चरिअं ।,0.2628,0.7991,0.6853,0.8197,0.0
bhuvanabhanu,143,32,"असहंतो कागस्स य ""पिगीइ संगं स कारेइ ॥ १७५१॥",0.2611,0.8214,0.7337,0.8411,-0.0012
bhuvanabhanu,143,33,१. अनिमिषौ-देवौ ॥ २. गतराज्याशः ॥ ३. परासुकः मृत इत्यर्थः ॥ ४. ज्ञापितम् ॥ ५. कोकिलायाः ॥,0.1416,0.8703,0.8666,0.8897,0.0
bhuvanabhanu,143,34,Jain Education International,0.0146,0.9747,0.1841,0.9828,0.0
bhuvanabhanu,143,35,For Private & Personal Use Only,0.4196,0.9751,0.62,0.9854,0.0
bhuvanabhanu,143,36,www.jainelibrary.org,0.8584,0.9755,0.9848,0.985,0.0
bhuvanabhanu,144,1,भुषणासाणुके.व.लिचरियं,0.0944,0.0696,0.2908,0.0897,0.0
bhuvanabhanu,144,2,अंतेउरम्मि गहिउं गओ निवसुओ तहि हओ कागो ।,0.2611,0.1138,0.7249,0.1348,0.0
bhuvanabhanu,144,3,अवरो वि जो उ एवं काही तं निग्गहिस्सामि ॥१७५२॥,0.2622,0.1374,0.7605,0.1559,0.0
bhuvanabhanu,144,4,एवं रायसुपणं भणिअं अन्नय स भद्दकरिणीए ।,0.2646,0.1644,0.6777,0.1855,0.0
bhuvanabhanu,144,5,सह संकिण्णगयं घेत्तूण तहेवागओ तत्थ ॥१७५३॥,0.2628,0.1881,0.6888,0.2078,0.0
bhuvanabhanu,144,6,अह दीहेणं चुलणी बुत्ताहं कागओ तुमं च पिगी ।,0.2611,0.2143,0.676,0.2362,-0.0014
bhuvanabhanu,144,7,सा जंपडू बालस्स य चवळत्तं ताव नेअमिमें ॥१७५४॥,0.2582,0.237,0.7483,0.2572,-0.0012
bhuvanabhanu,144,8,राया भणेइ न इमं वितहं कुमरो उ सुरयविग्धकरी ।,0.2628,0.2645,0.7261,0.2851,0.0
bhuvanabhanu,144,9,मारिज्जउ तुह पुत्ता परे वि होहिति मज्झ वसा ॥१७५५॥,0.264,0.2872,0.7721,0.3083,-0.0011
bhuvanabhanu,144,10,तीए वि रइसिणेहाउ रायसुअमारणं च पडिवन्नं ।,0.2622,0.3152,0.7045,0.3353,0.0
bhuvanabhanu,144,11,तीए चविअं लोआववायओ रक्खिअब्बो त्ति ।।१७५६५,0.2634,0.3371,0.7372,0.3568,-0.0012
bhuvanabhanu,144,12,सो लवइ थोवमेअं कारिस्सामो 'करग्गहँ तस्स ।,0.2599,0.365,0.6964,0.3843,0.0
bhuvanabhanu,144,13,जउहरसुत्तस्स तओ अग्गिं कुमरस्स दाहह्यमो ॥१७५७॥,0.2599,0.3869,0.7331,0.4079,-0.0012
bhuvanabhanu,144,14,अह वरिआ एगस्स य सामंतस्स तणया जउहरं च ।,0.2634,0.4161,0.7337,0.4332,0.0
bhuvanabhanu,144,15,गूढपवेसगनिग्गममेगं काराविअं रण्णा ॥१७५८॥,0.2582,0.4371,0.6748,0.4581,0.0
bhuvanabhanu,144,16,पच्छन्नं पौरद्धा रण्णा निवसुअविवाहसामग्गी ।,0.2628,0.4633,0.6737,0.4843,-0.0014
bhuvanabhanu,144,17,अवगयवुत्तंतेणं दीहो धणुमंतिणा भणिओ ॥१७५९॥,0.2599,0.4865,0.683,0.5084,-0.0014
bhuvanabhanu,144,18,वरधणुनामो पुप्तो रज्जधुरावहणतप्परो मज्झ ।,0.257,0.514,0.6672,0.535,-0.0014
bhuvanabhanu,144,19,परलोगहिअं च अहं करेमि सामिअ भवुव्विग्गो ॥१७६०।३,0.2605,0.5359,0.7838,0.5582,-0.0022
bhuvanabhanu,144,20,राया मायाप तं कहेइ अन्नत्थ किं पवासेणं ।,0.2593,0.5633,0.6527,0.5831,-0.0015
bhuvanabhanu,144,21,इत्थ ठिओ श्च्चिअ दाणाइअपुण्णं कुणसु मंति ! तुमं ॥१७६१॥,0.2599,0.5861,0.789,0.6076,-0.0011
bhuvanabhanu,144,22,पडिवज्जिऊण एवं निववयणं मंतिणा तओ ताव ।,0.2611,0.614,0.6981,0.632,0.0
bhuvanabhanu,144,23,गंगातडिणीतीरे पवा य काराविआ महई ॥१७६२॥,0.2611,0.6355,0.7115,0.6552,0.0
bhuvanabhanu,144,24,तत्थ य पहिगाईणं दाणं दाउं पयट्टिअं तेणं ।,0.2599,0.6634,0.669,0.6844,-0.0014
bhuvanabhanu,144,25,दाणाइणा अणेगे पुरिसा आवजिआ य तओ ॥१७६३॥,0.2593,0.6848,0.7442,0.7076,-0.0024
bhuvanabhanu,144,26,तेहिं तेण सुरंगा खणाविआ 'नयणगाउअपमाणा ।,0.2558,0.7136,0.6976,0.7347,-0.0013
bhuvanabhanu,144,27,जाव जउहरं पत्ता जओ मईए न किं सज्झं १ ॥१७६४॥,0.2587,0.7355,0.7424,0.7557,-0.0012
bhuvanabhanu,144,28,कन्ना कुमरेणं सा परिणीअर किर महाविभूईए ।,0.2599,0.7626,0.6865,0.7845,-0.0014
bhuvanabhanu,144,29,सयणं विसज्जिऊणं पवेसिओ जउहरं कुमरो ॥१७६५।।,0.2576,0.7857,0.729,0.8064,-0.0012
bhuvanabhanu,144,30,चिट्ठइ तत्त्थ निवसुओ बहूवरधणुसहिओ गया य रयणी य ।,0.2611,0.8119,0.7943,0.8343,-0.0011
bhuvanabhanu,144,31,जामदुगपमाणा ताव जाव गेहं च पज्जलिअं ।।१७६६।।।।,0.257,0.8343,0.7383,0.8574,-0.0048
bhuvanabhanu,144,32,१. विवाहम् ॥ २. प्रपा परब इत्यर्थः॥ ३० पथिकादीनाम् ॥ ४. द्विक्रोशग्नमाणा ॥,0.1404,0.8927,0.7045,0.9137,0.0
bhuvanabhanu,144,33,Jain Education International,0.0146,0.9751,0.1841,0.9828,0.0
bhuvanabhanu,144,34,For Private & Personal Use Only,0.4196,0.9747,0.62,0.985,0.0
bhuvanabhanu,144,35,१२७,0.8304,0.07,0.8735,0.0863,0.0
bhuvanabhanu,144,36,www.jainelibrary.org,0.8584,0.9755,0.9848,0.985,0.0
bhuvanabhanu,145,1,१२८,0.095,0.0747,0.1375,0.0902,0.0
bhuvanabhanu,145,2,सिरिइंदहंसगणिविरइयं,0.6684,0.0713,0.8765,0.0906,0.0
bhuvanabhanu,145,3,हाहारवो समुच्छलइ तओ मूढो ससंभमो जाओ ।,0.2686,0.1129,0.6976,0.134,0.0
bhuvanabhanu,145,4,रायसुओ वरधणुणा भणिओ कन्ना इमा अन्ना ॥१७६७७॥,0.2669,0.1353,0.7558,0.1563,-0.0012
bhuvanabhanu,145,5,सा पुण रायसुआ लेहपेसणेणं निवारिआ इत्थ ।,0.2675,0.1623,0.6917,0.1833,-0.0014
bhuvanabhanu,145,6,एआए पडिबंधो कत्तव्वो नेव को वि तप ॥१७६८॥,0.2681,0.1846,0.7191,0.2044,-0.0013
bhuvanabhanu,145,7,पत्थ जउमंदिरम्मि अ पायपहारो तए वि मोत्तव्यो ।,0.2704,0.2121,0.7337,0.2306,-0.0013
bhuvanabhanu,145,8,जेणं निग्गच्छामो जलणाओ पजलंताओ ॥१७६९॥,0.2657,0.2344,0.6894,0.2546,-0.0014
bhuvanabhanu,145,9,तेण तहेव कए दो वि सुरंगामग्गओ तओ झत्ति ।,0.2669,0.2611,0.7028,0.2821,-0.0013
bhuvanabhanu,145,10,निग्गंतूणं च गया दुवारदेसम्मि भयर्भता ॥१७७०॥,0.2716,0.2842,0.7139,0.307,-0.0026
bhuvanabhanu,145,11,पढमं चिअ धणुमंतीसरेण दो आसहत्थया पुरिसा ।,0.2692,0.3122,0.708,0.3332,-0.0027
bhuvanabhanu,145,12,तत्थ ठविआ य वरंधणुविन्नाया बुद्धिमंतेणं ॥१७७१॥,0.2686,0.334,0.7121,0.3559,-0.0026
bhuvanabhanu,145,13,तेसु तुरगेसु कुमरा दो वि समारुहिअ दूरओ चलिआ ।,0.2681,0.362,0.7622,0.3856,-0.0024
bhuvanabhanu,145,14,'बोमेसुजोअणाई गया पहसमा हया पडिआ ॥१७७२॥,0.2727,0.3851,0.7418,0.4066,-0.0037
bhuvanabhanu,145,15,अह पयचारेणं ते चरमाणा कोट्टगाममिहपत्ता ।,0.2663,0.4126,0.6754,0.4337,-0.0028
bhuvanabhanu,145,16,तत्थ कुमारो जंपइ छुहा ममं बाहए बाढं ॥१७७३॥,0.2686,0.4358,0.7115,0.4568,-0.0039
bhuvanabhanu,145,17,गामं गओ वरधणू 'नाविअमागारिउं कुमरसीसं ।,0.2686,0.4616,0.704,0.4856,-0.004
bhuvanabhanu,145,18,मुंडाविअं कसाइअवत्थाई च परिधावेइ ॥१७७४।।,0.2669,0.4856,0.6952,0.5075,-0.0014
bhuvanabhanu,145,19,चउरंगुलपट्टेणं उरत्थलं छाइअं ससिरिवच्छं ।,0.2652,0.5127,0.6632,0.5341,-0.0029
bhuvanabhanu,145,20,वरधणुणा वि अ वेसो निओ परावट्टिओ तत्तो ।।१७७५।।,0.2675,0.535,0.7488,0.5569,-0.0036
bhuvanabhanu,145,21,दो वि गया गामवरम्मि पिच्छिआ माहणस्स भिच्चेण ।,0.2663,0.5616,0.7646,0.5831,-0.0035
bhuvanabhanu,145,22,आगारिआ य गेहे आयरओ ते गया तत्थ ॥१७७६॥,0.2657,0.5861,0.7238,0.6063,-0.0025
bhuvanabhanu,145,23,काराविऊण भोअणमेएसि खिवइ इत्थिआ एगा ।,0.2634,0.6123,0.6964,0.6329,-0.004
bhuvanabhanu,145,24,कुमरसिरे अक्खयए बंधुमईकन्नगाहेउं ॥१७७७॥,0.2657,0.635,0.6544,0.6591,-0.0075
bhuvanabhanu,145,25,एआए कन्नाए एस वरो चेव ताव होउ त्ति ।,0.2652,0.6638,0.6603,0.6836,-0.0059
bhuvanabhanu,145,26,तब्वयणं सोऊणं भणेइ वरधणुमहामंती ॥१७७८॥,0.2646,0.6844,0.6684,0.7072,-0.0101
bhuvanabhanu,145,27,मुक्खस्स इमस्स य बहुअस्स कए किजए उ को खेओ ।,0.2663,0.7123,0.7669,0.7368,-0.0047
bhuvanabhanu,145,28,ताव कहेइ गिहवई विप्पो आणंदिअमणो अ ॥१७७९॥,0.2628,0.7347,0.7343,0.7574,-0.0074
bhuvanabhanu,145,29,नेमित्तिपणं एगेण भणिअमम्हाण एत्थ जो पत्तो ।,0.2652,0.7634,0.697,0.7832,-0.004
bhuvanabhanu,145,30,भुजइ मित्तजुओ छाइअसिरवच्छो अ तुम्ह गिहे ॥१७८०॥,0.2663,0.7857,0.7646,0.8089,-0.0035
bhuvanabhanu,145,31,सो भत्ता तुम्हाणं एआप कन्नगाइ होहि त्ति ।,0.2646,0.8141,0.6638,0.8356,-0.0044
bhuvanabhanu,145,32,तेणं पाणिग्गहणं च कारिअं कुमररायस्स ॥१७८१॥,0.264,0.8364,0.7139,0.8583,-0.0052
bhuvanabhanu,145,33,१. पश्ञ्चाशत् योजनानि ॥ २. नापितम् ।।,0.1428,0.8965,0.4242,0.9167,-0.0083
bhuvanabhanu,145,34,Jain Education International,0.0146,0.9747,0.1841,0.9828,0.0
bhuvanabhanu,145,35,For Private & Personal Use Only,0.4196,0.9747,0.62,0.985,0.0
bhuvanabhanu,145,36,www.jainelibrary.org,0.8584,0.9755,0.9848,0.985,0.0
bhuvanabhanu,146,1,भुवणभाणुकेवलिचरियं,0.0956,0.0674,0.2873,0.0876,0.0
bhuvanabhanu,146,2,बीअदिणे ससरूवं बंधुमईए अ कहिअ ते चलिआ ।,0.2634,0.1039,0.6993,0.1215,0.0
bhuvanabhanu,146,3,मग्गे गच्छंता एप अक्कंतो पिवासाए ॥ १७८४॥,0.2646,0.1262,0.6626,0.1456,0.0015
bhuvanabhanu,146,4,'जलपाणत्थं दो चि अ गामे पविसंति तत्थ सुअमेअं ।,0.2692,0.1533,0.7494,0.1756,0.0012
bhuvanabhanu,146,5,दीहनिवेणं बंधाविओ पहो बंभदत्तस्स ॥१७८५॥,0.2628,0.1765,0.6579,0.1954,0.0029
bhuvanabhanu,146,6,तं मग्गं चइऊणं उम्मग्गेणं इमे पयट्टता ।,0.2634,0.2044,0.6212,0.2246,0.0016
bhuvanabhanu,146,7,अमुणंता य दिसाओ महंतअडवीइ किर पत्तां ॥ १७८६॥,0.2657,0.2263,0.7611,0.2477,0.0012
bhuvanabhanu,146,8,कुमरं तिसिअं बडरुक्खस्स अहो ! ठविअ गच्छए मंती ।,0.2646,0.2538,0.7681,0.2748,0.0023
bhuvanabhanu,146,9,जलगहणत्थं संकाए दिट्ठो दीहसुहडेहिं ॥१७८७॥,0.2657,0.2769,0.683,0.2976,0.0014
bhuvanabhanu,146,10,तेहिं सह णिजंतो अदूरदेसं समागओ तत्तो ।,0.2652,0.304,0.6591,0.3255,0.0015
bhuvanabhanu,146,11,तेणं 'संना कुमरस्स कया नट्ठो तओ एसो ॥१७८८॥,0.2657,0.3267,0.7209,0.3478,0.0026
bhuvanabhanu,146,12,विसमाडवीइ पत्तो 'नीसेसद्धस्समाउरसरीरो ।,0.2681,0.3534,0.6737,0.3727,0.0029
bhuvanabhanu,146,13,तीए अडवीप कुमरेणुत्तारो दुहेण कओ ॥१७८९॥,0.2646,0.3761,0.6894,0.3989,0.0027
bhuvanabhanu,146,14,दिट्टो एगो तेणं च तावसो तस्स आसमे स गओ ।,0.2669,0.4036,0.7156,0.4255,0.0052
bhuvanabhanu,146,15,आलावेइ कुलवई कहिं तुमं ? आह ससरूवं ॥१७९०॥,0.2652,0.4255,0.7185,0.4487,0.0064
bhuvanabhanu,146,16,उवलक्खिऊण सो भणइ चुल्लताओम्मि तुज्झ तायस्स ।,0.2663,0.453,0.7424,0.4762,0.0049
bhuvanabhanu,146,17,चिट्ठसु सुहेण तत्तो इह ठाणे निअघरम्मि व तुं ॥१७९१॥,0.2669,0.4753,0.7663,0.4994,0.007
bhuvanabhanu,146,18,तत्थ ठिओ रायसिस्स्र सिक्खेइ कलाओ तावससमीवे ।,0.2669,0.5024,0.7407,0.5238,0.0074
bhuvanabhanu,146,19,अन्नय तावसकुमरा य जंति कंदाइमाणेउं ॥१७९२॥,0.2646,0.5251,0.6946,0.5474,0.0068
bhuvanabhanu,146,20,कुमरो वि बंभदत्तो विणोअवंतो अ निग्गओ ताव ।,0.2646,0.553,0.7127,0.5771,0.0078
bhuvanabhanu,146,21,वणमज्झगएणं तेण गओ दिट्ठो अ तुंगसरो ॥१७९३॥,0.2669,0.5758,0.7249,0.6003,0.0089
bhuvanabhanu,146,22,कुविओअ कुंजरो रायकुमारगपिट्टओ पहावेइ ।,0.2657,0.6037,0.676,0.626,0.0043
bhuvanabhanu,146,23,तेणावि खेइऊणं मुक्को अ करी परिस्संतो ॥१७९४॥,0.2657,0.6264,0.7139,0.6483,0.0065
bhuvanabhanu,146,24,उम्मग्गपयट्टो सो नरिंदपुत्तो पुणो दिसामूढो ।,0.2652,0.6526,0.6702,0.6767,0.0072
bhuvanabhanu,146,25,पिच्छइ एगं नयरं सुन्नं जिन्नं नईतीरे ॥१७९५॥,0.264,0.6758,0.6777,0.6982,0.0056
bhuvanabhanu,146,26,जोअंतो रायसुओ पासट्ठिअखग्गवंसिआवलिअं ।,0.2663,0.7033,0.6777,0.7252,0.0042
bhuvanabhanu,146,27,दहूण परिक्खत्थं उग्गं खग्गं च वाहेइ ॥१७९६॥,0.2669,0.7265,0.6789,0.7484,0.0071
bhuvanabhanu,146,28,एक्कपहारवसेणं च वंसिआली खणेण सा छिन्ना ।,0.2663,0.7531,0.697,0.7746,0.0081
bhuvanabhanu,146,29,तंमज्झठिए पडिए सिरम्मि दिठे दुही जाओ ॥१७९७॥,0.2675,0.7763,0.7465,0.8008,0.0073
bhuvanabhanu,146,30,अह उड्नुबद्धपायं कबंधयं धूमपाणउज्जुत्तं ।,0.2657,0.8042,0.6445,0.8278,0.0031
bhuvanabhanu,146,31,दिटुं रायसुपणं पलोअमाणेण तत्थ फुडं ॥१७९८॥,0.2669,0.827,0.6894,0.8497,0.0055
bhuvanabhanu,146,32,१. जलपानार्थम् ॥ २. तृषितम् ॥ ३. संज्ञा ॥ ४. निःशेषाध्वश्रमातुरशरीरः ॥ ५. तुङ्गस्वरः ॥,0.1503,0.8647,0.8083,0.8875,0.0044
bhuvanabhanu,146,33,६. ऊर्ध्वबद्धपादम् ॥,0.1026,0.8879,0.2354,0.9077,0.0
bhuvanabhanu,146,34,१७,0.123,0.9154,0.1515,0.9287,0.0
bhuvanabhanu,146,35,Jain Education International,0.0146,0.9747,0.1841,0.9828,0.0
bhuvanabhanu,146,36,For Private & Personal Use Only,0.4196,0.9747,0.62,0.985,0.0
bhuvanabhanu,146,37,१२९,0.8386,0.073,0.877,0.0876,0.0
bhuvanabhanu,146,38,www.jainelibrary.org,0.8584,0.9755,0.9848,0.985,0.0
bhuvanabhanu,147,1,१३०,0.0927,0.0717,0.1305,0.0876,0.0
bhuvanabhanu,147,2,सिरिइंदहंसगणिविरइयं,0.6608,0.0696,0.8695,0.088,0.0
bhuvanabhanu,147,3,पच्छायावो जाओ निवंगजायस्स अइसपण तया ।,0.264,0.1099,0.6976,0.1292,0.0
bhuvanabhanu,147,4,पुरओ गच्छंतो सो पिच्छेइ अ सत्तभूमिहरं ॥१७९९॥,0.2622,0.1327,0.7244,0.1537,0.0
bhuvanabhanu,147,5,सो सत्तमभूमीए जाव गओ ताव कन्नगा एगा ।,0.2611,0.1606,0.6777,0.1808,0.0
bhuvanabhanu,147,6,दिट्टा य कुमारेणं 'विसमाउहवल्लहा रूवा ॥ १८००॥,0.2628,0.1825,0.7121,0.2027,0.0
bhuvanabhanu,147,7,सा भणिआ कुमरेणं जंपइ गरुओ अ मज्झ संबंधो ।,0.2617,0.21,0.7226,0.2301,0.0
bhuvanabhanu,147,8,अप्पसरूवं तुमए पगासिअव्वं महाराय ! ॥ १८०१॥,0.2605,0.2327,0.6987,0.2529,-0.0013
bhuvanabhanu,147,9,तम्महुरवयणलीलारंजिचित्तो भणेइ ससरूवं ।,0.2617,0.2602,0.6731,0.2812,0.0
bhuvanabhanu,147,10,कुमरो तओ अ कन्ना हरिसिअनिअमाणसा जाया ॥ १८०२।।,0.2617,0.2825,0.7727,0.3031,-0.0011
bhuvanabhanu,147,11,पडिऊणं पापसु खरंतअंसुजलअल्लमुहदेसा ।,0.2622,0.3104,0.6317,0.331,-0.0016
bhuvanabhanu,147,12,पसा भासइ अहयं तुह माउलपुप्फचूलसुआ ॥ १८०३॥,0.2622,0.3353,0.6976,0.3538,0.0
bhuvanabhanu,147,13,तुम्हाणमेव दिन्ना अहमुव्वाहदिअहं पडिच्छंती ।,0.2605,0.3607,0.6789,0.3813,0.0
bhuvanabhanu,147,14,दुट्ठखयरेण इत्थाऽऽणीआ निअगेहउजाणा ॥१८०४।॥,0.2605,0.383,0.7051,0.404,-0.0013
bhuvanabhanu,147,15,आाव अहं दुतत्ता चिट्ठामि तुमं समागओ ताव ।,0.2617,0.4105,0.6917,0.4324,-0.0014
bhuvanabhanu,147,16,जाया य जीविआसा मह तह भग्गं फुडीभूअं ॥१८०५॥,0.2599,0.4332,0.7372,0.4551,-0.0012
bhuvanabhanu,147,17,सो मह कुत्थऽत्थि रिऊ जह तस्स बलं अहं विलोएमि ।,0.2587,0.4603,0.7634,0.4813,-0.0012
bhuvanabhanu,147,18,सा वयइ सामिदिन्ना विज्ञा तेणं पढिअसिद्धा ॥ १८०६॥,0.2582,0.4835,0.7448,0.5028,-0.0012
bhuvanabhanu,147,19,विज्ञा सा सरिआ आएसं काही रिउं निवारेही ।,0.2605,0.5101,0.6981,0.5286,-0.0013
bhuvanabhanu,147,20,पुच्छिज्जंती मह चिट्ठिअं कहिस्सइ अ तुहं सव्वं ॥ १८०७।।,0.2599,0.5337,0.7745,0.5547,-0.0011
bhuvanabhanu,147,21,विज्ञाजाबो अ मए कओ तओ जाव हं भणामि पहो ! ।,0.2611,0.5603,0.7582,0.5792,-0.0012
bhuvanabhanu,147,22,ता नट्टमेत्तखेडो जेणाऽऽणीआ अहं इत्थ ॥ १८०८॥,0.2587,0.5839,0.6824,0.6046,-0.0014
bhuvanabhanu,147,23,सो मे पुण्णबलेणं तेअं सहिउँ न सक्कए तेण ।,0.2599,0.6119,0.669,0.632,-0.0014
bhuvanabhanu,147,24,सिअरत्तपडागाजुअआवासम्मि ठबिआ अहयं ॥ १८०९॥,0.2628,0.6342,0.7331,0.6565,-0.0025
bhuvanabhanu,147,25,विज्ञाहरेण तेणं जाणावेउं च मज्झ संबंधं ।,0.2599,0.6629,0.6428,0.6805,0.0
bhuvanabhanu,147,26,निअभइणीणं किर देसिआ य जाणावणी विज्ञा ॥१८१०।।,0.2611,0.6848,0.7657,0.7046,-0.0012
bhuvanabhanu,147,27,सो वंसालीए पुण सयं पविट्ठो सुसाहिअसविज्जो ।,0.2611,0.7115,0.7045,0.7334,-0.0026
bhuvanabhanu,147,28,तन्निग्गओ अ संतो काही पाणिग्गहं मज्झ ॥१८११।।,0.2605,0.7355,0.6987,0.754,-0.0027
bhuvanabhanu,147,29,अज्ज दिणे विज्ञाए सिद्धी होहि त्ति तस्स खयरस्स ।,0.2599,0.7626,0.7407,0.7827,-0.0036
bhuvanabhanu,147,30,तं सोऊणं कुमरो तम्मरणकहं कहेइ तओ ॥१८१२॥,0.2582,0.7857,0.6987,0.8076,-0.0053
bhuvanabhanu,147,31,पमुइअमणा भणेइ अ कुमरी भव्वं कयं निवकुमार ! ।,0.2587,0.8128,0.7284,0.8351,-0.0037
bhuvanabhanu,147,32,गंधव्वविवाहेणं परिणीआ सा निवसुपणं ॥१८१३॥,0.2593,0.836,0.697,0.857,-0.004
bhuvanabhanu,147,33,१. विषमायुधवल्लभा-रतिः रूपात् ॥,0.1364,0.8987,0.3776,0.9188,-0.0024
bhuvanabhanu,147,34,Jain Education International,0.0146,0.9751,0.1841,0.9828,0.0
bhuvanabhanu,147,35,For Private & Personal Use Only,0.4196,0.9747,0.62,0.985,0.0
bhuvanabhanu,147,36,www.jainelibrary.org,0.8584,0.9755,0.9848,0.985,0.0
bhuvanabhanu,148,1,भुत्रणभाणुकेवलिचरियं,0.0956,0.0713,0.289,0.0936,0.0
bhuvanabhanu,148,2,तत्थ ठिओ अ कुमारो सुणेइ सहं नहम्मि इत्थीणं ।,0.2617,0.1159,0.7139,0.1365,0.0
bhuvanabhanu,148,3,पुच्छइ कन्नं एसो को सद्दो ? सा तओ कहइ ॥१८१४॥,0.2646,0.1391,0.7413,0.1602,-0.0012
bhuvanabhanu,148,4,निअरिउखेअरभइणीजुअलं खंडा-विसाहिआनामं ।,0.264,0.1666,0.6503,0.1863,0.0
bhuvanabhanu,148,5,बंधववीवाहोचिअसामग्गि गहिउमायायं ।॥१८१५।।,0.2634,0.1889,0.6871,0.207,0.0
bhuvanabhanu,148,6,सामिअ ! तुम्हे दूरे चिट्ठह जह ताण खयरकन्नाणं ।,0.2611,0.2164,0.7168,0.2362,0.0
bhuvanabhanu,148,7,भावं मुणामि रागो जइ तुम्हासु दइअ ! होही ॥१८१६॥,0.2611,0.2392,0.7477,0.2598,0.0
bhuvanabhanu,148,8,तत्तो गेहस्सुवर्रि रत्तनउच्छालणं करिस्सामि ।,0.264,0.2653,0.6667,0.2855,0.0
bhuvanabhanu,148,9,तुम्ह विसए विराप सिअझयमुल्लालइस्सामि ॥१८१७॥,0.264,0.2881,0.7348,0.3096,0.0
bhuvanabhanu,148,10,तम्हा ठाणाउ गओ स बंभदत्तो सिअज्झओ दिट्ठो ।,0.2646,0.3147,0.6976,0.3362,0.0013
bhuvanabhanu,148,11,थोवंतरम्मि उत्तंभिओ इमो अग्गओ चलिओ ॥१८१८॥,0.2617,0.3375,0.7308,0.3585,0.0025
bhuvanabhanu,148,12,एगं महासरं लहिउं तत्थ य मज्जणं कयं तेणं ।,0.2628,0.3658,0.6737,0.3839,0.0014
bhuvanabhanu,148,13,तीरे पगा कन्ना रूववई सो वि तीप अ ॥१८१९॥,0.264,0.3873,0.6987,0.4083,0.0013
bhuvanabhanu,148,14,अणुरागो ताण मिहो जाओ कन्ना तओ अ पट्टाइ ।,0.2622,0.4148,0.7104,0.4384,0.0052
bhuvanabhanu,148,15,एगा निअचेडी पेसिआ पुणो तस्स पासम्मि ॥१८२०॥,0.2657,0.4371,0.7378,0.4586,0.0049
bhuvanabhanu,148,16,तीप वत्थजुअलतंचोलपसूणाई अप्पिअं जस्स ।,0.2646,0.4646,0.6632,0.4873,0.0029
bhuvanabhanu,148,17,सरतडदिदृकनीए एअं पेसिअमिअ भणित्ता ॥१८२१॥,0.2652,0.4873,0.7232,0.5088,0.0038
bhuvanabhanu,148,18,अहयं तीए बुत्ता महाणुभाग ! तुमए विहेअव्वं ।,0.264,0.5148,0.6853,0.5371,0.0028
bhuvanabhanu,148,19,भोअणमम्हं पिउमंतिमंदिरे एह ता तुम्हे ॥१८२२॥,0.2663,0.5367,0.7069,0.559,0.004
bhuvanabhanu,148,20,परिहिअवत्थालंकारो कुमरो मंतिणो गिहम्मि गओ ।,0.2675,0.5638,0.7331,0.5861,0.0063
bhuvanabhanu,148,21,ताहे मंती वुत्तो एस बरो पेसिओ रण्णा ॥१८२३॥,0.2634,0.5874,0.7121,0.6106,0.0026
bhuvanabhanu,148,22,सिरिकंताए धूआए जुग्गो आयरेण ददृव्यो ।,0.2657,0.6149,0.6247,0.6372,0.0016
bhuvanabhanu,148,23,मंतिवरेणं तव्त्रयणं सोऊणं तहेव कयं ॥१८२४॥,0.2681,0.6376,0.6754,0.6574,0.0029
bhuvanabhanu,148,24,बीअदिणे निवपासे आणीओ मंतिणा कुमारो अ ।,0.2657,0.6638,0.6987,0.6853,0.0027
bhuvanabhanu,148,25,राया अब्भुट्टाणाइणा इमं पूअप कुमरं ॥१८२५॥,0.2657,0.6896,0.6766,0.7089,0.0
bhuvanabhanu,148,26,रायतणयसंबंधम्मि पुच्छिए उ सुहलग्गवेलाए ।,0.2663,0.714,0.676,0.7351,0.0014
bhuvanabhanu,148,27,रण्णा कण्णा परिणाविआ पमोअभरकलिएण ॥१८२६॥,0.2681,0.7372,0.7407,0.7591,0.0025
bhuvanabhanu,148,28,अन्नय पुट्ठा कुमरेण कन्नगा भूवरेण किं मज्झ ।,0.2652,0.7651,0.6725,0.7853,0.0
bhuvanabhanu,148,29,एगागिणो तुमं किर दत्ता ? भासइ नरिंदसुआ ॥१८२७॥,0.2669,0.7862,0.7622,0.8085,0.0035
bhuvanabhanu,148,30,सामि ! इमो मह ताओ विसमं पल्लि समागओ इत्थ ।,0.2663,0.8128,0.7442,0.8347,0.0037
bhuvanabhanu,148,31,सबलाणं रायाणं दायायाणं महाभयओ ।॥१८२८।।,0.2663,0.8377,0.6935,0.8562,0.0014
bhuvanabhanu,148,32,१३१,0.8345,0.076,0.873,0.0919,0.0
bhuvanabhanu,148,33,Jain Education International,0.0146,0.9751,0.1847,0.9828,0.0
bhuvanabhanu,148,34,For Private & Personal Use Only,0.4196,0.9747,0.62,0.985,0.0
bhuvanabhanu,148,35,www.jainelibrary.org,0.8584,0.9755,0.9848,0.985,0.0
bhuvanabhanu,149,1,१३२,0.095,0.0721,0.134,0.0884,0.0
bhuvanabhanu,149,2,सिरिइंदहंसगणिविरइयं,0.6655,0.0721,0.8712,0.091,0.0
bhuvanabhanu,149,3,नगरग्गामाइविणार्स काऊण पविसेइ इह कोट्टे ।,0.2646,0.1125,0.6841,0.1318,0.0
bhuvanabhanu,149,4,सिरिमइमायाअ हयं पुण चउपुत्तोवरिं पुत्ती ॥१८२९॥,0.2634,0.1335,0.7319,0.1567,0.0
bhuvanabhanu,149,5,माया-पिऊण अश्वलहा अहं अन्नया निवेणुत्ता ।,0.2634,0.167,0.6841,0.1881,0.0014
bhuvanabhanu,149,6,सव्वे विअ अम्हाणं नरेसरा सत्तुणो संति ॥१८३०॥,0.2634,0.1898,0.7139,0.2117,0.0013
bhuvanabhanu,149,7,तेण तुमए मणुन्नो वरो सयं पेच्छिऊण वत्तव्वो ।,0.2628,0.2216,0.704,0.2422,0.0
bhuvanabhanu,149,8,अह सरनी (ती) रगयाए दिट्ठो इट्ठो मए उ तुमं ॥१८३१॥,0.264,0.2447,0.7576,0.2653,0.0
bhuvanabhanu,149,9,पपण कारणेणं मणोहरवरो तुमं मए वरिओ ।,0.2646,0.2765,0.6731,0.2976,0.0014
bhuvanabhanu,149,10,तत्थ य चिटुंतस्स दिणा के वि गया रायउत्तस्स ॥ १८३२॥,0.2646,0.2997,0.7762,0.3182,0.0
bhuvanabhanu,149,11,पगय पल्लीनाहो देसं मुसिउं च निम्पओ जाव ।,0.264,0.3319,0.6946,0.3517,0.0
bhuvanabhanu,149,12,तेणं सह निग्गच्छइ कुमारओ बंभदत्तो वि ॥१८३३॥,0.2622,0.3542,0.708,0.3753,0.0013
bhuvanabhanu,149,13,गामासन्ने कत्थ वि सरतीरे वरधणू वि मिलिओ अ ।,0.2622,0.386,0.7366,0.4049,0.0
bhuvanabhanu,149,14,दुगसंगमम्मि हरिसो जो तं जाणाइ सव्वविऊ ॥ १८३४॥,0.2652,0.4092,0.7617,0.4289,0.0
bhuvanabhanu,149,15,कुमरेण सवुत्तंततो कहिओ तत्पुच्छिओ वरधणू वि ।,0.2622,0.4405,0.6987,0.4611,0.0
bhuvanabhanu,149,16,भणइ तुमं मोत्तुं वडमूलम्मि जलडिओ मि गओ ।।१८३५३॥,0.2652,0.4633,0.7675,0.4843,0.0
bhuvanabhanu,149,17,दिग्घभडेहिं गहिओ अहं च अइताडिओ तहे वुत्तं ।,0.264,0.4959,0.6929,0.5161,0.0
bhuvanabhanu,149,18,रे कुत्थ पवट्टइ बंभदत्तकुमरो मए भणिअं ॥१८३६॥,0.2634,0.5191,0.7069,0.5389,0.0
bhuvanabhanu,149,19,जाणामि तस्सरूवं किमवि अहं न य कयम्मि निब्बंधे ।,0.2622,0.5496,0.7552,0.5681,0.0
bhuvanabhanu,149,20,वग्घेण भक्खिओ सो वुत्ते दंससु पपसं तं ॥ १८३७॥,0.264,0.5732,0.7174,0.5938,0.0
bhuvanabhanu,149,21,अह महमिसेण तुह दिद्विपहं आगच्च ते कया संना ।,0.2622,0.6058,0.7267,0.6264,0.0
bhuvanabhanu,149,22,वच्छ ! पलायसु एआउ तुमं ठाणाउ सिग्घयरं ॥ १८३८॥,0.2628,0.629,0.7517,0.6488,0.0
bhuvanabhanu,149,23,गुलिआ य परिव्वायगसभष्पिआ निअमुहे मए खिविआ ।,0.2663,0.6599,0.7657,0.6814,0.0
bhuvanabhanu,149,24,जाओ निश्चिट्ठो हं मउ त्ति नाउं गया सुहडा ॥ १८३९॥,0.2599,0.684,0.7465,0.7033,0.0
bhuvanabhanu,149,25,निअवयणाओ गुलिआ य कड्डुिआ तत्थ ठाणदेसम्मि ।,0.264,0.7149,0.7296,0.7411,-0.0013
bhuvanabhanu,149,26,राअसुअ ! तुमं तु मए विलोइओ नेव दिट्टो अ ॥१८४०॥-,0.2646,0.7424,0.7698,0.7647,-0.0023
bhuvanabhanu,149,27,कत्थ वि गामे मिलिओ मज्झ परिव्वायगो इगो ताव ।,0.2622,0.7746,0.7471,0.7943,-0.0024
bhuvanabhanu,149,28,स भणइ तुह तायस्स य मित्तो वसुभागनामो हं ॥१८४१॥,0.2628,0.7973,0.757,0.8192,-0.0047
bhuvanabhanu,149,29,कहिअ च तेण नट्ठो धणू तुहंऽबा य दिग्घरापण ।,0.2628,0.8291,0.7016,0.851,-0.0027
bhuvanabhanu,149,30,पक्खित्ता पुण मायंगपाडए पयडरोसेणं ॥१८४२॥,0.2657,0.8527,0.6929,0.8751,-0.0055
bhuvanabhanu,149,31,Jain Education International,0.0146,0.9751,0.1847,0.9828,0.0
bhuvanabhanu,149,32,For Private & Personal Use Only,0.4196,0.9747,0.62,0.985,0.0
bhuvanabhanu,149,33,www.jainelibrary.org,0.8584,0.9755,0.9848,0.985,0.0
bhuvanabhanu,150,1,भुषणभाणुकेवलिचरियं,0.0962,0.0747,0.2885,0.0953,0.0
bhuvanabhanu,150,2,अह दुक्खेण अहं कावालिअवेसेण निग्गओ ताव ।,0.2622,0.1172,0.6976,0.1413,-0.0027
bhuvanabhanu,150,3,कंपिल्लपुरं पत्तो मायंग वंचिऊण तओ ॥१८४३॥,0.2617,0.1404,0.6737,0.1632,-0.0042
bhuvanabhanu,150,4,अवहरिआ मे माया मामे पगम्मि देवसम्मस्स ।,0.2628,0.1675,0.6585,0.1868,-0.0029
bhuvanabhanu,150,5,विप्पस्स गिहे मुक्का गवेसिउं तुममहं पत्तो ॥१८४४॥,0.2599,0.1906,0.7214,0.2125,-0.0038
bhuvanabhanu,150,6,इअ वट्ट कुणमाणा ते वि दुवे जाव तत्थ चिठ्ठति ।,0.2634,0.2177,0.7127,0.2404,-0.0039
bhuvanabhanu,150,7,तुम्हाण गवेसणयं काउं बीहसुहडा पत्ता ॥१८४५॥,0.2587,0.2409,0.6859,0.2632,-0.0055
bhuvanabhanu,150,8,पगेणं पुरिसेणं तत्थामंतुं निवेइअं पअं ।,0.2605,0.2684,0.6096,0.2907,-0.0033
bhuvanabhanu,150,9,तम्हा वणाउ ते निग्गया गया दो वि कोसेंबि ॥ १८४६॥,0.2611,0.2907,0.7564,0.3104,-0.0024
bhuvanabhanu,150,10,तत्थुज्जाणे कुक्कडजुज्झं वट्टर अ सिड्डिपुत्ताणं ।,0.2628,0.3177,0.648,0.3409,-0.003
bhuvanabhanu,150,11,सायरदत्तगबुद्धिलनामाणं लक्खपणपणं ॥ १८४७॥,0.2576,0.3422,0.6311,0.3628,-0.0062
bhuvanabhanu,150,12,तेहिं तं दिटुं पुण जुज्झं दोण्हं पि कुक्कडाणं च ।,0.2593,0.3688,0.6929,0.3929,-0.0027
bhuvanabhanu,150,13,सायरसिहिणा बुद्धिलसिही हओ सो वि तेण तओ ॥१८४८॥,0.2593,0.3954,0.7582,0.4165,-0.0023
bhuvanabhanu,150,14,सायरसिही अभिमुहं किअंतो नेव इच्छए जुज्झं ।,0.257,0.4238,0.6725,0.444,-0.0014
bhuvanabhanu,150,15,सायरदत्तेणं हारिअं च लक्खपमिअं दव्वं ॥१८४९॥,0.2611,0.4465,0.7075,0.4659,-0.0013
bhuvanabhanu,150,16,इत्थंतरे वरधणू भणेइ दुण्हं पि सिडितणयाणं ।,0.2622,0.4732,0.6766,0.4976,-0.0014
bhuvanabhanu,150,17,एस सिही किं भग्गो सुजाइओ ताव पिच्छामि ॥१८५०॥,0.2599,0.4998,0.7552,0.5221,-0.0012
bhuvanabhanu,150,18,जइ तुज्झे कोर्व कुणह नेव तो सायरो अ जंपेइ ।,0.2593,0.5281,0.6993,0.5492,-0.0013
bhuvanabhanu,150,19,सप्पुरिस ! तुमं पेच्छसु धणलोहो को वि मह नत्थि ॥१८५१॥,0.2617,0.5496,0.8112,0.5719,-0.0021
bhuvanabhanu,150,20,परमभिमाणेणत्थो अत्थि ममं तेण बुद्धिमंतेषं ।,0.2599,0.5771,0.6707,0.5985,-0.0028
bhuvanabhanu,150,21,बुद्धिलसिद्धी पुण विलोइओ बलं कित्तिमं नायं ॥१८५२॥,0.2599,0.6003,0.7383,0.6222,-0.0024
bhuvanabhanu,150,22,सिहिपायलोहसूईओ बद्धाओ इमं ब (छ)लं विउलं ।,0.2628,0.6264,0.7075,0.6483,-0.0039
bhuvanabhanu,150,23,दिस्सइ उ बुद्धिलेणं वरधणुणो भासिअं एअं ॥१८५३॥,0.2599,0.6496,0.7145,0.672,-0.0026
bhuvanabhanu,150,24,नेव तुमं जइ जंपसि लक्खद्धं देमि दक्ख ! तुज्झ तया ।,0.2599,0.678,0.7599,0.6986,-0.0012
bhuvanabhanu,150,25,सूईउ कड्डिऊणं पुणो वि ते जोहिआ सिहिणो ॥१८५४।।,0.2605,0.6994,0.7523,0.7243,-0.0012
bhuvanabhanu,150,26,निअसिहिपराभवेणं च बुद्धिलेणावि हारिओ लक्खो ।,0.2622,0.7269,0.7296,0.748,-0.0012
bhuvanabhanu,150,27,दोण्ह वि सिद्धिसुआण ताणं सारिच्छया जाया ॥१८५५॥,0.2599,0.7505,0.7587,0.7754,-0.0012
bhuvanabhanu,150,28,हरिसेण सायरो अजउत्तत्या ! निअगिहम्मि आगम्मं ।,0.2611,0.7823,0.7238,0.8016,-0.0013
bhuvanabhanu,150,29,इअ भणिउं ते आगारिऊण पुण भोइआ गेहे ॥१८५६॥,0.2599,0.8055,0.7302,0.8261,-0.0012
bhuvanabhanu,150,30,पीइपरा दो वि इमे तत्थ य चिटुंति अन्नया को वि ।,0.257,0.8325,0.7401,0.8549,0.0
bhuvanabhanu,150,31,पुरिसो वरधणुमेगंते नेऊणं इमं वत्ति ॥१८५७॥,0.2564,0.8592,0.6707,0.8815,-0.0014
bhuvanabhanu,150,32,१३३,0.8293,0.0743,0.8718,0.0906,0.0
bhuvanabhanu,150,33,Jain Education International,0.0146,0.9751,0.1847,0.9828,0.0
bhuvanabhanu,150,34,For Private & Personal Use Only,0.4196,0.9747,0.62,0.985,0.0
bhuvanabhanu,150,35,www.jainelibrary.org,0.8584,0.9755,0.9848,0.985,0.0
bhuvanabhanu,151,1,सिरिईदहंसगणिविरइयं,0.6562,0.0631,0.8631,0.0807,0.0
bhuvanabhanu,151,2,१३४,0.0851,0.0687,0.1305,0.085,0.0
bhuvanabhanu,151,3,जं बुद्धिलेण कहिअं लक्खद्धं तन्निमित्तमेस अहो ! ।,0.2558,0.1091,0.7051,0.1301,-0.0013
bhuvanabhanu,151,4,हारो अ पेसिओ चत्तालीससहस्समुल्लमिओ ॥१८५८॥,0.2582,0.1327,0.7179,0.1529,0.0
bhuvanabhanu,151,5,इश्च्चाइयसंबंधा जस्स चमक्कारकारगा लोगे ।,0.2593,0.1653,0.6364,0.1846,-0.0031
bhuvanabhanu,151,6,तत्थ धणपवरसिट्ठी भज्जा धणसंचया नाम ॥१८५९॥,0.2564,0.1863,0.6812,0.2082,-0.0027
bhuvanabhanu,151,7,रयणवई तप्पुत्ती परिणीआ बंभदत्तकुमरेणं ।,0.2582,0.2198,0.6061,0.2413,-0.0034
bhuvanabhanu,151,8,कुमरो कमेण पत्तो भममाणो नयररायगिहं ॥१८६०॥,0.257,0.2422,0.6935,0.2641,-0.0027
bhuvanabhanu,151,9,सो पविसंतो दोहिं कन्नाहिं धवलगेहगठिआहिं ।,0.2541,0.2735,0.6754,0.2937,-0.0028
bhuvanabhanu,151,10,दिट्ठो भणिअं जुत्तं मुत्तुं भत्तं जणं किं ते ॥१८६१॥,0.2552,0.2967,0.6993,0.319,-0.0026
bhuvanabhanu,151,11,भणइ कुमरो किमेवं कहह तओ ठाविऊण कन्नाहिं ।,0.2564,0.328,0.7121,0.3508,-0.0051
bhuvanabhanu,151,12,भोआविओ अ भणिओ सामि ! तुमं सुणसु संबंधं ॥ १८६२॥,0.257,0.3512,0.785,0.3727,-0.0022
bhuvanabhanu,151,13,वैअड्डो नाम गिरी दक्खिणसेणीविभूसणं नयरं ।,0.257,0.3826,0.6713,0.4075,-0.0056
bhuvanabhanu,151,14,सिवमंदिराभिहाणं जलणसिहो नाम तत्थ निवो ॥१८६३॥,0.2541,0.4105,0.7261,0.4315,-0.0037
bhuvanabhanu,151,15,बिज्जुसिहा तक्कंता तद्धूआओ अ दोवि किर अम्हे ।,0.2529,0.4418,0.683,0.4659,-0.0027
bhuvanabhanu,151,16,अम्हाण नहमेत्तो जिट्ठो भाया मुणेअब्वो ॥१८६४॥,0.2552,0.4654,0.6725,0.4882,-0.0056
bhuvanabhanu,151,17,अन्नय अड्डावयगिरिजत्ताए गच्छप सुरसमूहो ।,0.2552,0.4964,0.6585,0.5204,-0.0043
bhuvanabhanu,151,18,तेण समं अम्ह पिआ वि गओ तित्थम्मि अम्ह जुओ ॥ १८६५।।,0.2541,0.5182,0.7984,0.5419,-0.0054
bhuvanabhanu,151,19,अग्गिसिहमित्तजुत्तेण तेण जप्ता कया पमोपण ।,0.2552,0.5522,0.6416,0.5745,-0.006
bhuvanabhanu,151,20,पूइअ जिणे उ पुष्फाईहिं सहलीकयो जम्मो ॥१८६६॥,0.2552,0.5732,0.7179,0.6003,-0.0076
bhuvanabhanu,151,21,तम्हा ठाणाओ सो निग्गच्छंतो नमेइ दद्भूणं !,0.2552,0.6071,0.6399,0.6325,-0.0061
bhuvanabhanu,151,22,चारणमुणीण जुअलं असोगवरपायवस्स अहे ॥१८६७७॥,0.2558,0.6342,0.7249,0.6578,-0.0062
bhuvanabhanu,151,23,धम्मोवपसवयणं सुच्चा निश्चायरो हवइ धम्मे ।,0.2547,0.6664,0.6643,0.6874,-0.0028
bhuvanabhanu,151,24,बालाण बरो होही को ? भयर्ष ! पुच्छए मित्तो ॥१८६८॥,0.2552,0.6887,0.7558,0.711,-0.0035
bhuvanabhanu,151,25,समणेणुत्तं भत्ता पआसि भाइघायगो होही ।,0.2552,0.7201,0.6369,0.7428,-0.0061
bhuvanabhanu,151,26,इअ राया सुणिऊणं विसायवंतो हवेइ भिसं ॥१८६९॥,0.2564,0.7428,0.7179,0.766,-0.0063
bhuvanabhanu,151,27,एअम्मि अ पत्थावे अम्हेहिं साविअं नरिंदस्स ।,0.2535,0.7746,0.6719,0.7952,-0.0042
bhuvanabhanu,151,28,ताय ! सुअं मुणिमुहओ अम्हेहिं जं भवसरूत्रं ॥१८७०॥,0.2535,0.7973,0.7267,0.8218,-0.0062
bhuvanabhanu,151,29,अम्हं वीवाहेणं कज्जं ता नेव अत्थि नरनाह ! ।,0.2547,0.8304,0.6783,0.851,-0.0028
bhuvanabhanu,151,30,पिउभाउ असुस्वसणपराउ अम्हे हविस्सामो ॥१८७१॥,0.2541,0.8527,0.7139,0.8738,-0.0038
bhuvanabhanu,151,31,Jain Education International,0.014,0.9751,0.1841,0.9824,0.0
bhuvanabhanu,151,32,For Private & Personal Use Only,0.4196,0.9747,0.62,0.985,0.0
bhuvanabhanu,151,33,www.jainelibrary.org,0.8584,0.9755,0.9848,0.985,0.0
bhuvanabhanu,152,1,भुषणभाणुकेवलिचरियं,0.0868,0.0657,0.278,0.0876,-0.0061
bhuvanabhanu,152,2,अन्नय सहोअरेणं अम्हाणं पिच्छिआ य पुप्फवई ।,0.2512,0.1069,0.6707,0.1288,-0.0069
bhuvanabhanu,152,3,इह पुप्फचूलअभिहाणतुम्हमाउलनिवालसुआ ॥१८७२॥,0.2558,0.1301,0.6999,0.1541,-0.0105
bhuvanabhanu,152,4,त्तीए निरुवमरूवेण मोहिओ सो समागओ हरिउं ।,0.2547,0.1571,0.7022,0.179,-0.0091
bhuvanabhanu,152,5,तद्दिट्टि असहंतो विज्जं सो साहिउं लग्गो ॥१८७३॥,0.2558,0.1795,0.7086,0.204,-0.0116
bhuvanabhanu,152,6,जायं तओ परं जं तुमं पि जाणासि तं निरवसेसं,0.2547,0.2065,0.6935,0.2319,-0.0106
bhuvanabhanu,152,7,पुप्फवईए अम्हाणं भणिअं भाउअसरूवं ॥१८७४।॥,0.2547,0.231,0.6538,0.2542,-0.0117
bhuvanabhanu,152,8,जायाउ सोगसंकुअतत्ताओ तीइ धम्मवयणेणं ।,0.2552,0.2581,0.6562,0.2812,-0.0102
bhuvanabhanu,152,9,पडिबोहिआउ विन्नाय नमेत्तसयलकहाए ।।१८७५।।,0.257,0.2804,0.6888,0.3018,-0.0108
bhuvanabhanu,152,10,सोगं तुम्हे किं कुणह ? सरह साहुषयणं पुरा भणिअं ।,0.2506,0.3061,0.7413,0.3323,-0.0095
bhuvanabhanu,152,11,तो बंभदत्तरायं कंतत्तेणं 'सयाऽऽसयह ॥ १८७६॥,0.2541,0.3306,0.6614,0.3517,-0.0086
bhuvanabhanu,152,12,तं सोऊणं अणुरायजुपहिं च पडिवन्नमम्हेहिं ।,0.2512,0.3577,0.6515,0.3821,-0.0087
bhuvanabhanu,152,13,रहसवसेणं सिअशयसंकेओ तुह कओ तीए ॥१८७७॥,0.2547,0.38,0.715,0.4053,-0.0139
bhuvanabhanu,152,14,अन्नत्थ कत्थ वि पई चलिए भमिआउ पइपुरं अम्हे ।,0.2535,0.4066,0.7249,0.4315,-0.0136
bhuvanabhanu,152,15,दंसणमणष्भवरिसणसरिसं तुह अज्ज ! संजायं ॥ १८७८॥,0.2558,0.4302,0.743,0.4556,-0.0156
bhuvanabhanu,152,16,तम्हा सामिअ ! तुमए पुन्फवईवाइअं च सरिऊणं ।,0.2535,0.4568,0.6952,0.4826,-0.0092
bhuvanabhanu,152,17,अम्हाण मणोरहपूरणम्मि परणेस ! जइअब्वं ॥१८७९॥,0.2552,0.48,0.7174,0.5054,-0.0114
bhuvanabhanu,152,18,गंधव्वविवाहेणं परिणीआओ इमेण कन्नाओ ।,0.2535,0.5092,0.6422,0.5303,-0.0075
bhuvanabhanu,152,19,तत्थ ठिओ इगरत्ति पञ्चूसे ताउ वुत्ताओ ।॥१८८०।।,0.2529,0.5316,0.6836,0.5552,-0.0095
bhuvanabhanu,152,20,पुप्फवईए पासे जाह तहा ताव तत्थ ठायष्वं ।,0.2558,0.559,0.6556,0.5818,-0.0102
bhuvanabhanu,152,21,जाव मह रजलाहो हवेई पर्थ पमाणं ति ॥१८८१॥,0.2535,0.5801,0.7005,0.6037,-0.0117
bhuvanabhanu,152,22,अह ताओ तत्थ गयाओ तक्कालं च धवलेगहाई ।,0.2517,0.6097,0.6707,0.6295,-0.0056
bhuvanabhanu,152,23,*अब्भं व विसिण्णं पेच्छिऊण स चमक्तिओ कुमरो ॥१८८२॥,0.2552,0.6299,0.7855,0.6526,-0.0066
bhuvanabhanu,152,24,एगय वसंतमासे मयणमहूसरभिहाणउज्जाणे ।,0.2523,0.6595,0.6107,0.681,-0.0081
bhuvanabhanu,152,25,मत्तगयसंकडाओ विमोइआ बालिआ तेण ॥१८८३॥,0.2529,0.6814,0.6987,0.7033,-0.0078
bhuvanabhanu,152,26,मंतिमुहाओ रण्णा संबंधो एस जाणिओ सब्वो ।,0.2517,0.7085,0.6772,0.7325,-0.0096
bhuvanabhanu,152,27,परिणाइआउ क़न्नाउ अड्ढ कुमरस्स रापण ॥१८८४॥,0.2564,0.7316,0.6976,0.7548,-0.0106
bhuvanabhanu,152,28,वेसमणसत्थवसुआ सा वि कुमारी इमेण परिणीआ ।,0.2517,0.7587,0.7022,0.7819,-0.0065
bhuvanabhanu,152,29,अणुरायबद्धचित्ता गरुअं धम्मस्स माहप्पं ॥१८८५॥,0.2517,0.7819,0.6865,0.8046,-0.0094
bhuvanabhanu,152,30,उव्वाहिओ वरधणू सुबुद्धमंतिवरकन्नगं नंदं ।,0.2506,0.8094,0.5997,0.8304,-0.005
bhuvanabhanu,152,31,कुमरेण तत्थ दो वि अठिआ सुहोदहिनिमन्ना ते ॥१८८६॥,0.2506,0.8313,0.7756,0.8544,-0.0055
bhuvanabhanu,152,32,१. सदा आश्रयत ॥ २. अभ्रं व विशीर्ण प्रेक्ष्य स चमत्कृतः कुमारः ॥,0.1334,0.8849,0.6282,0.906,-0.0035
bhuvanabhanu,152,33,Jain Education International,0.0146,0.9751,0.1841,0.9828,0.0
bhuvanabhanu,152,34,१३५,0.8258,0.0618,0.8683,0.0769,0.0
bhuvanabhanu,152,35,For Private & Personal Use Only,0.4196,0.9751,0.62,0.9845,0.0
bhuvanabhanu,152,36,www.jainelibrary.org,0.8584,0.9755,0.9848,0.9854,0.0
bhuvanabhanu,153,1,१३६,0.0723,0.0623,0.1171,0.079,0.0
bhuvanabhanu,153,2,सिरिइंदहंसगणिविरइयं,0.6457,0.0562,0.8514,0.0747,0.0
bhuvanabhanu,153,3,तेसि पसिद्धी जाया वीसुं वाणारसि गया दो वि ।,0.2477,0.1026,0.7051,0.1237,-0.0025
bhuvanabhanu,153,4,कुमरं बाहिं ठाविअ गओ वरधणू नयरमज्झे ॥१८८७॥,0.2442,0.1245,0.6976,0.1473,-0.0051
bhuvanabhanu,153,5,कडगनिवस्स य मिलिओ परिवारजुओ नरेसरो मुइओ ।,0.2448,0.1524,0.7372,0.1743,-0.0024
bhuvanabhanu,153,6,गयखंधे आरोविअ अभिमुहमंतो पवेसेइ ॥१८८८॥,0.2459,0.1756,0.6748,0.1967,-0.0027
bhuvanabhanu,153,7,कडगावई सपुत्ति देइ कुमारस्स हयगयाई अ ।,0.2436,0.2031,0.6369,0.225,-0.0044
bhuvanabhanu,153,8,दूपण पुष्फचूलो जाणावर सव्वरायाणं ॥१८८९॥,0.2459,0.2271,0.6573,0.2495,-0.0071
bhuvanabhanu,153,9,वरधणु-करेणुदत्ता खणेण मिलिआ तहेष अवरे वि ।,0.2453,0.252,0.6585,0.2722,-0.0042
bhuvanabhanu,153,10,ता चंदसिंह-भवदत्तप्पमुहा [ते] आगया तत्थ ॥१८९०॥,0.243,0.2757,0.6906,0.298,-0.0039
bhuvanabhanu,153,11,अहिसिंचिउं वरधणू सिन्नं सपयम्मि पेसिओ ताव ।,0.2459,0.3031,0.704,0.3255,-0.0025
bhuvanabhanu,153,12,तेहिं विजयस्स कए सिग्धं दिग्घाहिरायस्स ।॥१८९१॥,0.2459,0.3255,0.6981,0.3448,-0.0039
bhuvanabhanu,153,13,तं आगच्छतं सोऊणं दिग्घेण पेसिओ य दूओ ।,0.2448,0.3529,0.655,0.3748,-0.0028
bhuvanabhanu,153,14,कडगाइमहारायाणं सो निब्भच्छिओ तेहि ॥१८९२॥,0.2442,0.3748,0.6812,0.3959,-0.004
bhuvanabhanu,153,15,कंपिल्लपुरं पुण बंभदत्तरापण वेढिअं सहसा ।,0.2459,0.4036,0.5997,0.4251,-0.0033
bhuvanabhanu,153,16,दीहो वि साहसं काउ आगच्छए तत्थ ॥ १८९३॥,0.2442,0.4264,0.6503,0.4457,-0.0057
bhuvanabhanu,153,17,जुद्धं जायं तेसिं सिन्ने भग्गे समुद्धिओ दिग्धो ।,0.2448,0.4534,0.6527,0.4796,-0.0043
bhuvanabhanu,153,18,दिड्ढे तम्मि सकोबो संआओ बंभदत्तो वि ॥१८९४॥,0.2436,0.48,0.6789,0.5062,-0.0054
bhuvanabhanu,153,19,कडयम्मि अ बहुकालं तेसि निवाणं पवट्टिद्धं जुद्धं ।,0.2448,0.5118,0.6935,0.5346,-0.0026
bhuvanabhanu,153,20,अह चक्कं मुक्कं तेण दिग्घपिंट्रो हओ [सहसा ] रस्सा (१) ॥१८९५।।,0.243,0.535,0.7978,0.5578,-0.0032
bhuvanabhanu,153,21,एसो अ चक्कवट्टि त्ति कल्यलो खम्मि उच्छलेइ तओ ।,0.2459,0.562,0.7267,0.5827,-0.0024
bhuvanabhanu,153,22,तिअसेहि पुप्फवुट्ठी कया य निवमत्थए हरिसा ॥१८९६॥,0.2448,0.5839,0.7413,0.6071,-0.0035
bhuvanabhanu,153,23,बारसमो एसो बंभदत्तओ चक्कवट्टिनामेण ।,0.2448,0.6123,0.595,0.6329,-0.0033
bhuvanabhanu,153,24,उप्पन्नो इअ उग्घोसणा तिहुअणम्मि संजाया ॥१८९७॥,0.2459,0.6337,0.7284,0.6578,-0.0036
bhuvanabhanu,153,25,सब्वेहिं अहिनंदिज्जंतो गेहम्मि ताव एस गओ ।,0.2453,0.6612,0.6719,0.6818,-0.0041
bhuvanabhanu,153,26,ता चक्कवट्टिरजाभिसिंचणं जस्स कयमेत्थ ॥१८९८॥,0.2442,0.6836,0.69,0.7059,-0.0052
bhuvanabhanu,153,27,भरहं छखंडमाणं च साहिअं जेण मेलिअं सयलं ।,0.2442,0.711,0.662,0.7321,-0.007
bhuvanabhanu,153,28,अंतेउरं सुरूवं पुप्फवईप्पमुहमेगत्थ ॥१८९९।।,0.2436,0.7347,0.6078,0.7565,-0.0064
bhuvanabhanu,153,29,इअ रज्जं कुणमाणस्स जंति दिअहा सुहेण रायस्स ।,0.2459,0.7608,0.7098,0.784,-0.005
bhuvanabhanu,153,30,अन्नय नडेण भणिअं सामिथ ! नाडयमत्थि [० मिहत्थि] नवं ॥ १९००।।,0.2418,0.7823,0.8479,0.8051,-0.0048
bhuvanabhanu,153,31,तं महुरगीअं नामेणं नट्ट च दंसइस्सामि ।,0.2448,0.8124,0.6101,0.8356,-0.0048
bhuvanabhanu,153,32,एवं होउ त्ति निवेणुत्ते नट्ट करेइ नडो ॥१९०१॥,0.2448,0.8394,0.6713,0.8617,-0.0027
bhuvanabhanu,153,33,Jain Education International,0.0146,0.9751,0.1847,0.9828,0.0
bhuvanabhanu,153,34,For Private & Personal Use Only,0.4196,0.9747,0.62,0.985,0.0
bhuvanabhanu,153,35,www.jainelibrary.org,0.8584,0.9755,0.9848,0.985,0.0
bhuvanabhanu,154,1,भुषणभाणुकेबलिश्चरियं,0.1066,0.0601,0.2984,0.0794,0.0
bhuvanabhanu,154,2,१८,0.12,0.9017,0.1474,0.915,0.0
bhuvanabhanu,154,3,इत्थंतरम्मि सयलसुम सिद्धसुमदामगंडमप्पेइ ।,0.2745,0.0966,0.6632,0.1168,0.0
bhuvanabhanu,154,4,दासी तं पेच्छइ महुरीगीअं पुण सुणेइ निवो ॥१९०२॥,0.2727,0.1181,0.7541,0.1404,-0.0012
bhuvanabhanu,154,5,कत्थ वि परिसमेअं च दिट्ठपुव्यं मप विअप्पो त्ति ।,0.2721,0.1456,0.7378,0.1666,0.0
bhuvanabhanu,154,6,जाओ सोहम्मे किर नलिणीगुम्मम्मि दिष्टुं ति ॥१९०३॥,0.2716,0.1679,0.7354,0.1889,0.0
bhuvanabhanu,154,7,एवं चिंतंतेणं पुव्वभवो जेण सुमरिओ निअगो ।,0.2721,0.1954,0.6964,0.2168,0.0
bhuvanabhanu,154,8,सीओवयारविहिणा राया जाओ विगयमुच्छो ॥१९०४॥,0.271,0.2181,0.7547,0.2396,-0.0012
bhuvanabhanu,154,9,पुव्वभवबंधवव्वइअरेण तज्जाणणोचिअरहस्सं ।,0.2727,0.2456,0.6725,0.2675,-0.0015
bhuvanabhanu,154,10,जं गोविऊण भणइ अ पयाबई वरधणं एअं ॥१९०५॥,0.2704,0.2675,0.7185,0.2885,-0.0013
bhuvanabhanu,154,11,पअं च सिलोगद्धं घोसावेसु नयरम्मि सव्वत्थ ।,0.2716,0.2958,0.6958,0.316,-0.0014
bhuvanabhanu,154,12,पूरेइ पच्छिमद्धं जो लहए अद्धरजं सो ॥१९०६॥,0.271,0.3182,0.6981,0.3401,-0.0014
bhuvanabhanu,154,13,सव्वत्थ ताव वित्थरइ सिलोगर्द्ध-तहा कप तेण ॥,0.2244,0.3444,0.6544,0.3645,-0.0014
bhuvanabhanu,154,14,पुव्वभविओ अ भाउअजिअचित्तो पुरिमतालउप्पन्नो ।,0.2698,0.3718,0.6941,0.3942,-0.0014
bhuvanabhanu,154,15,जाई सरिउं गहिअव्वओ मुणी आगओ तत्थ ॥१९०७॥,0.2652,0.3954,0.7389,0.4169,-0.0012
bhuvanabhanu,154,16,काउस्सग्गम्मि ठिओ उज्जाणम्मि समणो इमो जाव ।,0.2686,0.4221,0.729,0.4405,0.0
bhuvanabhanu,154,17,ता तत्थ आरहट्टिअजणेण पढिअं सिलोगद्धं ॥१९०८॥,0.2692,0.4444,0.7389,0.465,0.0
bhuvanabhanu,154,18,"""आस्व दासौ मृगौ हंसौ मातङ्गावमरौ तथा"" ।",0.2686,0.4706,0.6847,0.4916,0.0
bhuvanabhanu,154,19,तं सोऊणं सिलोगद्धं काउस्सग्गपारणम्मि कप ॥ १९०९।।,0.2675,0.4938,0.7512,0.5127,-0.0012
bhuvanabhanu,154,20,जंपेइ पच्छिमद्धं अणुगयअत्थं मुणी तस्स ।,0.2657,0.5217,0.6364,0.5427,0.0
bhuvanabhanu,154,21,"""एषा नौ षष्ठिका जातिरन्योन्यं च वियुक्तयोः ॥१९१०॥",0.2681,0.5436,0.7622,0.565,0.0
bhuvanabhanu,154,22,तं ताव उत्तरद्धं पत्ते लिहिऊण फुल्लवयणो सो ।,0.2669,0.5711,0.6841,0.5917,-0.0014
bhuvanabhanu,154,23,रायउलं पत्तो पुण्णसिलोगो साविओ रण्णो ॥१९११॥,0.2692,0.5938,0.7267,0.6149,-0.0013
bhuvanabhanu,154,24,सुणिऊण सिलोगं तं राया मुच्छं गओ सिणेहाओ ।,0.2669,0.6209,0.7145,0.6432,-0.0013
bhuvanabhanu,154,25,रुडेण सहालोपण पीडिओ फुडचवेडाहिं ॥१९१२॥,0.2669,0.6432,0.6958,0.6651,-0.0027
bhuvanabhanu,154,26,न मए इमा समस्सा य पूरिआ किंतु साहुणा पअं ।,0.2646,0.6707,0.7244,0.693,-0.0013
bhuvanabhanu,154,27,भणमाणो सो मुक्को तेहिं करुणासमुद्देहिं ॥१९१३॥,0.2663,0.693,0.6952,0.714,-0.0014
bhuvanabhanu,154,28,राया सचेअणो मुणिसमागमं जाणिऊण * सपरिसाए ।,0.2646,0.7209,0.7436,0.7419,-0.0012
bhuvanabhanu,154,29,गंतूणं मुणिबसहं बंदइ परिवारसंजुत्तो ॥१९१४॥,0.2675,0.7441,0.6871,0.7656,-0.0014
bhuvanabhanu,154,30,सिवसम्मगरो धम्मो पयासिओ मुणिवरेण परिसाए ।,0.2663,0.7703,0.7413,0.7922,-0.0012
bhuvanabhanu,154,31,वेरग्गं संजायं न भाविओ बंभदत्तो अ ॥१९१५।।,0.264,0.7939,0.6661,0.8124,0.0
bhuvanabhanu,154,32,भासेइ बंभदत्तो भयवं ! सयमागमेण तुम्हेहिं ।,0.264,0.8205,0.6655,0.8411,-0.0015
bhuvanabhanu,154,33,रइओ जह हरिसो तह रज्जादाणेण कायव्वो ॥१९१६॥,0.2646,0.8441,0.7325,0.863,-0.0012
bhuvanabhanu,154,34,* सपमोओ. क्षां० ॥,0.1469,0.8793,0.2885,0.8948,0.0
bhuvanabhanu,154,35,Jain Education International,0.0146,0.9751,0.1841,0.9828,0.0
bhuvanabhanu,154,36,१३७,0.8479,0.0635,0.8899,0.079,0.0
bhuvanabhanu,154,37,For Private & Personal Use Only,0.4196,0.9751,0.62,0.9845,0.0
bhuvanabhanu,154,38,www.jainelibrary.org,0.8584,0.9755,0.9848,0.985,0.0
bhuvanabhanu,155,1,सिरिइंदहंसगणिविरइयं,0.6655,0.052,0.8718,0.0726,-0.0056
bhuvanabhanu,155,2,सममेव तवं पच्छा य करिस्सामो वयं समणसामि ! ।,0.2628,0.0936,0.7477,0.1146,-0.0048
bhuvanabhanu,155,3,पत्तं तवस्स य फलं पञ्चक्खं इत्थ लौंगम्मि ॥१९१७॥,0.2646,0.1164,0.7273,0.1387,-0.0076
bhuvanabhanu,155,4,उवगारकारगाणं जुत्तमिमं होइ तुम्ह सरिसाणं ।,0.2657,0.1438,0.6894,0.1679,-0.011
bhuvanabhanu,155,5,किंतु मणुस्सभवाइअसामग्गी दुल्लहा राय ! ॥१९१८॥,0.2628,0.1657,0.7214,0.1924,-0.014
bhuvanabhanu,155,6,रज्ञं विणस्सरसहावं सुरचावं व चंचला लच्छी ।,0.2663,0.1945,0.6946,0.2177,-0.0082
bhuvanabhanu,155,7,इच्चाइ भाविऊणं चरसु तुमं निव ! जिणुत्तपहे ॥१९१९॥,0.2663,0.2164,0.7523,0.24,-0.0084
bhuvanabhanu,155,8,लद्धसुहपरिच्चापण को सुहं वंछए अदिईं व ।,0.2634,0.2447,0.6626,0.2671,-0.0058
bhuvanabhanu,155,9,इअ निववयणं सुच्चा चिंतेइ मुणी गुणसमुद्दो ॥१९२०॥,0.2669,0.2671,0.743,0.2903,-0.0086
bhuvanabhanu,155,10,पडिबुज्झइ नेव निवो पुव्वभवनिआणकारगो जेणं ।,0.2652,0.2941,0.7197,0.3177,-0.0077
bhuvanabhanu,155,11,उवपसाणं एसो असज्झगो त्ति समणो चलिओ ॥१९२१॥,0.2646,0.3156,0.7587,0.3379,-0.0094
bhuvanabhanu,155,12,आराहिऊण समणो केवलनाणं खणेण लहिऊणं ।,0.2646,0.3444,0.6859,0.3645,-0.0055
bhuvanabhanu,155,13,सासयसुक्खं मुक्खं संपत्तो चित्तअभिहाणो ॥१९२२॥,0.2617,0.3667,0.7022,0.3894,-0.0079
bhuvanabhanu,155,14,एगेणं विप्पेणं सभोअणं जाइओ उ नरनाहो ।,0.264,0.3946,0.6643,0.4156,-0.0058
bhuvanabhanu,155,15,अन्नस्स चक्किभोअणमेअं नवि 'जिजए विप्प ! ॥१९२३॥,0.2628,0.4161,0.7582,0.4371,-0.0059
bhuvanabhanu,155,16,दाणपडिसेहकरणे विप्पो निंदेइ भूमिधवसीहं ।,0.264,0.4431,0.676,0.4659,-0.0071
bhuvanabhanu,155,17,सकुटुंबं विप्पमसूआए भोपइ चक्कहरो ॥१९२४॥,0.264,0.4667,0.6772,0.4895,-0.0099
bhuvanabhanu,155,18,रयणीए पसुणो पिव पवट्टिआ तेउ रागचिट्ठाए ।,0.2646,0.4925,0.6993,0.5161,-0.0067
bhuvanabhanu,155,19,विप्पो अ लजिओ रायवरे वइरं वहेइ दढं ।॥१९२५।।,0.2593,0.5165,0.7261,0.5371,-0.0062
bhuvanabhanu,155,20,नयराउ निग्गपण तेणं गोवो निरिक्खिओ एगो ।,0.264,0.5423,0.6999,0.5633,-0.008
bhuvanabhanu,155,21,*अयलिंडिआहिमस्सयत्थदलाई विभिदंतो ॥१९२६॥,0.2657,0.5646,0.7121,0.5878,-0.0065
bhuvanabhanu,155,22,दाणाईहि गोवो पलोभिओ तेण तस्स पासाओ ।,0.264,0.5921,0.6894,0.6144,-0.0068
bhuvanabhanu,155,23,गोलयनिक्खेवेणं च चक्किणो कडिए नित्ते ॥१९२७।।,0.2628,0.6144,0.7168,0.6415,-0.0077
bhuvanabhanu,155,24,रुद्रेण नरवरेणं सकुडंबो घाइओ इमो विप्पो ।,0.2634,0.6466,0.676,0.6702,-0.0099
bhuvanabhanu,155,25,अन्ने वि दिए हणिउं तन्नित्ताई खिवसु थाले ॥१९२८॥,0.2617,0.6685,0.7395,0.693,-0.0098
bhuvanabhanu,155,26,तं थालं मह पासे ठवेसु ताई जहा विमद्देमि ।,0.2622,0.6964,0.6696,0.7192,-0.0072
bhuvanabhanu,155,27,एवं बङ्गुर पायगजोगो मंती मई कुणइ ॥१९२९।।,0.264,0.7196,0.6754,0.7428,-0.0085
bhuvanabhanu,155,28,गुंदाफलभरिअं थालं मुक्कं मंतिणा निवसमीवे ।,0.2634,0.7458,0.6737,0.7699,-0.0114
bhuvanabhanu,155,29,नयणमईए गुंदाई राया ताव मद्देइ ॥ १९३०।।,0.2646,0.769,0.6457,0.7922,-0.0123
bhuvanabhanu,155,30,एवं पावं काउं आउं पूरिअ (तया पुण) छचंदहयमाणं ।,0.2628,0.7999,0.7517,0.8257,-0.0083
bhuvanabhanu,155,31,सत्तमपुढवीइ गओ पावमई बंभदत्तो त्ति ॥१९३१॥,0.264,0.8227,0.6987,0.848,-0.0094
bhuvanabhanu,155,32,१ जीर्यते पचति इत्यर्थः ॥ २ अजालिण्डिकाभिः अश्वत्थदलानि विभिन्दन् ॥,0.1474,0.8892,0.6696,0.9103,-0.0033
bhuvanabhanu,155,33,Jain Education International,0.0146,0.9751,0.1847,0.9828,0.0
bhuvanabhanu,155,34,For Private & Personal Use Only,0.4196,0.9751,0.62,0.9845,0.0
bhuvanabhanu,155,35,www.jainelibrary.org,0.8584,0.9755,0.9848,0.985,0.0
bhuvanabhanu,156,1,भुषणभाणुकेवालचरियं,0.074,0.0713,0.2675,0.0927,0.0
bhuvanabhanu,156,2,किं तेणं रज्जेणं भुत्तेणं जेण लब्भए नरयं ।,0.2389,0.1052,0.616,0.1267,-0.0046
bhuvanabhanu,156,3,कणगेण परिहिएणं किं कण्णो तुट्टए जइ ता ? ।।१९३२॥,0.2389,0.1275,0.7255,0.149,-0.0048
bhuvanabhanu,156,4,मह आणा सब्वेहिं किजइ रज्जं इमं च पोढतमं ।,0.236,0.1546,0.6795,0.1756,-0.0053
bhuvanabhanu,156,5,इअ जो रज्जमओ सो वितहो सव्वो वि नायब्वो ॥१९३३।।,0.2401,0.176,0.7558,0.1988,-0.0068
bhuvanabhanu,156,6,मज्झ सुआ विणयजुआ ससिणेहा बंधुणो इमे सब्वे ।,0.2407,0.2035,0.704,0.2271,-0.005
bhuvanabhanu,156,7,'गयसीमपेमगवई भज्जा सरजुवइजिअरूवा ॥१९३४।।,0.2453,0.2263,0.7051,0.2482,-0.0051
bhuvanabhanu,156,8,सेसो वि मे परिअणो भत्तो सारं कुटुंबयं मज्झ ।,0.2354,0.2546,0.676,0.2748,-0.004
bhuvanabhanu,156,9,केइ पुरिसा इअ विचिंतिऊण 'साणंदया होति ॥१९३५॥,0.2372,0.2752,0.7343,0.2984,-0.0047
bhuvanabhanu,156,10,परमेअं अधिआरिअसोहणयं जेण सयणवग्गो लो ।,0.2372,0.3027,0.6742,0.3229,-0.0053
bhuvanabhanu,156,11,पुत्त-कलत्तप्पमुद्दो सकञ्जनिट्ठो समग्गो वि ॥१९३६।।,0.2389,0.3242,0.6824,0.3495,-0.0079
bhuvanabhanu,156,12,क़ज्जं संपज्जइ जइ स नेष विहडेर सो अ तक्कालं ।,0.2366,0.3525,0.6859,0.3731,-0.0052
bhuvanabhanu,156,13,इट्ठजणेण वि कस्स वि न गिज्झए रोगमचुदुहं ॥१९३७॥,0.2372,0.3748,0.7331,0.398,-0.0047
bhuvanabhanu,156,14,मरमाणो एस जिओ कुटुंबयं परिहरेइ सध्यमवि ।,0.2378,0.4015,0.6841,0.4246,-0.0052
bhuvanabhanu,156,15,तेणं जिअस्स हरिसो को सो तं 'सारयाकोसो ॥१९३८।।,0.2354,0.4242,0.7378,0.4457,-0.007
bhuvanabhanu,156,16,रूवर सगंधफरिसारवधिसया सुंदरा मए लद्धा ।,0.2383,0.4517,0.648,0.474,-0.0057
bhuvanabhanu,156,17,"विसयविसओ ""मओ जो तं अन्नाणविलसिअमेअं ॥१९३९।।",0.2348,0.4736,0.7459,0.4959,-0.0068
bhuvanabhanu,156,18,जं भोगेहि भुज्जंतेहिं सुहमणुहवंति के वि जिआ ।,0.2378,0.5011,0.6847,0.5243,-0.0052
bhuvanabhanu,156,19,तेसु अपत्तेसु अ ते दुक्खं पिक्खंति भूरिगुणं ॥१९४०॥,0.2348,0.5238,0.7086,0.5474,-0.0061
bhuvanabhanu,156,20,इह लोगे लद्धेसु वि पभूअभोगेसु अक्रयधम्माणं ।,0.236,0.5509,0.6632,0.5749,-0.0095
bhuvanabhanu,156,21,हवइ असुहं सुहाओ निरंतरमणंतगुणमेव ॥१९४१॥,0.2366,0.5728,0.6707,0.5968,-0.0107
bhuvanabhanu,156,22,अन्नं पिय वत्थु जं रमणिज्जं पडिभासए अ संसारे ।,0.2354,0.5998,0.7162,0.6234,-0.0073
bhuvanabhanu,156,23,तं सव्वं दुहृदायगमणिश्चयं वट्टए जीव ! ॥१९४२॥,0.236,0.6234,0.6649,0.6466,-0.0068
bhuvanabhanu,156,24,मोह कणगाउरेणं सुहमइमहराइ मत्तचित्तेणं ।,0.2372,0.6496,0.6288,0.6733,-0.0089
bhuvanabhanu,156,25,गमिआणि दिणाणि मए इअ चिंतेइ सुहभावो जो ॥१९४३॥,0.2378,0.6715,0.7477,0.6951,-0.0091
bhuvanabhanu,156,26,अकलं करायवईकज्ञ्जसाहगो कुवलयाइचंदजिणो ।,0.236,0.7003,0.6142,0.7209,-0.0092
bhuvanabhanu,156,27,जइ आगच्छइ इत्थं अहमषि सकज्जं च साहेमि ॥१९४४।।,0.2348,0.7213,0.743,0.7445,-0.0103
bhuvanabhanu,156,28,इअ भाईतो राया पारिअपोसहवओ पभायम्मि ।,0.236,0.7488,0.6608,0.7716,-0.0096
bhuvanabhanu,156,29,सुइभूओ अ जिणाणं जणेइ पूअं सुमाईहिं ॥१९४५॥,0.2366,0.7703,0.6719,0.7965,-0.0107
bhuvanabhanu,156,30,उवविसइ सहामंडवमुष्वीनाहो महोदयपयावो ।,0.2354,0.7991,0.6457,0.8222,-0.0085
bhuvanabhanu,156,31,सव्वदिसागयरायगणऽश्च्चिअपयपंकरुहजुम्मो ॥१९४६॥,0.2343,0.821,0.6859,0.8446,-0.009
bhuvanabhanu,156,32,१ गतसीमप्रेमकवती ॥ २ स्मरयुवतिजितरूपा ॥ ३ सानन्दकाः ॥ ४ सारताकोशः ॥ ५ मदः ॥,0.1177,0.8819,0.7925,0.9051,-0.0017
bhuvanabhanu,156,33,६ कनको धत्तूरः ॥,0.0705,0.9107,0.2034,0.9292,-0.0044
bhuvanabhanu,156,34,Jain Education International,0.0146,0.9747,0.1841,0.9828,0.0
bhuvanabhanu,156,35,For Private & Personal Use Only,0.4196,0.9751,0.62,0.9854,0.0
bhuvanabhanu,156,36,१३९,0.81,0.07,0.8531,0.0872,0.0
bhuvanabhanu,156,37,www.jainelibrary.org,0.8584,0.9755,0.9848,0.985,0.0
bhuvanabhanu,157,1,१४०,0.1043,0.0666,0.1439,0.0807,0.0
bhuvanabhanu,157,2,सिरिइंदहंसगणिविरइयं,0.6766,0.0648,0.8811,0.0829,0.0
bhuvanabhanu,157,3,कुवलयचंदजिणो चंदपुरीनयरीइ आगओ झत्ति ।,0.2739,0.1005,0.6591,0.1202,0.0
bhuvanabhanu,157,4,रायमणोगयभावं समयं पुण जाणिऊणमहो ! ॥१९४७॥,0.2751,0.1237,0.7523,0.1438,0.0
bhuvanabhanu,157,5,तरुणो फलंति कालेण वारिहरवारिसेगवडूंता ।,0.2739,0.1511,0.6917,0.173,0.0
bhuvanabhanu,157,6,उत्तमजणाण य मणोरहा फलंति किर तक्कालं ॥१९४८॥,0.2721,0.1778,0.7494,0.1967,0.0
bhuvanabhanu,157,7,मिगरमणाभिहउज्जाणम्मि सुवण्णंबुअं सुरेहिं कयं ।,0.2721,0.2044,0.6882,0.2254,0.0
bhuvanabhanu,157,8,तत्थ य उवविट्ठो सो भगवंतो केवली सुहओ ॥१९४९॥,0.2733,0.2276,0.7593,0.2482,0.0
bhuvanabhanu,157,9,तत्थ सुरा विज्ञाहरनिअरा य समागया हरिसवंता ।,0.2721,0.2546,0.7366,0.2739,0.0
bhuvanabhanu,157,10,तेसि दिज्जर धम्मस्स देसणा तेण य जिणेण ॥१९५०।।,0.2721,0.2769,0.75,0.2963,-0.0012
bhuvanabhanu,157,11,केवलिसमागमणवुत्तंतं सोऊण बलिनराहिवई ।,0.2704,0.304,0.6498,0.3246,0.0
bhuvanabhanu,157,12,आगंतूण महिड्डीइ बंदप सिरिजिणं एसो ॥१९५१॥,0.271,0.3263,0.7162,0.3512,-0.0013
bhuvanabhanu,157,13,केवलिपार्साम्म निसण्णो राया भासए जिणो धम्मं ।,0.271,0.3538,0.7319,0.3723,-0.0013
bhuvanabhanu,157,14,महुराए वाणीए जणसवणामिअसमाणीए ॥१९५२॥,0.2716,0.3761,0.7063,0.3989,-0.0027
bhuvanabhanu,157,15,'जिणवरपूआ य 'जओ राग-द्दोसाण 'जीअकरुणा य ।,0.2756,0.4027,0.7494,0.4242,-0.0012
bhuvanabhanu,157,16,"*जाबो मंर्तानवस्स य ""जयारया दुल्लहा चउरो ॥१९५३॥",0.2727,0.4268,0.7541,0.4478,-0.0012
bhuvanabhanu,157,17,धम्मं सोउं राया हरिसिअचित्तो गुरुं भणइ एवं ।,0.2698,0.453,0.7086,0.4727,-0.0013
bhuvanabhanu,157,18,भयवं ! मणुस्सजम्मो बहुओ हा ! हारिओ एसो ॥१९५४॥,0.2704,0.4762,0.7582,0.4976,-0.0012
bhuvanabhanu,157,19,तुह पयजुअलं सरणं इणं मए पत्तमञ्ज सामि ! तुमं ।,0.2681,0.5024,0.7331,0.5243,-0.0013
bhuvanabhanu,157,20,सहलं सेसं जम्मं कुणसु पसायं च काऊणं ॥१९५५।।,0.2803,0.5268,0.7366,0.5466,-0.0013
bhuvanabhanu,157,21,इत्थभवम्मि महाराय ! तप किं हारिअं इमं जं च ।,0.2704,0.5517,0.722,0.5723,-0.0026
bhuvanabhanu,157,22,पुव्वभवे हारिअमेअं भयजणयं भणिज्जंतं ॥१९५६॥,0.2686,0.5749,0.7133,0.5973,-0.0026
bhuvanabhanu,157,23,सयलजणच्छेरगरं तओ नरिंदेण भासियमिसिद ।,0.2692,0.6015,0.7145,0.6217,-0.0026
bhuvanabhanu,157,24,सोउं इच्छामि अहं अप्पसरूवं इमं ताव ॥१९५७॥,0.2663,0.626,0.7028,0.6453,-0.0027
bhuvanabhanu,157,25,भगवंतो भणइ महाराय ! समग्गेण आउणा कहिउ ।,0.2692,0.6518,0.729,0.6724,-0.0013
bhuvanabhanu,157,26,एअं सक्किजइ नेव विणोओ अत्थि जइ तुज्झ ॥१९५८॥,0.2675,0.6754,0.7512,0.6956,-0.0012
bhuvanabhanu,157,27,संखेविऊण किंचण कहिजइ इओ अणंतकालाओ ।,0.2669,0.7029,0.7034,0.7218,-0.0013
bhuvanabhanu,157,28,परओ तुममव्ववहाररासिनयरम्मि ताव ठिओ ॥१९५९॥,0.2675,0.7252,0.7179,0.7471,-0.0013
bhuvanabhanu,157,29,चारित्तसिन्नसहिओ करिस्सए मोहसत्तुखयमेसो ।,0.2652,0.7531,0.6649,0.7733,-0.0029
bhuvanabhanu,157,30,इअ ववहारनिगोए आणीओ कम्मराएण ॥१९६०॥,0.2669,0.7763,0.6626,0.7965,-0.0044
bhuvanabhanu,157,31,कुविपर्हि 'अवगयतस्सरूवगेहिं तहेव तत्थ तुमं ।,0.2663,0.8025,0.6906,0.8257,-0.0014
bhuvanabhanu,157,32,धरिओ अणंतकालं मोहाइअसबलसत्तूहिं ॥१९६१॥,0.2657,0.8261,0.6847,0.8467,-0.0014
bhuvanabhanu,157,33,१ जिनवरपूजा ॥ २ जयः रागद्वेषयोः ॥ ३ जीवकरुणा ॥ ४ जापः मन्त्रनृपस्य नवकारमन्त्रस्य ॥,0.1469,0.8836,0.8228,0.9047,-0.0017
bhuvanabhanu,157,34,५ जकारकाः ॥ ६ सफलम् ॥ ७ हे ऋषीन्द्र ॥ ८ अवगततत्स्वरूपकैः ।।,0.0962,0.9077,0.6037,0.9274,-0.0023
bhuvanabhanu,157,35,Jain Education International,0.014,0.9751,0.1841,0.9828,0.0
bhuvanabhanu,157,36,For Private & Personal Use Only,0.4196,0.9747,0.62,0.985,0.0
bhuvanabhanu,157,37,www.jainelibrary.org,0.8584,0.9755,0.9848,0.985,0.0
bhuvanabhanu,158,1,भुचणमाणुकेवलिचरियं,0.0816,0.0726,0.2733,0.0927,0.003
bhuvanabhanu,158,2,१४१,0.8182,0.0751,0.8625,0.0919,0.0
bhuvanabhanu,158,3,अह तुम' मिला-जला-णल- मरु-तैरु-त्रि-ति-चउ-पणिंदितिरिपसु ।,0.2448,0.1142,0.8392,0.1344,0.0
bhuvanabhanu,158,4,नरपसु अणजनरेसु कम्मभूवेण आणीओ ॥१९६२॥,0.2488,0.1387,0.683,0.1589,0.0
bhuvanabhanu,158,5,पुणरवि अणंतवारा कुविएहि मोहसत्तुषवणेहिं ।,0.2483,0.1649,0.655,0.1855,0.0
bhuvanabhanu,158,6,उप्पाडिऊण खित्तो तुमं निगोआइसु नरेसु ॥१९६३॥,0.2453,0.1868,0.7045,0.2091,0.0013
bhuvanabhanu,158,7,इअ ताव जाब भमिओ संसारजलणिहिमज्झदेसम्मि ।,0.2471,0.2143,0.7162,0.2336,0.0
bhuvanabhanu,158,8,अइ दुक्खिओ उ तुमजंतऽणंतपुग्गलषरावट्टे ॥१९६४॥,0.243,0.237,0.7016,0.2581,0.0
bhuvanabhanu,158,9,तुज्झ जिओ संजाओ अज्जगखित्तम्मि मरणयो किंतु ।,0.2442,0.2636,0.7092,0.2847,0.0
bhuvanabhanu,158,10,कत्थ वि कुजाइभावेण गयं विहलं मणुअजम्मं ॥१९६५,0.2459,0.2868,0.7255,0.307,0.0
bhuvanabhanu,158,11,कत्थ वि कुलदोसेणं कत्थ वि जञ्चंधयाइभावेहिं ।,0.2465,0.3134,0.6731,0.334,-0.0014
bhuvanabhanu,158,12,*कुट्ठाइ रुउप्पाएप्प गयं बिहलं मणुअजम्मं ॥१९६६॥,0.2483,0.3353,0.6853,0.3568,-0.004
bhuvanabhanu,158,13,कत्थ वि पुणरवि अप्पाउअत्तणेणं च हारिअं जम्मं ।,0.2424,0.3684,0.7063,0.3894,0.0
bhuvanabhanu,158,14,'अन्नायधम्मनामो तहेव भमिओ तुमं राय ! ॥१९६७॥,0.2471,0.3907,0.7162,0.4109,0.0
bhuvanabhanu,158,15,वाषट्टिऊण जीओ परम्मुहो मोहपबलकडगेणं ।,0.2389,0.4182,0.6416,0.4388,0.0
bhuvanabhanu,158,16,उविओ इगिदिआइसु अणंतपुग्गलपरश्वद्वे ॥१९६८॥,0.2418,0.441,0.6801,0.4611,0.0
bhuvanabhanu,158,17,एगय तुमं सिरिनिलयनयरे वेसमणनामओ पुत्तो ।,0.2424,0.4689,0.641,0.4886,0.0
bhuvanabhanu,158,18,श्वणतिलयसिड्डिणो तत्थ इमा गाहा सुआ तेण ॥१९६९॥,0.2407,0.4903,0.7069,0.5114,0.0
bhuvanabhanu,158,19,धणकणग्गाइअभाषा अणिश्चगा संति आवयाहरणे ।,0.2407,0.5178,0.6731,0.5367,0.0
bhuvanabhanu,158,20,यस खमो धम्मो तेण तं पवञ्जह जणा ! सरणं ॥१९७०॥,0.2418,0.5406,0.7389,0.559,0.0
bhuvanabhanu,158,21,तस्स य जाया धम्मविहाणमई केवलं तु पावमई ।,0.2418,0.5719,0.683,0.5925,0.0
bhuvanabhanu,158,22,परमत्थेण कुदिद्विभवर सा नेआ सुबुद्धीहिं ॥१९७१॥,0.2418,0.5938,0.6882,0.6157,0.0
bhuvanabhanu,158,23,पपण तव्वसीकयमणेण गहिअं वयं कुमारेण ।,0.2401,0.623,0.6381,0.6428,0.0
bhuvanabhanu,158,24,तत्थ य सयंभुनामगतिदंडितावससमीवम्मि ॥१९७२॥,0.2401,0.6445,0.6987,0.6647,0.0
bhuvanabhanu,158,25,मणुअत्तणं तमवि हारिऊण वावट्टिओ अ भमिओ अ ।,0.2383,0.6707,0.7156,0.6921,-0.0012
bhuvanabhanu,158,26,संसारम्मि असारे अर्णतपुग्गलपरावष्टे ॥१९७३॥,0.2383,0.6943,0.6498,0.7153,0.0
bhuvanabhanu,158,27,पुणरवि माणुसभावे लद्धे वि गया कुधम्मबुद्धी सा ।,0.2424,0.7213,0.7045,0.7432,0.0
bhuvanabhanu,158,28,तस्स न वि सुद्धधम्मस्सवणाऽभावेण जीअस्स ॥१९७४॥,0.2389,0.745,0.7249,0.7647,0.0
bhuvanabhanu,158,29,कत्थ वि सुहगुरुसामग्गिअभावओ अ कत्थ वि न तस्स ।,0.2372,0.7716,0.7459,0.7913,0.0
bhuvanabhanu,158,30,आलस्साइअहेहि सुद्धधम्मस्स संपत्ती ॥१९७५॥,0.2372,0.7939,0.6568,0.8137,0.0
bhuvanabhanu,158,31,कत्थ वि सुद्धे धम्मे सुप वि सुन्नत्तणेण नावगओ ।,0.2378,0.8205,0.6853,0.8416,0.0
bhuvanabhanu,158,32,"तस्सत्थो तेणं कत्थ वि ""अरुईइ अवन्नाए ॥१९७६॥",0.2383,0.8433,0.6836,0.8639,0.0013
bhuvanabhanu,158,33,१ पृथ्वी ॥ २ मरुत् ॥ ३ कुष्ठादिरुजोत्पादेन ॥ ४ अज्ञातधर्मनामा ॥ ५ अरुच्या अवज्ञातः अवज्ञया ॥,0.1189,0.9021,0.8432,0.9231,0.0008
bhuvanabhanu,158,34,Jain Education International,0.0146,0.9751,0.1847,0.9828,0.0
bhuvanabhanu,158,35,For Private & Personal Use Only,0.4196,0.9751,0.62,0.9854,0.0
bhuvanabhanu,158,36,www.jainelibrary.org,0.8584,0.9755,0.9848,0.985,0.0
bhuvanabhanu,159,1,१४२,0.0892,0.0614,0.1305,0.076,0.0
bhuvanabhanu,159,2,सिरिइंदहंसगणिविरइयं,0.6603,0.0571,0.8671,0.0751,0.0
bhuvanabhanu,159,3,इअ सौ कुधम्मबुद्धिउवएसओ धम्मच्छलेण भमिओ अ ।,0.2611,0.097,0.757,0.1202,-0.0012
bhuvanabhanu,159,4,कयपसुवहाइपावो अणंतपुग्गलपरावट्टे ॥१९७७।।,0.2593,0.1219,0.6632,0.1438,-0.0043
bhuvanabhanu,159,5,तह विजयवऋणपुरे सुलसाभिहसिट्ठिपुत्तओ जाओ ।,0.2582,0.1481,0.6591,0.1705,-0.0029
bhuvanabhanu,159,6,नंदणनामो पत्तं जहापवित्तकरणं तेण ॥१९७८॥,0.2587,0.1717,0.6515,0.1906,-0.0015
bhuvanabhanu,159,7,करणेण जीपण तओ कयाणि मोहाइसत्तकम्माणि ।,0.2587,0.1975,0.6923,0.2177,-0.0013
bhuvanabhanu,159,8,ऊणेगसाय रोवमकोडाको डिठिइमाणाणि ॥१९७९॥,0.2582,0.2198,0.6836,0.24,-0.0014
bhuvanabhanu,159,9,जा गंठिदेसमेसो गओ परं तेण नेव सो भिन्नो ।,0.2564,0.2482,0.69,0.2671,-0.0013
bhuvanabhanu,159,10,रागद्दोसाऽसद्धाईहिं च निवट्टिओ झत्ति ॥१९८०॥,0.2593,0.2709,0.6795,0.2924,-0.0014
bhuvanabhanu,159,11,इअ जावऽर्णतवारा निवट्टिओ मोहगाइसतूहिं ।,0.2611,0.2976,0.6568,0.319,-0.0029
bhuvanabhanu,159,12,पइवेलमेस धरिओ कालमर्णतं च गयनाणो ।।१९८१।३,0.2576,0.3203,0.7098,0.3405,-0.0013
bhuvanabhanu,159,13,अन्नय मलयपुराहिवसुरिंदरायसुअविस्ससेणभवे ।,0.2576,0.3478,0.6282,0.3693,-0.0016
bhuvanabhanu,159,14,भिन्नो गंठी तेणं अपुव्वकरणेगखग्गेणं ॥१९८२॥,0.2593,0.3705,0.6603,0.392,-0.0015
bhuvanabhanu,159,15,अहदुल्लहं पि लद्ध हारिअमेअं कुदिद्विरापणं ।,0.2558,0.3972,0.6533,0.4191,-0.0015
bhuvanabhanu,159,16,धणदत्त सिद्विसुअसुहगभवम्मि सिणेहराएणं ॥१९८३॥,0.2599,0.4199,0.6888,0.441,0.0
bhuvanabhanu,159,17,गिहवइसुअसीहभवे विसयरापण दंसणं चत्तं ।,0.257,0.4478,0.6474,0.468,0.0
bhuvanabhanu,159,18,दोसेण पुणो तुमप जिंणदत्तसुआइजम्मर्माम्म ॥१९८४॥,0.2558,0.471,0.6981,0.4903,0.0
bhuvanabhanu,159,19,जलणसिहदिआ-वणिषकुबेर-पउम-सोमदत्तगभवेसु ।,0.2558,0.4981,0.6859,0.5187,0.0
bhuvanabhanu,159,20,तुह कोह-माण-माया-लोहेहिं दंसणं च गयं ॥ १९८५॥,0.257,0.52,0.7302,0.5397,-0.0012
bhuvanabhanu,159,21,इअ अस्संखभवेसु सम्मत्तं हारिअं तए राय ! ।,0.2582,0.547,0.6672,0.5672,-0.0014
bhuvanabhanu,159,22,अवरावरविसममहापडिवक्खगमोहपमुहेहिं ॥ १९८६॥,0.2582,0.5698,0.6929,0.59,-0.0013
bhuvanabhanu,159,23,धम्मो तए विरमिओ सुंदरनम्मम्मि देसविरईउ ।,0.257,0.5968,0.6777,0.6166,0.0
bhuvanabhanu,159,24,हिंसाइ माणभदवणिअजम्मो 'वितहवयणाओ ॥१९८७॥,0.2547,0.6191,0.7185,0.6389,-0.0013
bhuvanabhanu,159,25,सोमग-दत्तभवेसु अ धणबहुलगसिट्ठिजम्मए कमसो ।,0.2552,0.6466,0.6667,0.6677,0.0
bhuvanabhanu,159,26,जस्स अदत्तगहण-मेहुण-मुच्छाहिं गओ धम्मो ॥१९८८॥,0.2593,0.6685,0.7348,0.6913,-0.0012
bhuvanabhanu,159,27,रोहिणीसड्डीजम्मे विहगारुवग-अणत्थदंडाओ ।,0.2558,0.696,0.6375,0.7213,0.0
bhuvanabhanu,159,28,जिणधम्म निहाणमहो लहिउं हारिअमिमेण तप ॥ १९८९।।,0.2564,0.7231,0.7459,0.7428,-0.0012
bhuvanabhanu,159,29,*सुहदाणकारणगमिअ गमिआ देसविरई तए राय ! ।,0.2611,0.7501,0.7244,0.7716,-0.0013
bhuvanabhanu,159,30,संखाईअभवेसु अ अवराबर मोहसुहडेहिं ॥ १९९०॥,0.257,0.772,0.6684,0.7943,-0.0014
bhuvanabhanu,159,31,अरविंदकुमरनामधरेणं सब्बविरई पुणो पत्ता ।,0.2582,0.7999,0.6474,0.8214,0.0
bhuvanabhanu,159,32,सावि अविणासिआ कोह-माणगेहिं महाराय ! ॥१९९१।।,0.2558,0.8227,0.7663,0.8416,0.0
bhuvanabhanu,159,33,१ वितथवचनात्-मृषावादादित्यर्थः ॥ २ सुखदानकारणकम् इति ॥,0.141,0.8862,0.5956,0.906,0.0
bhuvanabhanu,159,34,Jain Education International,0.0146,0.9751,0.1841,0.9828,0.0
bhuvanabhanu,159,35,For Private & Personal Use Only,0.4196,0.9751,0.62,0.9854,0.0
bhuvanabhanu,159,36,www.jainelibrary.org,0.8584,0.9755,0.9848,0.985,0.0
bhuvanabhanu,160,1,सुवणभाणुकैवलिचरियं,0.0798,0.0644,0.2745,0.0854,-0.003
bhuvanabhanu,160,2,१४३,0.8188,0.0653,0.8584,0.0816,0.0
bhuvanabhanu,160,3,मंतिसुअचित्तमइणा वयं च विसयसुहसीलभावेण ।,0.2477,0.1039,0.6707,0.1271,-0.0028
bhuvanabhanu,160,4,परिपालिअं न सम्मं अहो ! मुहा हारिओ जम्मो ॥१९९२॥,0.2477,0.1262,0.7646,0.1481,-0.0034
bhuvanabhanu,160,5,तह विजयसेणनिवसुअभवम्मि देसविरहं च लहिऊणं ।,0.2448,0.1533,0.701,0.1756,-0.0026
bhuvanabhanu,160,6,पगारसगुणठाणे गयागयं कयमिमेण तप ॥१९९३॥,0.2483,0.1773,0.6777,0.1992,-0.0041
bhuvanabhanu,160,7,सिट्ठिसुअपुंडरीअगभवे मुणी पढिअ सव्वपुच्वाई ।,0.2453,0.204,0.662,0.2267,-0.0042
bhuvanabhanu,160,8,निद्दापमायवसओ हारेर जिओ तुह नरिंद ! ॥१९९४॥,0.2471,0.2258,0.7179,0.2495,-0.005
bhuvanabhanu,160,9,तुमणंताणंतगपुग्गलगपरावट्टएसु इअ भमिओ ।,0.2477,0.2533,0.6375,0.2765,-0.006
bhuvanabhanu,160,10,मोहाइबसेण अणंतसो निरत्थीकयनियजम्मो ॥१९९५॥,0.2442,0.2752,0.7075,0.2976,-0.0075
bhuvanabhanu,160,11,अह पउमत्थलमयरे स सीहविक्रमसुएण सम्मत्तं ।,0.2448,0.3044,0.6329,0.3255,-0.006
bhuvanabhanu,160,12,सम्यं पालिअमोहाइखओ पुण्णोदयो अ कओ ।॥१९९६॥,0.2442,0.3263,0.7214,0.3486,-0.0049
bhuvanabhanu,160,13,पुण्णोदपण तेणं सत्तमदेवालयम्मि गंतृणं ।,0.2477,0.3525,0.6195,0.3761,-0.0063
bhuvanabhanu,160,14,भुत्ता दिव्वा भोगा सुहगा तुमप अपुष्वा य ॥१९९७॥,0.2483,0.3753,0.7209,0.3993,-0.0074
bhuvanabhanu,160,15,कमलागर नयरा हिवसिरिचंदनरिदपुत्तभाणुभवे ।,0.2453,0.4036,0.595,0.4251,-0.0033
bhuvanabhanu,160,16,गहिअ वयं तुममाराहिओ गओ नवमगेविज्जे ॥१९९८॥,0.2465,0.4255,0.7238,0.4478,-0.0037
bhuvanabhanu,160,17,अह पउमखंडनयरिंदइंददत्ताभिहाणनरनाहो।,0.2448,0.453,0.602,0.4732,-0.0033
bhuvanabhanu,160,18,समणो होउं मोहाईण खयं कुणइ 'तषसत्तो ॥१९९९॥,0.2436,0.4757,0.6958,0.4976,-0.0052
bhuvanabhanu,160,19,पुण्णोदयपोसो परमत्तमो तेणं महेसिणा य कओ ।,0.2471,0.5024,0.6958,0.5251,-0.0052
bhuvanabhanu,160,20,सव्वदृसिद्धनामे महाविभाणम्मि एस गओ ॥२०००॥,0.2453,0.5247,0.6976,0.5466,-0.0064
bhuvanabhanu,160,21,तत्तो चइऊण तुमं जाओ इत्थ बलिनामओ राया ।,0.2459,0.5526,0.6847,0.5745,-0.004
bhuvanabhanu,160,22,निअचरिअं सुच्चा संभंतो सो पडइ गुरुपपसु ॥२००१॥,0.2483,0.5745,0.7232,0.5981,-0.0061
bhuvanabhanu,160,23,भणइ निवो भयवं ! अइविसमा मोहाइसत्तुणो ताव ।,0.2442,0.6024,0.7174,0.6234,-0.0025
bhuvanabhanu,160,24,जं अज्जवि इत्थभवे छलंति एप तहेव ममं ॥२००२॥,0.2436,0.6243,0.704,0.6453,-0.0051
bhuvanabhanu,160,25,चारित्तधम्मसिन्नं समप्पसु पसायकारगोऽसि तुमं ।,0.2436,0.6522,0.6614,0.6745,-0.0028
bhuvanabhanu,160,26,जेणमिमे पहवंति न ममं अहं ते अ छिदेमि ॥२००३॥,0.243,0.6741,0.7162,0.6969,-0.0037
bhuvanabhanu,160,27,वसुहानायग ! तुम्हारिसाणमुत्तमनराण जुत्तमिणं ।,0.2442,0.7016,0.6737,0.7252,-0.0054
bhuvanabhanu,160,28,मम सीसो होसु तुमं वंछिअसिद्धी अ तुह होही ॥२००४॥,0.2442,0.7239,0.7477,0.7471,-0.0069
bhuvanabhanu,160,29,एस उवाओ नेओ मोहाइखर्यकरो तए राय ! ।,0.2442,0.7531,0.6568,0.7729,-0.0042
bhuvanabhanu,160,30,संजमधम्मं सरणं पवजसु तुमं विगयसंगो ॥२००५॥,0.2413,0.7746,0.6964,0.7973,-0.0051
bhuvanabhanu,160,31,मा चयसु सव्वविरईइ संगमेगखणमवि तुमं ताव ।,0.2424,0.8021,0.69,0.824,-0.0026
bhuvanabhanu,160,32,सब्बोहदंसण-सयागमे परिचिए कुणसु राय ! ॥२००६।॥,0.243,0.8244,0.7267,0.8467,-0.0024
bhuvanabhanu,160,33,१ तपःशक्तः ॥ २ महर्षिणा ॥,0.1247,0.8759,0.3316,0.8935,0.0
bhuvanabhanu,160,34,Jain Education International,0.0146,0.9751,0.1841,0.9828,0.0
bhuvanabhanu,160,35,For Private & Personal Use Only,0.4196,0.9747,0.62,0.985,0.0
bhuvanabhanu,160,36,www.jainelibrary.org,0.8578,0.9755,0.9854,0.9854,0.0
bhuvanabhanu,161,1,६४४,0.0897,0.0631,0.1329,0.0799,0.0
bhuvanabhanu,161,2,सिरिइंदहंसगणिविरइयां,0.6585,0.0575,0.8695,0.0773,-0.0028
bhuvanabhanu,161,3,उवसम-अज्जव-मद्दव-संजम-तव-तोस-सच्च-सोआणि ।,0.2605,0.0996,0.7383,0.1224,-0.0024
bhuvanabhanu,161,4,बंभं च अकिंचणया पोससु दसभेअजइधम्मं ॥२००७।।,0.2587,0.1228,0.7139,0.1451,-0.0038
bhuvanabhanu,161,5,'तवगं तुमं च मा मुंचसु आगमभणिअविहिविसेसेणं ।,0.2634,0.1486,0.7407,0.173,-0.0024
bhuvanabhanu,161,6,नाणम्मि उज्जमो सब्वया तए ताव कायव्यो । २००८।।,0.2593,0.1735,0.7343,0.1932,-0.0061
bhuvanabhanu,161,7,मोहाइपबलससुबलेण समं समरो दिवानिर्स तुमए ।,0.2605,0.1997,0.7185,0.2228,-0.0064
bhuvanabhanu,161,8,रइअव्यो उवचिअसत्तेणं रससत्तगहिएर्ण ॥२००९॥,0.2622,0.222,0.6853,0.2439,-0.0096
bhuvanabhanu,161,9,चारित्तधम्मसेणिअगणा सहाया तओ हविस्संति ।,0.2587,0.2499,0.6713,0.2696,-0.0056
bhuvanabhanu,161,10,तेसि तुमं पि सहाओ हविस्ससि तओ बलं पुण्णं ॥२०१०॥,0.2593,0.2722,0.7885,0.2945,-0.0055
bhuvanabhanu,161,11,पपणं च बलेणं मोहाइरिऊण खयमिमं काउं ।,0.2605,0.2997,0.6603,0.3203,-0.0044
bhuvanabhanu,161,12,होही निव्वुइनयरीनाहो अक्खयसुहनिहाणं ॥२०११॥,0.2599,0.3225,0.7133,0.3456,-0.0064
bhuvanabhanu,161,13,इअ अिणवयणं सोउं राया चिंतेइ एस नरजम्मो ।,0.2599,0.3491,0.7016,0.3714,-0.0053
bhuvanabhanu,161,14,एस सुगुरू अहं धम्मेणं सहलेमि अप्पाण ॥२०१२॥,0.2617,0.3714,0.7145,0.3937,-0.0077
bhuvanabhanu,161,15,एसा गुरुसामग्गी संसारमहण्णवे पहुंताणं ।,0.2617,0.4015,0.6358,0.4221,-0.0047
bhuvanabhanu,161,16,केसिचि मिलेइ तरी व दुक्खजलतारणसमत्था ॥२०१३॥,0.2587,0.4221,0.7471,0.4457,-0.0072
bhuvanabhanu,161,17,ठायव्वं खणमेगं तुम्हेहिं किर परोवयारीहिं ।,0.2599,0.4487,0.6667,0.4719,-0.0072
bhuvanabhanu,161,18,एअं भणिऊण गओ नयरीए बलिमहाराओ ॥२०१४॥,0.2599,0.4719,0.6987,0.4921,-0.0066
bhuvanabhanu,161,19,सुहवेलाए ताए देवी रइसुंदरीइ जिठ्ठसुओ ।,0.2617,0.4989,0.6247,0.5217,-0.0048
bhuvanabhanu,161,20,मयसारो नामेणं ठविओ रज्जे नरिंदेणं ॥२०१५७॥,0.2622,0.5213,0.6678,0.5423,-0.0057
bhuvanabhanu,161,21,नयरे जिणिंदभवणेसु महाषूआउ जेण रइआओ ।,0.2622,0.5492,0.6882,0.5719,-0.0041
bhuvanabhanu,161,22,दिजइ अ महादार्ण अमारिपडहो अ घोसिअओ ॥२०१६।।,0.2599,0.5711,0.7646,0.5921,-0.0035
bhuvanabhanu,161,23,सक्कारिज्जर सम्माणिजर जेणं चउव्विहो संघो ।,0.2628,0.5981,0.6807,0.6196,-0.0042
bhuvanabhanu,161,24,निक्खमणखणे दीसइ सक्कसमो जो महिडीए ॥२०६७।।,0.264,0.6204,0.7477,0.6483,-0.0048
bhuvanabhanu,161,25,मंडलिअमंति-सामंत-निवेहिं पउरजणपणसपहिं ।,0.2622,0.6518,0.7005,0.672,-0.004
bhuvanabhanu,161,26,अंतेउरीजणेहिं सह जो पव्ययह गुरुपासे ॥२०१८॥,0.2622,0.6763,0.6999,0.696,-0.004
bhuvanabhanu,161,27,को वि अ लोअचमक्कारकारओ। वयमहूसवो एसो ।,0.2617,0.7029,0.708,0.7235,-0.0039
bhuvanabhanu,161,28,नयसारनरिंदेणं जणिओ निअजणगरायस्स ॥२०१९॥,0.2646,0.7248,0.7191,0.7454,-0.0038
bhuvanabhanu,161,29,सब्बेोहगपुण्णोदयपहाव जेण अंगबारसगं ।,0.2634,0.7527,0.6503,0.7746,-0.006
bhuvanabhanu,161,30,अप्पदिणेहिं पढिअं विणपण सुगुरुपासम्मि ॥२०२०।।,0.2634,0.7742,0.7249,0.7978,-0.0076
bhuvanabhanu,161,31,रयणतिआराहणतप्परो मुणी णेगलद्धिआओ जाओ ।,0.2646,0.8021,0.6865,0.8244,-0.0069
bhuvanabhanu,161,32,कुवलयचंद‌जिणेणं ठविओ सपयम्मि रायरिसी ॥२०२१॥,0.2652,0.8244,0.7552,0.8484,-0.0071
bhuvanabhanu,161,33,१ तपः ॥ २ सफलयामि ॥,0.1463,0.8806,0.3444,0.8978,-0.0059
bhuvanabhanu,161,34,Jain Education International,0.0146,0.9751,0.1841,0.9828,0.0
bhuvanabhanu,161,35,For Private & Personal Use Only,0.4196,0.9747,0.62,0.985,0.0
bhuvanabhanu,161,36,www.jainelibrary.org,0.859,0.9755,0.9843,0.9854,0.0
bhuvanabhanu,162,1,भुषणभाणुकेवलिचरियं,0.1002,0.0696,0.2914,0.091,-0.0061
bhuvanabhanu,162,2,१०,0.109,0.9008,0.1305,0.9158,0.0
bhuvanabhanu,162,3,सयलो वि गणो गुरुणा समप्पिओ जस्स सयमिमो 'अरओ ।,0.2646,0.1052,0.8129,0.1288,-0.0053
bhuvanabhanu,162,4,सेलेसीकरणेणं कुवलयचंदो गओ सिद्धिं ॥२०२२॥,0.2663,0.1284,0.6882,0.1533,-0.0097
bhuvanabhanu,162,5,सब्बोहसयागमदं सिअविहिणा मोहरिउबलं समरं ।,0.2663,0.1567,0.7028,0.1782,-0.008
bhuvanabhanu,162,6,बलिरायरिसीसूरी पराभवंतो उ विहरेइ ॥२०२३॥,0.2675,0.179,0.6882,0.2031,-0.0083
bhuvanabhanu,162,7,गामनगरेसु गच्छंतो पडिबोहेइ गुरू अणेगजणे ।,0.2657,0.2061,0.6859,0.231,-0.0111
bhuvanabhanu,162,8,मोहाइ विडंबणमोअण कोविअवयणबाणसरो ॥२०२४॥,0.2669,0.228,0.7203,0.2516,-0.0116
bhuvanabhanu,162,9,एगय अपमत्तगुणद्वाणगएणं महेसिणा पत्ता ।,0.2669,0.2559,0.6544,0.2812,-0.0136
bhuvanabhanu,162,10,सुहअज्झवसायसरूवखवगसेणिअसिलट्ठी अ ॥२०२५॥,0.2686,0.2765,0.7179,0.3031,-0.013
bhuvanabhanu,162,11,कोहाइणो अर्णताणुबंधिणो विअडसत्तुणो जेण ।,0.2628,0.3044,0.6725,0.3289,-0.0114
bhuvanabhanu,162,12,ताए असिलडीए जलनिहिमाणां खयं नीआ ॥२०२६॥,0.2652,0.3263,0.722,0.3525,-0.014
bhuvanabhanu,162,13,अविसुद्ध-अद्धसुद्ध-विसुद्धपुंजतियकविभागमिणं ।,0.2675,0.3538,0.708,0.3796,-0.0066
bhuvanabhanu,162,14,*कुद्दवदिद्रुतेणं मिच्छत्तं जेण निद्दलिअं ॥२०२७॥,0.2675,0.3761,0.6853,0.4027,-0.0154
bhuvanabhanu,162,15,अह जो अपुव्वकरणाभिहाणगुणठाणगं फरिसिऊणं ।,0.2652,0.4027,0.7127,0.4294,-0.0091
bhuvanabhanu,162,16,अनिअट्टिबायराभिहगुणठाणं गच्छए सगुणो ॥२०२८॥,0.2657,0.4264,0.7226,0.4526,-0.0128
bhuvanabhanu,162,17,तत्थ गएणं जेणं छिदिउमारंभिआ कसायारी ।,0.2646,0.4534,0.6678,0.4766,-0.0116
bhuvanabhanu,162,18,अप्पश्चक्खाणावर-पञ्च्चक्खाणावरा अट्ठ ॥२०२९॥,0.2628,0.4787,0.6661,0.5015,-0.0159
bhuvanabhanu,162,19,अद्धहपसु इमेसु अ जो उ विदारेइ ताव सूरिवरो ।,0.2628,0.5036,0.7156,0.5286,-0.0077
bhuvanabhanu,162,20,तेरस अणुक्कमेणं नामाभिहकम्मगपयारे ॥२०३०॥,0.2605,0.5264,0.6812,0.5517,-0.0097
bhuvanabhanu,162,21,नरगगइआणुपुब्बीउ तिरिअदुग-मिग-बि-ति-चउरिंदीणं ।,0.2617,0.553,0.7558,0.5801,-0.0083
bhuvanabhanu,162,22,जाईओ आयवजुइथावरसुहुमाणि साहारं ॥२०३१॥,0.257,0.5771,0.6952,0.6033,-0.0093
bhuvanabhanu,162,23,निहानिद्दा-पयलापयला-थीणद्धिरूवनिद्दतिगं ।,0.2587,0.6054,0.6527,0.6282,-0.0044
bhuvanabhanu,162,24,खविऊण अद्धखविए हणइ कसाए अ जो अट्ठ ॥२०३२।।,0.2576,0.6277,0.7372,0.6501,-0.0073
bhuvanabhanu,162,25,हणइ नपुंसगवेअं इत्थीवेअं तओ अ रिउछकं ।,0.2587,0.6556,0.6614,0.6801,-0.0072
bhuvanabhanu,162,26,हास-रइ-अरइ-सोग-भय-दुगंछालक्खणं एसो ॥२०३३॥,0.2576,0.678,0.7418,0.7016,-0.006
bhuvanabhanu,162,27,तह नरवेओ पहओ जेणं संजलणकोहडिवक्खो ।,0.2547,0.7042,0.6923,0.7261,-0.008
bhuvanabhanu,162,28,अभिमाणो तह मायासंजलणसरूवया चेव ॥२०३४॥,0.2547,0.7291,0.6993,0.7488,-0.0066
bhuvanabhanu,162,29,संजलणलोहसत्तू निहणिजंतो उ सुहुमरूवधरो ।,0.257,0.7553,0.669,0.7789,-0.0071
bhuvanabhanu,162,30,इक्कारसम [इको दसम] सुहुमसंपरायसोवाणयम्मि गओ ॥२०३५।।,0.257,0.7767,0.8159,0.8021,-0.0083
bhuvanabhanu,162,31,तत्थ वि पिट्ठगएणं जेणं विद्धंसिओ अरी सो वि ।,0.2547,0.8042,0.7016,0.8291,-0.0078
bhuvanabhanu,162,32,*गयनित्तमाणुससरूवमोहराओ इमो पडिओ ॥२०३६॥,0.2564,0.8278,0.7197,0.851,-0.0075
bhuvanabhanu,162,33,१४५,0.8386,0.0683,0.8776,0.0829,-1.5708
bhuvanabhanu,162,34,१ अरजाः कर्मरजोरहितः ॥ २ कोविदः निपुणः ॥ ३ कोद्रवदृष्टान्तेन ॥ ४ अष्टाविंशतिमानुषस्वरूपमोहराजः ॥,0.1375,0.8699,0.8584,0.8922,-0.0016
bhuvanabhanu,162,35,Jain Education International,0.014,0.9755,0.1836,0.9833,0.0
bhuvanabhanu,162,36,For Private & Personal Use Only,0.4196,0.9738,0.62,0.9854,0.0
bhuvanabhanu,162,37,www.jainelibrary.org,0.8584,0.9755,0.9848,0.985,0.0
bhuvanabhanu,163,1,१४६,0.0985,0.0743,0.1375,0.0906,0.0
bhuvanabhanu,163,2,सिरिइंदहंसगणिधिरइयं,0.669,0.0691,0.8759,0.0889,-0.0028
bhuvanabhanu,163,3,अक्खलिअगई बलिरायरिसी सूरीसरो गओ झत्ति ।,0.2675,0.1112,0.7069,0.1327,-0.0013
bhuvanabhanu,163,4,बारसमे गुणठाणम्मि खीणमोहाभिहाणम्मि ॥२०३७॥,0.2657,0.134,0.7267,0.1567,-0.0025
bhuvanabhanu,163,5,तत्थ य मइ-सुअ-ओहि-मणपज्जवग-केवलावरणरूवा ।,0.2663,0.1602,0.7413,0.1829,-0.0025
bhuvanabhanu,163,6,पण सामंता य खयं नीआ बलवंतया जेणं ॥२०३८॥,0.2663,0.1821,0.7145,0.2035,-0.0026
bhuvanabhanu,163,7,'त्रिअरण-लाह-भोगोपभोग-विरिअंतरायपणगं च ।,0.2692,0.2104,0.7121,0.2301,-0.0013
bhuvanabhanu,163,8,तह दंसणावरणभेअसत्तुछक हय जेणं ॥२०३९॥,0.2646,0.2336,0.6737,0.2559,-0.0043
bhuvanabhanu,163,9,निहा-पयला-चक्खु-अचक्खु-अवहि-केवलेगदिणं ।,0.2669,0.2602,0.7075,0.2838,-0.0026
bhuvanabhanu,163,10,आवरणाणि खविअ जेण कओ घणघाइकम्मखओ ॥२०४०॥,0.2652,0.2838,0.7751,0.304,-0.0046
bhuvanabhanu,163,11,पडिएसु इमेसु महादलनाहेसु गयनायगं जायं ।,0.2646,0.3117,0.6772,0.3328,-0.0028
bhuvanabhanu,163,12,रिउसिन्नं भग्गबलं जयलच्छी जेण सा वरिआ ॥२०४१।।,0.2646,0.3336,0.7448,0.3534,-0.0024
bhuvanabhanu,163,13,पयडीभूअं केवलनाणं जस्स तिजगप्पयासगरं ।,0.264,0.3615,0.6649,0.383,-0.0015
bhuvanabhanu,163,14,कम्मविणासे जह अब्भववगमे दिणगरो दित्तो ॥२०४२।।,0.2634,0.383,0.7523,0.4032,-0.0024
bhuvanabhanu,163,15,अह जो सजोगिजिणगुणठाणाभिहसिद्धिगेहसोवाणे ।,0.2634,0.41,0.7261,0.4328,-0.0013
bhuvanabhanu,163,16,आरुहिओ ते चारित्तधम्मपमुहा समुल्लसिआ ॥२०४३॥,0.2663,0.4337,0.7098,0.4543,-0.0013
bhuvanabhanu,163,17,बलिकेवली तओ मोहाइअमम्माणि भणिअ पुहुवीए ।,0.2652,0.4599,0.7139,0.4822,-0.0013
bhuvanabhanu,163,18,विहरंतो मोअइ तं विडंबणालक्खओ लोर्थ ॥२०४४॥,0.2622,0.4835,0.7168,0.5032,-0.0013
bhuvanabhanu,163,19,मोहाइदुक्खमोइअलोपहिं जस्स हरिसिअमणेहि ।,0.2605,0.5097,0.6742,0.5328,-0.0028
bhuvanabhanu,163,20,अवरं च कयं नाभं जिणस्स सिरिभुबणभाणु त्ति ॥२०४५॥,0.2605,0.5328,0.7815,0.5552,-0.0022
bhuvanabhanu,163,21,एस जयम्मि अहं विहरंतो पत्थिव ! समागओ इत्थ ।,0.2628,0.5599,0.7413,0.5788,-0.0012
bhuvanabhanu,163,22,अवहरिउं मोहाइअविडंबणाओ जणसयाणं ॥२०४६॥,0.2611,0.5822,0.7086,0.6028,-0.0026
bhuvanabhanu,163,23,इअ सुणिअ चंदमोलिनरिंदो आणंदकंदलिअदेहो ।,0.2622,0.6101,0.6742,0.6325,-0.0028
bhuvanabhanu,163,24,जिणपयकमलेसु पडिअ पुणरवि जंपइ नरेसवई ॥२०४७॥,0.2634,0.632,0.7634,0.6574,-0.0035
bhuvanabhanu,163,25,भयवं ! तुमए साहू अणुग्गहिओ निअसमागमेण अहं ।,0.2599,0.6599,0.7308,0.6831,-0.0025
bhuvanabhanu,163,26,सचरिअकहणेणाऽऽगमरहस्सभूषण अञ्चंतं ॥२०४८॥,0.2611,0.684,0.6946,0.7042,-0.0054
bhuvanabhanu,163,27,अह केवलिणा भणिअं महानिव ! निअचरिअं भणिज्जंतं ।,0.2587,0.7102,0.7652,0.7308,-0.0035
bhuvanabhanu,163,28,न य जुत्तं जेण तहा निअगुणउकित्तणं हवइ ॥२०४९॥,0.2599,0.7329,0.729,0.7553,-0.0025
bhuvanabhanu,163,29,पअं च नीइसत्थेण विरुद्धं तह वि तुह समासेणं ।,0.2611,0.76,0.7005,0.7819,-0.0013
bhuvanabhanu,163,30,भासिअमुवगारं दद्रूण मए सचरिअं राय ! ॥२०५०॥,0.2599,0.7836,0.7174,0.8064,-0.0025
bhuvanabhanu,163,31,वित्थरओ पुण सव्वाउएण वि न को वि भासिउ सक्को ।,0.2605,0.8111,0.7669,0.833,-0.0012
bhuvanabhanu,163,32,जेणमिममम्ह चरिअं न केवलं सव्वजीवाणं ॥२०५१॥,0.2564,0.8351,0.7203,0.8532,0.0
bhuvanabhanu,163,33,१ वितरणम्-दानम् ॥,0.1387,0.8961,0.2879,0.9146,0.0
bhuvanabhanu,163,34,Jain Education International,0.014,0.9747,0.1841,0.9828,0.0
bhuvanabhanu,163,35,For Private & Personal Use Only,0.4196,0.9747,0.62,0.985,0.0
bhuvanabhanu,163,36,www.jainelibrary.org,0.8584,0.976,0.9848,0.985,0.0
bhuvanabhanu,164,1,सुषणभाणुकेवलिचरियं,0.1101,0.0554,0.3007,0.0773,-0.0061
bhuvanabhanu,164,2,चउदसरज्जुसरूवम्मि लोगमज्झम्मि मेइणीनाह ! ।,0.2745,0.0889,0.7133,0.1116,-0.004
bhuvanabhanu,164,3,पगिदिपसु विगलिदिएसु तं ठाणगं नत्थि ॥२०५२॥,0.2774,0.1108,0.7267,0.1344,-0.0078
bhuvanabhanu,164,4,जल-थल-खयरपणिदिअतिरिपसु वि रूवगं न तं अत्थि ।,0.2739,0.1383,0.7774,0.1614,-0.0035
bhuvanabhanu,164,5,सब्वे जीआ जत्थ य अणंतसो नेव उप्पन्ना ॥२०५३॥,0.2756,0.1614,0.7308,0.1825,-0.0064
bhuvanabhanu,164,6,सत्तनरपसु नरगावासा सव्वे वि सव्वजीवेहिं ।,0.2739,0.1881,0.6894,0.2112,-0.0084
bhuvanabhanu,164,7,मणुएसु गामनगराइआ पुण अणंतसो 'फिट्ठा ॥२०५४॥,0.2768,0.2108,0.7512,0.2353,-0.0086
bhuvanabhanu,164,8,भवणेस-वंतर-भगण-सोहम्मेसाणदेवलोगेसु ।,0.2751,0.2383,0.6754,0.2598,-0.0044
bhuvanabhanu,164,9,जो देवो जा देवी अणंतसो तत्थ ते जाया ॥२०५५॥,0.2762,0.2611,0.7366,0.2812,-0.0051
bhuvanabhanu,164,10,जीआ सणकुमाराइनवमगेविजअंतदेवाणं ।,0.2768,0.2885,0.641,0.31,-0.0048
bhuvanabhanu,164,11,ठाणेसु अ पत्तेअं अणंतवारा समुप्पन्ना ॥२०५६॥,0.2756,0.3113,0.6882,0.334,-0.0056
bhuvanabhanu,164,12,संसारम्मि इमम्मि अ सुक्खं दुक्खं च अत्थि तं नेव ।,0.2762,0.3358,0.7535,0.3598,-0.0012
bhuvanabhanu,164,13,जीवेहिं सव्वेहि अणंतसो जं न अणुभूअं ॥२०५७॥,0.2751,0.3607,0.7098,0.383,-0.0027
bhuvanabhanu,164,14,एगेगेण जिपणं 'जइलिंगं दव्वओ इमं ताव ।,0.2768,0.3886,0.6707,0.4092,0.0
bhuvanabhanu,164,15,पडिवन्नं परिचत्तं अणंतसो भवसमुद्दम्मि ॥२०५८॥,0.2762,0.4105,0.715,0.4319,-0.0013
bhuvanabhanu,164,16,यदुक्तम्-,0.2523,0.4401,0.3502,0.4551,-0.006
bhuvanabhanu,164,17,"""संसारसागरभिणं परिब्भमंतेहिं सव्वजीवेहि ।",0.2768,0.4543,0.6772,0.4749,-0.0029
bhuvanabhanu,164,18,गहिआणि अ मुक्काणि अ अणंतसो द्व्वलिंगाई” ॥२०५९॥,0.2786,0.4775,0.7774,0.4994,-0.0012
bhuvanabhanu,164,19,एअं अणंतकालंऽतरालभवभमणभणणओ नेअं ।,0.2751,0.5054,0.6632,0.5243,-0.0015
bhuvanabhanu,164,20,सामन्नेणं अम्ह जिअस्स 'विवत्तीइ नो कहिअं ॥२०६०।।,0.2721,0.5277,0.7646,0.5474,-0.0012
bhuvanabhanu,164,21,"जेणं संखिज्जं आउअं च ""कमवट्टिणीउ वायाओ ।",0.2727,0.5552,0.7115,0.5762,-0.0013
bhuvanabhanu,164,22,भववट्टिजिअसरूवं अणंतकालेण वत्तव्यं ॥२०६१॥,0.2745,0.5779,0.6999,0.5985,-0.0014
bhuvanabhanu,164,23,तम्हा गयसरणेणं मए अणंतं दुर्ह समणुभूअं ।,0.2745,0.6054,0.6643,0.6264,-0.0015
bhuvanabhanu,164,24,तं कयकुधम्मसरणेणावि विसेसेण संपत्तं ॥२०६२॥,0.2756,0.6269,0.7075,0.6483,-0.0013
bhuvanabhanu,164,25,सिरिजिणधम्मसरणसीकारेण मए सुहाणि लहिआणि ।,0.2756,0.6544,0.7547,0.675,0.0
bhuvanabhanu,164,26,सुहदेवत्तणसुहमाणुसत्तपमुहाणि व सुहेसु ॥२०६३॥,0.2733,0.6775,0.7121,0.6982,0.0
bhuvanabhanu,164,27,तस्सरणपहावेणं ताव लहिस्संति निव्वुइसुहाई ।,0.2751,0.7033,0.6917,0.7252,0.0
bhuvanabhanu,164,28,सासयरूवाणि मए अव्वाबाहाणि इत्थभवे ॥२०६४॥,0.2721,0.7274,0.7179,0.7458,0.0
bhuvanabhanu,164,29,इअ अम्हाणं अन्नो सरणं जाओ न सम्मधम्माओ ।,0.2751,0.7544,0.7092,0.7729,0.0
bhuvanabhanu,164,30,सो चेव तुज्झ वि हविस्सइ सव्वजगजिआण हिओ ॥२०६५।।,0.2727,0.7759,0.8147,0.7965,0.0
bhuvanabhanu,164,31,अह संवेगसमागमडंतजलमंतलोअणजुगेण ।,0.2716,0.8038,0.6439,0.824,0.0
bhuvanabhanu,164,32,भणिअं भूवइणा चंदमोलिनामेण मुइएण ॥२०६६॥,0.2727,0.8257,0.6812,0.8467,0.0
bhuvanabhanu,164,33,१ स्पृष्ठाः ॥ २ भगणाः नक्षत्रगणाः ज्योतिषदेवाः ॥ ३ यतिलिङ्गम् ॥ ४ विवृत्त्या-विस्तरेण ॥,0.1544,0.8656,0.8176,0.8841,0.0
bhuvanabhanu,164,34,५ क्रमवत्तिन्यो वाचः ॥,0.1078,0.8879,0.2727,0.9051,0.0
bhuvanabhanu,164,35,Jain Education International,0.0146,0.9747,0.1841,0.9828,0.0
bhuvanabhanu,164,36,For Private & Personal Use Only,0.4196,0.9747,0.62,0.985,0.0
bhuvanabhanu,164,37,१४७,0.8508,0.055,0.8916,0.0708,0.0
bhuvanabhanu,164,38,www.jainelibrary.org,0.8584,0.9755,0.9848,0.985,0.0
bhuvanabhanu,165,1,१४८,0.1031,0.0666,0.1416,0.0812,0.0
bhuvanabhanu,165,2,सिरिइंदहंसगणिविरइयं,0.6725,0.0593,0.877,0.0786,0.0
bhuvanabhanu,165,3,गंभीरत्थमयनिअचरिअकहणपयासओ इमौ विहिओ ।,0.2727,0.1009,0.7273,0.1224,-0.0051
bhuvanabhanu,165,4,मह चिअ अणुग्गहत्थं परोवयारेगनिडेहिं ॥२०६७॥,0.271,0.1228,0.6981,0.1477,-0.0068
bhuvanabhanu,165,5,अन्नह भयवं ! भवजलहिपारगाणं च कयासकिच्वाणं ।,0.2698,0.1516,0.7308,0.1739,-0.0076
bhuvanabhanu,165,6,गुरुनायग ! तुम्हाणं पओअणं अत्थि किमिमेण ॥२०६८॥,0.2727,0.1735,0.7477,0.1975,-0.0074
bhuvanabhanu,165,7,भयवं ! जुगवं निग्गच्छंति जिआ किंपमाणया ताव ? ।,0.2698,0.2005,0.7407,0.2246,-0.0074
bhuvanabhanu,165,8,बबहारनिगोपहिं निरंतरं सिद्धिगमणेण ॥२०६९॥,0.2704,0.2237,0.6906,0.2456,-0.0083
bhuvanabhanu,165,9,"""सिज्झंति जत्तिआ खलु इहयं च ववहाररासिमज्झाओ ।",0.2716,0.2516,0.7768,0.2744,-0.0046
bhuvanabhanu,165,10,"पंति अणाइवणस्सइमज्झाओ तत्तिआ चेव"" ॥२०७०॥",0.2704,0.2731,0.7197,0.2971,-0.0052
bhuvanabhanu,165,11,राया भणेइ भयवं ! भवउ इमं केवलं जिआ सग्वे ।,0.2704,0.3018,0.7197,0.3233,-0.0052
bhuvanabhanu,165,12,तन्निग्गयाउ सिद्धिं वयंति एआवकालेणं ॥२०७१॥,0.2698,0.325,0.6976,0.3452,-0.0054
bhuvanabhanu,165,13,जंपइ जिणो नरेसर ! कइवय अप्पेण ताव कालेण ।,0.2686,0.3512,0.7191,0.3731,-0.0039
bhuvanabhanu,165,14,अवरे 'अप्पयरेणं सिद्धि गच्छंति ते जीआ ॥२०७२॥,0.2686,0.3731,0.7209,0.395,-0.0039
bhuvanabhanu,165,15,जाब परे मरुदेवासामिणिजीव व्व अप्पसमएणं ।,0.2681,0.401,0.6748,0.4216,-0.0014
bhuvanabhanu,165,16,सिज्ांति अभव्वजिआ कयाइ सिद्धिं न गच्छंति ॥२०७३॥,0.2686,0.4225,0.7669,0.4448,-0.0023
bhuvanabhanu,165,17,इअ केवलिवयणाओ धम्मसरूवं च सुणिअ संविग्गो ।,0.2698,0.4513,0.7261,0.4745,-0.0013
bhuvanabhanu,165,18,भासइ निवो मह हवउ सरणं एस सिरिजिणधम्मो ॥२०७४॥,0.2669,0.4732,0.7943,0.4951,-0.0033
bhuvanabhanu,165,19,सामिअ ! तुम्ह पसापण जणो एसो वि होउ सुहवंतो ।,0.2669,0.5011,0.75,0.5247,-0.0024
bhuvanabhanu,165,20,मोहमहारिउसेणातडिणीचंडावयारहिओ ॥२०७५॥,0.2634,0.5238,0.6719,0.5453,-0.0029
bhuvanabhanu,165,21,बलिकेवलिणा कहिअं अनुत्तमेअं न किंचि नरणाह ! ।,0.2669,0.5522,0.7191,0.5741,-0.0013
bhuvanabhanu,165,22,जिणधम्मंगीकारे को वि विलंबो न कायव्वो ॥२०७६॥,0.2657,0.5745,0.7383,0.5951,-0.0025
bhuvanabhanu,165,23,हरिसिअचित्तो राया पणमिअ जिणमाजओ निअपुरीए ।,0.2652,0.6007,0.7378,0.6247,-0.0025
bhuvanabhanu,165,24,चंदवयणाभिहाणं ठवेइ ससुअं नियपयम्मि ॥२०७७॥,0.2657,0.6239,0.6911,0.6466,-0.0027
bhuvanabhanu,165,25,कइवयकलत्त-सामंत-मंतिसहिओ गहेइ नरनाहो ।,0.2652,0.6518,0.6935,0.6741,-0.0027
bhuvanabhanu,165,26,केवलिपासम्मि वयं महाविभूईइ सुहभावो ॥२०७८॥,0.264,0.675,0.7115,0.6982,-0.0026
bhuvanabhanu,165,27,अपर्णादणेहिं जेणं सिक्खा गहिआ विमलमइपडेणं ।,0.2605,0.702,0.6906,0.7252,-0.0014
bhuvanabhanu,165,28,पढिआई चंदजल हिसंखाई पुव्वसत्थाई ॥२०७९॥,0.2646,0.7252,0.6836,0.7484,-0.0028
bhuvanabhanu,165,29,गुरुगुणनिस्सेणीए कमेण चडिओ इमो उ रायरिसी ।,0.2657,0.7535,0.7232,0.7763,-0.0013
bhuvanabhanu,165,30,समयं मुणिऊण जिणेण आयरिअठाणगे ठविओ ॥२०८०॥,0.264,0.775,0.7547,0.7995,-0.0024
bhuvanabhanu,165,31,उदेसोणवोमवेअमिअपुव्वलक्खाणि पालिऊण वयं ।,0.2669,0.8042,0.6999,0.8261,-0.0013
bhuvanabhanu,165,32,सेसं च कम्मचक्कं हणेइ मोहारिबलसक्कं ॥२०८१॥,0.2605,0.8265,0.7016,0.8471,0.0
bhuvanabhanu,165,33,१ अल्पतरेण ।। २ चतुर्दशसङ्ख्यानि ॥ ३ देशोनचत्वारिंशत् पूर्वलक्षाणि ॥,0.1463,0.8909,0.6568,0.9107,0.0
bhuvanabhanu,165,34,Jain Education International,0.0146,0.9747,0.1841,0.9828,0.0
bhuvanabhanu,165,35,For Private & Personal Use Only,0.4196,0.9747,0.62,0.985,0.0
bhuvanabhanu,165,36,www.jainelibrary.org,0.8584,0.9755,0.9848,0.985,0.0
bhuvanabhanu,166,1,भुवणभाणुकेवलिचरियं,0.109,0.058,0.303,0.079,0.0
bhuvanabhanu,166,2,सेलेसीकरणाभिहकरवालेण हयसेसकम्मरिऊ ।,0.2768,0.0923,0.6719,0.1129,-0.0015
bhuvanabhanu,166,3,चारित्तधम्मसिन्नं समुत्रई नेइ केवलिओ ॥२०८२॥,0.2756,0.1155,0.6754,0.137,-0.0029
bhuvanabhanu,166,4,निम्मलअणंतनाणाइचउक्कधरो विमुक्कतणुसंगो ।,0.278,0.143,0.6737,0.1644,-0.0029
bhuvanabhanu,166,5,निव्वुइनयरीनाहो जाओ बलिनामरायरिसी ॥२०८३॥,0.278,0.164,0.7104,0.1894,-0.004
bhuvanabhanu,166,6,पसत्थी-,0.4388,0.2044,0.5117,0.2203,0.0
bhuvanabhanu,166,7,त्तवगच्छनायगा जुगपहाणकप्पा महामहिमबंता ।,0.2739,0.2353,0.6667,0.2568,-0.003
bhuvanabhanu,166,8,सिरिसोमसुंदर गुरुत्तमा सुहं दितु संताणं ॥२०८४॥,0.2774,0.2585,0.69,0.2799,-0.0028
bhuvanabhanu,166,9,सिरिमुणिसुंदरसूरिवरा गुणरयणायरा महामुणिणो ।,0.278,0.2842,0.7145,0.3066,-0.0027
bhuvanabhanu,166,10,संतिगरसंथवेणं संतिगरा होंतु सुपसन्ना ॥२०८५॥,0.2768,0.3079,0.6783,0.3293,-0.0029
bhuvanabhanu,166,11,जायं वाइसमस्सापूरणओ सामसारयाबिरुअं ।,0.2751,0.3392,0.6731,0.3624,-0.0044
bhuvanabhanu,166,12,दक्खिणदेसे जेसि ते सिरिजयचंदस्तूरिंदा ॥२०८६॥,0.278,0.3607,0.6824,0.3843,-0.0072
bhuvanabhanu,166,13,सिरिरयणसे हरसुगुरुमुणिणो सुविआरसारगंथगरा ।,0.2786,0.389,0.6976,0.4126,-0.007
bhuvanabhanu,166,14,नाणादेसविहारेण लोअपडिबोहगा 'भंति ॥२०८७॥,0.2762,0.4105,0.7162,0.4332,-0.0079
bhuvanabhanu,166,15,सिरिउदयनंदिसूरीसरा पसीअंतु नाणदिणनाहा ।,0.2797,0.4435,0.6876,0.4672,-0.0057
bhuvanabhanu,166,16,निप्पिभावाइअगुणोवजिअजोगिंदनामधरा ॥२०८८॥,0.2809,0.4659,0.7209,0.4886,-0.0053
bhuvanabhanu,166,17,पुरुषीपयासगरखुरसुंदरतप्पंतदित्ततेअभरा ।,0.2809,0.4942,0.6474,0.5174,-0.0048
bhuvanabhanu,166,18,सिरिसूरसुंदरगुरू हवंतु भहंकरा लोप ॥ २०८९।।,0.2809,0.5165,0.6661,0.5393,-0.0076
bhuvanabhanu,166,19,सिरिलच्छीसायरसूरिणो कुणंतु कुसलाण कुसलाणि ।,0.2797,0.5479,0.7133,0.5706,-0.0054
bhuvanabhanu,166,20,गुणमणिलच्छीनिहिणो वयणकलारंजिअजणोहा ॥२०९०॥,0.2821,0.5702,0.764,0.5938,-0.006
bhuvanabhanu,166,21,सिरिसोमदेवस्तूरिवरा सुहदा संतु मे ससोहग्गा ।,0.2815,0.5985,0.6929,0.6209,-0.0071
bhuvanabhanu,166,22,बहुदेसबोहगा उवसमरसपोसगरउवएसा ॥२०९१॥,0.2797,0.6209,0.7098,0.6449,-0.0108
bhuvanabhanu,166,23,अणबज्जवजविज्ञारमणीसिररयणमंडणसमाणा ।,0.2786,0.6522,0.6859,0.6733,-0.0057
bhuvanabhanu,166,24,सिरिरयणमंडणमहागुरुणो पिअकारिणो लोए ॥२०९२॥,0.2797,0.6745,0.7267,0.6977,-0.0078
bhuvanabhanu,166,25,जञ्चकणगाभदेहा सव्वकलापुन्नसोममुहसोहा ।,0.2791,0.702,0.662,0.7265,-0.0061
bhuvanabhanu,166,26,सोमजयसूरिराया पभावगा जिणवरमयम्मि ॥२०९३॥,0.2768,0.7243,0.7214,0.7488,-0.0079
bhuvanabhanu,166,27,सिरिइंदनंदिगुरुणो गुरुगुणमाणिक्करोहण गिरिंदा ।,0.2786,0.7561,0.6894,0.7806,-0.0071
bhuvanabhanu,166,28,चारित्तरमारमणीहारा य जुगप्पहाणसमा ॥२०९४॥,0.2797,0.7793,0.711,0.8029,-0.0095
bhuvanabhanu,166,29,निगमागमसम्ममुणणपय डिअजिणधम्मराय सामज्जा ।,0.2768,0.8068,0.7331,0.8295,-0.0026
bhuvanabhanu,166,30,सिरिधम्महंसगुरुणो सुपसन्ना हुंति धन्नाणं ॥ २०९५॥,0.2809,0.8274,0.7086,0.8523,-0.0054
bhuvanabhanu,166,31,१४९,0.8467,0.0584,0.8875,0.0747,-0.0143
bhuvanabhanu,166,32,१ भान्ति ॥ २ साम्म्राज्याः ॥,0.1655,0.8909,0.3677,0.9064,0.0
bhuvanabhanu,166,33,Jain Education International,0.0146,0.9751,0.1847,0.9828,0.0
bhuvanabhanu,166,34,For Private & Personal Use Only,0.4196,0.9751,0.62,0.9845,0.0
bhuvanabhanu,166,35,www.jainelibrary.org,0.8584,0.9755,0.9848,0.985,0.0
bhuvanabhanu,167,1,१५०,0.1014,0.076,0.1416,0.0932,0.0
bhuvanabhanu,167,2,सिरिइंदहंसगणिविरइर्य,0.6737,0.0708,0.8811,0.0906,0.0
bhuvanabhanu,167,3,तेसिं सीसबरेणं वायगसिरिइंदहंसना मेणं ।,0.2716,0.1082,0.6282,0.128,-0.0016
bhuvanabhanu,167,4,उद्धरिअमिमं सिरिभुवणभाणुकेष लिमहाचरिअं ॥२०९६॥,0.2716,0.1301,0.7337,0.152,-0.0025
bhuvanabhanu,167,5,पुष्धरिसिभासिओ जो विजइ सिरिबलिनरिदसंबंधो ।,0.2739,0.1571,0.757,0.1821,-0.0048
bhuvanabhanu,167,6,तस्स चिअ पसत्थो पागयबंधेण भणिओ अ ॥ २०९७৷৷,0.2727,0.1803,0.7372,0.2014,-0.005
bhuvanabhanu,167,7,पाइअबंधो जेणं सुणंतलोआण वायगजणाणं ।,0.2692,0.2082,0.6568,0.2314,-0.0045
bhuvanabhanu,167,8,Jain Education International,0.0146,0.9751,0.1847,0.9828,0.0
bhuvanabhanu,167,9,सुहहेऊ हवइ तओ चरिअं सुहबोहमक्खायं ॥२०९८॥,0.271,0.2284,0.7273,0.2529,-0.0077
bhuvanabhanu,167,10,सपरोवयारकारणमेस मप जिणगुणाणमुच्चारो ।,0.2692,0.2576,0.683,0.2804,-0.0042
bhuvanabhanu,167,11,जर्लान हिसरे सुवसुहापमाणसंवच्छरम्मि (१५५४) कओ ॥२०९९॥,0.2686,0.2782,0.8176,0.3036,-0.0053
bhuvanabhanu,167,12,विबुहजणेहिं वाइज्जतं सिरिबलिनराहिवचरित्तं ।,0.2733,0.3074,0.6643,0.3298,-0.003
bhuvanabhanu,167,13,जाब सिरिमहावीरजिणेसरसासणमिणं जयउ ॥२१००॥,0.2698,0.3306,0.722,0.3504,-0.0013
bhuvanabhanu,167,14,॥ इति श्रीमत्तपागणनभोनभोमणिमहोपाध्याय-,0.2663,0.4388,0.6649,0.4599,-0.0015
bhuvanabhanu,167,15,श्रीधर्महंसयणिशिष्यवाचकेन्द्रश्री-,0.3386,0.4663,0.6148,0.486,-0.0042
bhuvanabhanu,167,16,इन्द्रहंसगणिविरचितं,0.3969,0.4942,0.553,0.5131,-0.0075
bhuvanabhanu,167,17,श्रीबलिनरेन्द्रचरित्रं,0.4027,0.5217,0.5443,0.5406,-0.0041
bhuvanabhanu,167,18,सम्पूर्णम् ॥छ।॥,0.4231,0.5505,0.5472,0.5719,-0.0047
bhuvanabhanu,167,19,सं.-१५५४ वर्षे बलिचरितं कृतं ॥छ॥ श्रीरस्तु ॥छ।,0.2535,0.5762,0.7016,0.5973,0.0
bhuvanabhanu,167,20,॥ ग्रंथाग्रं-२५६० ॥,0.3998,0.6067,0.5594,0.6239,0.0
bhuvanabhanu,167,21,For Private & Personal Use Only,0.4196,0.9747,0.62,0.985,0.0
bhuvanabhanu,167,22,www.jainelibrary.org,0.8584,0.9755,0.9848,0.985,0.0
bhuvanabhanu,168,1,लालभाई दलपतभाई भारतीय संस्कृति विद्यामंदिर ग्रन्थमाला,0.2203,0.1224,0.7657,0.1546,-0.0139
bhuvanabhanu,168,2,"२, ५,१५,२०, संस्कृत प्राकृत हस्तप्रत केटलोग. भाग १-४.",0.1131,0.1722,0.6346,0.1992,-0.0145
bhuvanabhanu,168,3,१६०-००,0.8048,0.1726,0.88,0.1876,-1.5708
bhuvanabhanu,168,4,३*. काव्यशिक्षा विनयचंद्रकृत. सं. डो. एच.जी. शास्त्री.,0.1148,0.1984,0.6195,0.2254,-0.0162
bhuvanabhanu,168,5,१०-००,0.8159,0.1997,0.8811,0.2147,0.0
bhuvanabhanu,168,6,४. योगशतक. हरिभद्रसूरिकृत. स्वोपज्ञवृत्ति सह.,0.1119,0.2258,0.5571,0.2525,-0.0131
bhuvanabhanu,168,7,५-००,0.8298,0.2276,0.8788,0.2392,0.0
bhuvanabhanu,168,8,"६, १६,२४, रत्नाकरावतारिका रत्नप्रभस्ररिकृता. भाग १-३०",0.1119,0.2529,0.6422,0.2791,-0.011
bhuvanabhanu,168,9,२६-००,0.817,0.2538,0.8788,0.2692,0.0
bhuvanabhanu,168,10,८. नेमिरंगरत्नाकरछंद. कवि लावण्यसमयकृत,0.1131,0.2821,0.5186,0.3057,-0.0129
bhuvanabhanu,168,11,६-००,0.8252,0.2812,0.8805,0.2958,-1.5708
bhuvanabhanu,168,12,9. The Natyadarpana of Ramchandra and,0.1131,0.31,0.5624,0.334,-0.013
bhuvanabhanu,168,13,Gunachandra: A Study,0.3648,0.3315,0.6131,0.3525,-0.0094
bhuvanabhanu,168,14,30-00,0.8129,0.3285,0.8794,0.3444,0.0
bhuvanabhanu,168,15,11. Akalanka's criticism of Dharmakirti's Philosophy.,0.1043,0.3572,0.6999,0.3839,-0.0147
bhuvanabhanu,168,16,30-00,0.8147,0.3559,0.8823,0.3718,0.0
bhuvanabhanu,168,17,१२. रत्नाकरावतारिकाद्यश्लोकशतार्थी. जिनमाणिक्यगणिकृत.,0.1031,0.3834,0.6474,0.4105,-0.0139
bhuvanabhanu,168,18,८-००,0.8246,0.3856,0.8794,0.3985,0.0
bhuvanabhanu,168,19,१३*. शब्दानुशासन. आचार्यमलयगिरिकृत,0.1026,0.4126,0.4831,0.4384,-0.0153
bhuvanabhanu,168,20,३०-००,0.8159,0.4139,0.8794,0.4277,-1.5708
bhuvanabhanu,168,21,१७. क़ल्पलताविवेक. अज्ञातकर्तृक,0.102,0.4414,0.3963,0.4659,-0.0139
bhuvanabhanu,168,22,३२-००,0.8153,0.4397,0.8776,0.4564,0.0
bhuvanabhanu,168,23,१८. निघंटुशेष हेमचंद्रकृत. श्रीवल्लभगणिकृतवृत्तिसह,0.102,0.4667,0.5577,0.4925,-0.0115
bhuvanabhanu,168,24,३०-००,0.8141,0.4689,0.8776,0.4835,-1.5708
bhuvanabhanu,168,25,१९. योगबिन्दु. आचार्यहरिभद्रसूरिक्कृत. अंग्रेजी अनुवादसह.,0.1014,0.4921,0.6358,0.52,-0.0098
bhuvanabhanu,168,26,१०-००,0.8135,0.4921,0.877,0.5088,0.0
bhuvanabhanu,168,27,"२२, शास्त्रवार्तासमुच्चय, आचार्यहरिभद्रसूरिकृत. हिंदी अनुवादसह.",0.1031,0.5195,0.6946,0.5462,-0.0079
bhuvanabhanu,168,28,२०-००,0.8118,0.5221,0.8776,0.5359,0.0
bhuvanabhanu,168,29,२३. तिलकमंजरी. पल्लीपाल धनपालकृत.,0.1014,0.55,0.4604,0.5732,-0.0114
bhuvanabhanu,168,30,१२-००,0.8124,0.547,0.8765,0.5629,0.0
bhuvanabhanu,168,31,"२५, ३३. नेमिनाहचरिउ आचार्यहरिभद्रसूरिष्कृत. भाग १-२.",0.0997,0.5741,0.6329,0.6003,-0.0087
bhuvanabhanu,168,32,८०-००,0.8106,0.5771,0.8759,0.5887,-1.5708
bhuvanabhanu,168,33,26. A Critical study of Mahapurana of Puspadanta.,0.1037,0.6033,0.6807,0.6273,-0.0101
bhuvanabhanu,168,34,30-00,0.8083,0.6011,0.8759,0.6166,0.0
bhuvanabhanu,168,35,२७. योगदृष्टिसमुच्चय हरिभद्रसूरिष्कृत. अंग्रेजी अनुबादसह,0.0997,0.6282,0.6078,0.6574,-0.0103
bhuvanabhanu,168,36,८-००,0.8228,0.6316,0.8753,0.6423,0.0
bhuvanabhanu,168,37,"28, 37. Dictionary of Prakrit Proper Names Part 1-2.",0.1014,0.6561,0.7028,0.6818,-0.0126
bhuvanabhanu,168,38,67-00,0.8083,0.6552,0.8782,0.6698,0.0
bhuvanabhanu,168,39,२९. प्रमाणवात्तिकभाष्यकारिकार्धपादस्तूची,0.0991,0.6844,0.4691,0.7067,-0.0079
bhuvanabhanu,168,40,0017,0.8263,0.6857,0.8759,0.6964,1.5708
bhuvanabhanu,168,41,३०. प्राकृत जैन कथा साहित्य. ले. डो. जगदीशचंद्र जैन.,0.1002,0.7072,0.6166,0.7355,-0.009
bhuvanabhanu,168,42,१०-००,0.8106,0.711,0.8765,0.7269,0.0
bhuvanabhanu,168,43,31. Jaina Ontology by Dr. K. K. Dixit.,0.1002,0.7389,0.5367,0.7621,-0.0107
bhuvanabhanu,168,44,30-00,0.8094,0.7364,0.8765,0.7518,0.0
bhuvanabhanu,168,45,32. The Philosophy of Sri Svaminarayana by,0.0997,0.766,0.5839,0.7892,-0.0084
bhuvanabhanu,168,46,Dr. J. A. Yajnik.,0.461,0.7883,0.648,0.8085,-0.0031
bhuvanabhanu,168,47,30-00,0.8129,0.7866,0.8765,0.8021,0.0
bhuvanabhanu,168,48,३४. अध्यात्मबिन्दु. उपाध्याय हर्षवर्द्धनकृत.,0.1002,0.8158,0.4825,0.8403,-0.0076
bhuvanabhanu,168,49,६-००,0.8205,0.8162,0.8759,0.8313,-1.5708
bhuvanabhanu,168,50,*,0.123,0.8884,0.1381,0.8961,-1.5708
bhuvanabhanu,168,51,Out of Print,0.1538,0.8849,0.2949,0.9017,-0.0041
bhuvanabhanu,168,52,Jain Education International,0.0146,0.9751,0.1841,0.9828,0.0
bhuvanabhanu,168,53,For Private & Personal Use Only,0.4196,0.9747,0.62,0.985,0.0
bhuvanabhanu,168,54,www.jainelibrary.org,0.8584,0.9755,0.9848,0.985,0.0
bhuvanabhanu,169,1,३५. न्यायमंजरीग्रन्थिभंग. चक्रधरकृत.,0.1113,0.1696,0.4528,0.1915,0.0017
bhuvanabhanu,169,2,૩૦-૩૬,0.8281,0.1752,0.8869,0.1906,1.5708
bhuvanabhanu,169,3,३६. जेसलमेरुस्थ इस्तप्रत केटलोग,0.1101,0.1984,0.4126,0.2173,0.0
bhuvanabhanu,169,4,४०-००,0.8269,0.2027,0.8869,0.2147,-1.5708
bhuvanabhanu,169,5,38. Karma and Rebirth,0.1101,0.2258,0.3735,0.243,0.0022
bhuvanabhanu,169,6,6-00,0.8351,0.228,0.8881,0.2417,0.0
bhuvanabhanu,169,7,३९. मदनरेखा आख्यायिका. जिनभद्रसूरिकृत,0.1113,0.252,0.5192,0.2722,0.0
bhuvanabhanu,169,8,४०. प्राचीन गूर्जरकाव्यसंचय,0.1113,0.2799,0.3718,0.3014,0.0022
bhuvanabhanu,169,9,41. Jaina Philosophical Tracts,0.1084,0.3079,0.4534,0.328,0.0017
bhuvanabhanu,169,10,२५-००,0.8246,0.2568,0.8864,0.2692,0.0
bhuvanabhanu,169,11,१६-००,0.8263,0.2842,0.8887,0.2988,0.0
bhuvanabhanu,169,12,16-00,0.8234,0.3083,0.8881,0.3237,0.0
bhuvanabhanu,169,13,४२. सणतुकुमारचरिय,0.1107,0.3353,0.3112,0.3551,0.0
bhuvanabhanu,169,14,८-००,0.838,0.3392,0.8858,0.3499,-1.5708
bhuvanabhanu,169,15,43. The Jaina Conception of Omniscience by,0.1072,0.3585,0.616,0.3796,0.0023
bhuvanabhanu,169,16,Dr. Ram Jee Singh,0.5221,0.3826,0.7383,0.4006,0.0
bhuvanabhanu,169,17,30-00,0.8228,0.3809,0.8864,0.3954,-0.0092
bhuvanabhanu,169,18,"44. Tattvarthasutra, Com, by Pt. Sukhlalji.",0.1119,0.4088,0.5956,0.4294,0.0012
bhuvanabhanu,169,19,32-00,0.8211,0.4083,0.8858,0.4238,0.0
bhuvanabhanu,169,20,४५. इसिभासियाई,0.1119,0.435,0.2873,0.4556,0.0
bhuvanabhanu,169,21,१६-००,0.8234,0.4375,0.8858,0.4526,0.0
bhuvanabhanu,169,22,४६. हैमनाममालाशिलोञ्छ,0.1119,0.4616,0.3444,0.4826,0.0
bhuvanabhanu,169,23,१६-००,0.8234,0.4646,0.8846,0.4796,-1.5708
bhuvanabhanu,169,24,"संबोधि (त्रैमासिक) भा. १,२,३",0.1562,0.4878,0.4575,0.5114,0.0
bhuvanabhanu,169,25,In the Press,0.2885,0.52,0.4237,0.5354,0.0
bhuvanabhanu,169,26,६०-००,0.8205,0.4921,0.8852,0.5071,0.0
bhuvanabhanu,169,27,१ न्यायमंजरी-गुजराती अनुवाद. भा. १,0.1352,0.541,0.5017,0.5612,0.0
bhuvanabhanu,169,28,२ गाहारयणकोस,0.1317,0.5698,0.2838,0.5874,0.0
bhuvanabhanu,169,29,३ ऋषिदत्तारास,0.1334,0.5955,0.2698,0.6149,0.0
bhuvanabhanu,169,30,४ शृंगारमंजरी,0.1329,0.6234,0.2646,0.6436,0.0
bhuvanabhanu,169,31,५ विलासवईकहा,0.1311,0.6492,0.2826,0.6681,0.0
bhuvanabhanu,169,32,६ लघुतत्त्वस्फोट (अंग्रेजी अनुवाद),0.1317,0.6775,0.4499,0.6994,0.0
bhuvanabhanu,169,33,7 A Modern Understanding of Advaita Vedanta,0.1334,0.7055,0.6608,0.7243,0.0
bhuvanabhanu,169,34,8 Upabrimhana and Vedic Interpretation,0.1329,0.7329,0.5822,0.7514,0.0
bhuvanabhanu,169,35,९ प्राचीन गुजराती हस्तप्रत स्तूची,0.1317,0.7591,0.4254,0.7793,0.0
bhuvanabhanu,169,36,10 Fundamentals of Ancient Indian Music and Dance,0.1212,0.7857,0.7063,0.8016,0.0
bhuvanabhanu,169,37,Jain Education International,0.0146,0.9751,0.1847,0.9828,0.0
bhuvanabhanu,169,38,For Private & Personal Use Only,0.4196,0.9747,0.62,0.985,0.0
bhuvanabhanu,169,39,www.jainelibrary.org,0.8584,0.9755,0.9848,0.985,0.0
bhuvanabhanu,170,1,Jain Education International,0.014,0.9751,0.1841,0.9824,0.0
bhuvanabhanu,170,2,For Private & Personal Use Only,0.419,0.9747,0.6206,0.985,0.0
bhuvanabhanu,170,3,www.ja v.jainelibrary.org,0.8572,0.9755,0.9854,0.9854,0.0
